[14:52:45] [main/INFO] (FabricLoader/GameProvider) Loading Minecraft 1.21.11 with Fabric Loader 0.18.4
[14:52:45] [main/DEBUG] (FabricLoader/GamePatch) Found game constructor: net.minecraft.client.main.Main -> net.minecraft.client.MinecraftClient
[14:52:45] [main/DEBUG] (FabricLoader/GamePatch) Patching game constructor <init>(Lnet/minecraft/client/RunArgs;)V
[14:52:45] [main/DEBUG] (FabricLoader/GamePatch) Run directory field is thought to be net/minecraft/client/MinecraftClient/runDirectory
[14:52:45] [main/DEBUG] (FabricLoader/GamePatch) Applying brand name hook to net/minecraft/client/ClientBrandRetriever::getClientModName
[14:52:45] [main/DEBUG] (FabricLoader/GamePatch) Applying brand name hook to net/minecraft/server/MinecraftServer::getServerModName
[14:52:45] [main/DEBUG] (FabricLoader/GamePatch) Patched 3 classs
[14:52:45] [main/DEBUG] (FabricLoader/Discovery) Mod discovery time: 31,7 ms
[14:52:45] [main/DEBUG] (FabricLoader/Resolution) Mod resolution time: 79,4 ms
[14:52:45] [main/INFO] (FabricLoader) Loading 54 mods:
	- cloth-basic-math 0.6.1
	- cloth-config 21.11.150
	- fabric-api 0.140.0+1.21.11
	- fabric-api-base 1.0.5+4ebb5c083e
	- fabric-api-lookup-api-v1 1.6.113+1fb1cde93e
	- fabric-biome-api-v1 17.1.1+4fc5413f3e
	- fabric-block-api-v1 1.1.10+4ebb5c083e
	- fabric-block-view-api-v2 1.0.39+4ebb5c083e
	- fabric-client-gametest-api-v1 4.3.5+bfe9fcf43e
	- fabric-command-api-v2 2.4.7+6b42a6003e
	- fabric-content-registries-v0 10.2.14+4fc5413f3e
	- fabric-convention-tags-v1 2.1.55+7f945d5b3e
	- fabric-convention-tags-v2 2.17.3+8ef948ba3e
	- fabric-crash-report-info-v1 0.3.23+4ebb5c083e
	- fabric-data-attachment-api-v1 1.8.43+1fb1cde93e
	- fabric-data-generation-api-v1 23.3.0+ae1056283e
	- fabric-dimensions-v1 4.0.28+4fc5413f3e
	- fabric-entity-events-v1 3.0.5+4ebb5c083e
	- fabric-events-interaction-v0 4.0.44+1fb1cde93e
	- fabric-game-rule-api-v1 2.0.3+4fc5413f3e
	- fabric-gametest-api-v1 3.1.27+4fc5413f3e
	- fabric-item-api-v1 11.5.20+d0c46b9e3e
	- fabric-item-group-api-v1 4.2.36+4fc5413f3e
	- fabric-key-binding-api-v1 1.1.7+4fc5413f3e
	- fabric-lifecycle-events-v1 2.6.15+4ebb5c083e
	- fabric-loot-api-v2 3.0.73+3f89f5a53e
	- fabric-loot-api-v3 2.0.20+78c8b4663e
	- fabric-message-api-v1 6.1.12+4ebb5c083e
	- fabric-model-loading-api-v1 6.0.12+4fc5413f3e
	- fabric-networking-api-v1 5.1.5+ae1e07683e
	- fabric-object-builder-api-v1 21.1.38+4fc5413f3e
	- fabric-particles-v1 4.2.11+4fc5413f3e
	- fabric-recipe-api-v1 8.2.3+4ebb5c083e
	- fabric-registry-sync-v0 6.2.4+4ebb5c083e
	- fabric-renderer-api-v1 8.0.0+f4ffd2e53e
	- fabric-renderer-indigo 5.0.0+f4ffd2e53e
	- fabric-rendering-fluids-v1 3.1.43+4ebb5c083e
	- fabric-rendering-v1 16.2.7+f4ffd2e53e
	- fabric-resource-conditions-api-v1 5.0.35+4fc5413f3e
	- fabric-resource-loader-v0 3.3.4+4fc5413f3e
	- fabric-resource-loader-v1 1.0.10+78c8b4663e
	- fabric-screen-api-v1 3.1.7+4ebb5c083e
	- fabric-screen-handler-api-v1 1.3.160+4fc5413f3e
	- fabric-serialization-api-v1 1.0.5+4ebb5c083e
	- fabric-sound-api-v1 1.0.51+4fc5413f3e
	- fabric-tag-api-v1 1.2.20+4fc5413f3e
	- fabric-transfer-api-v1 6.0.24+4fc5413f3e
	- fabric-transitive-access-wideners-v1 7.0.8+0107c3da3e
	- fabricloader 0.18.4
	- java 21
	- minecraft 1.21.11
	- mixinextras 0.5.0
	- modmenu 17.0.0-alpha.1
	- simplebuilding 1.2.52
[14:52:45] [main/DEBUG] (FabricLoader/Knot) Adding C:\Users\oussa\Downloads\Minecraft\Mine\custom created mods\simplebuilding\.gradle\loom-cache\remapped_mods\remapped\net\fabricmc\fabric-api\fabric-recipe-api-v1-4c864f1d\8.2.3+4ebb5c083e\fabric-recipe-api-v1-4c864f1d-8.2.3+4ebb5c083e.jar to classpath.
[14:52:45] [main/DEBUG] (FabricLoader/Knot) Adding C:\Users\oussa\Downloads\Minecraft\Mine\custom created mods\simplebuilding\.gradle\loom-cache\remapped_mods\remapped\net\fabricmc\fabric-api\fabric-data-attachment-api-v1-4c864f1d\1.8.43+1fb1cde93e\fabric-data-attachment-api-v1-4c864f1d-1.8.43+1fb1cde93e.jar to classpath.
[14:52:45] [main/DEBUG] (FabricLoader/Knot) Adding C:\Users\oussa\Downloads\Minecraft\Mine\custom created mods\simplebuilding\.gradle\loom-cache\remapped_mods\remapped\net\fabricmc\fabric-api\fabric-particles-v1-4c864f1d\4.2.11+4fc5413f3e\fabric-particles-v1-4c864f1d-4.2.11+4fc5413f3e.jar to classpath.
[14:52:45] [main/DEBUG] (FabricLoader/Knot) Adding C:\Users\oussa\Downloads\Minecraft\Mine\custom created mods\simplebuilding\.gradle\loom-cache\remapped_mods\remapped\net\fabricmc\fabric-api\fabric-api-lookup-api-v1-4c864f1d\1.6.113+1fb1cde93e\fabric-api-lookup-api-v1-4c864f1d-1.6.113+1fb1cde93e.jar to classpath.
[14:52:45] [main/DEBUG] (FabricLoader/Knot) Adding C:\Users\oussa\Downloads\Minecraft\Mine\custom created mods\simplebuilding\.gradle\loom-cache\remapped_mods\remapped\net\fabricmc\fabric-api\fabric-resource-loader-v1-4c864f1d\1.0.10+78c8b4663e\fabric-resource-loader-v1-4c864f1d-1.0.10+78c8b4663e.jar to classpath.
[14:52:45] [main/DEBUG] (FabricLoader/Knot) Adding C:\Users\oussa\Downloads\Minecraft\Mine\custom created mods\simplebuilding\.gradle\loom-cache\remapped_mods\remapped\net\fabricmc\fabric-api\fabric-gametest-api-v1-4c864f1d\3.1.27+4fc5413f3e\fabric-gametest-api-v1-4c864f1d-3.1.27+4fc5413f3e.jar to classpath.
[14:52:45] [main/DEBUG] (FabricLoader/Knot) Adding C:\Users\oussa\Downloads\Minecraft\Mine\custom created mods\simplebuilding\.gradle\loom-cache\remapped_mods\remapped\net\fabricmc\fabric-api\fabric-transfer-api-v1-4c864f1d\6.0.24+4fc5413f3e\fabric-transfer-api-v1-4c864f1d-6.0.24+4fc5413f3e.jar to classpath.
[14:52:45] [main/DEBUG] (FabricLoader/Knot) Adding C:\Users\oussa\Downloads\Minecraft\Mine\custom created mods\simplebuilding\.gradle\loom-cache\remapped_mods\remapped\net\fabricmc\fabric-api\fabric-loot-api-v2-4c864f1d\3.0.73+3f89f5a53e\fabric-loot-api-v2-4c864f1d-3.0.73+3f89f5a53e.jar to classpath.
[14:52:45] [main/DEBUG] (FabricLoader/Knot) Adding C:\Users\oussa\Downloads\Minecraft\Mine\custom created mods\simplebuilding\.gradle\loom-cache\remapped_mods\remapped\net\fabricmc\fabric-api\fabric-entity-events-v1-4c864f1d\3.0.5+4ebb5c083e\fabric-entity-events-v1-4c864f1d-3.0.5+4ebb5c083e.jar to classpath.
[14:52:45] [main/DEBUG] (FabricLoader/Knot) Adding C:\Users\oussa\Downloads\Minecraft\Mine\custom created mods\simplebuilding\.gradle\loom-cache\remapped_mods\remapped\net\fabricmc\fabric-api\fabric-item-group-api-v1-4c864f1d\4.2.36+4fc5413f3e\fabric-item-group-api-v1-4c864f1d-4.2.36+4fc5413f3e.jar to classpath.
[14:52:45] [main/DEBUG] (FabricLoader/Knot) Adding C:\Users\oussa\Downloads\Minecraft\Mine\custom created mods\simplebuilding\.gradle\loom-cache\remapped_mods\remapped\net\fabricmc\fabric-api\fabric-serialization-api-v1-4c864f1d\1.0.5+4ebb5c083e\fabric-serialization-api-v1-4c864f1d-1.0.5+4ebb5c083e.jar to classpath.
[14:52:45] [main/DEBUG] (FabricLoader/Knot) Adding C:\Users\oussa\Downloads\Minecraft\Mine\custom created mods\simplebuilding\.gradle\loom-cache\remapped_mods\remapped\net\fabricmc\fabric-api\fabric-block-api-v1-4c864f1d\1.1.10+4ebb5c083e\fabric-block-api-v1-4c864f1d-1.1.10+4ebb5c083e.jar to classpath.
[14:52:45] [main/DEBUG] (FabricLoader/Knot) Adding C:\Users\oussa\Downloads\Minecraft\Mine\custom created mods\simplebuilding\build\resources\main to classpath.
[14:52:45] [main/DEBUG] (FabricLoader/Knot) Adding C:\Users\oussa\Downloads\Minecraft\Mine\custom created mods\simplebuilding\.gradle\loom-cache\remapped_mods\remapped\net\fabricmc\fabric-api\fabric-content-registries-v0-4c864f1d\10.2.14+4fc5413f3e\fabric-content-registries-v0-4c864f1d-10.2.14+4fc5413f3e.jar to classpath.
[14:52:45] [main/DEBUG] (FabricLoader/Knot) Adding C:\Users\oussa\Downloads\Minecraft\Mine\custom created mods\simplebuilding\.gradle\loom-cache\remapped_mods\remapped\net\fabricmc\fabric-api\fabric-api-4c864f1d\0.140.0+1.21.11\fabric-api-4c864f1d-0.140.0+1.21.11.jar to classpath.
[14:52:45] [main/DEBUG] (FabricLoader/Knot) Adding C:\Users\oussa\Downloads\Minecraft\Mine\custom created mods\simplebuilding\.gradle\loom-cache\remapped_mods\remapped\net\fabricmc\fabric-api\fabric-client-gametest-api-v1-4c864f1d\4.3.5+bfe9fcf43e\fabric-client-gametest-api-v1-4c864f1d-4.3.5+bfe9fcf43e.jar to classpath.
[14:52:45] [main/DEBUG] (FabricLoader/Knot) Adding C:\Users\oussa\Downloads\Minecraft\Mine\custom created mods\simplebuilding\.gradle\loom-cache\remapped_mods\remapped\net\fabricmc\fabric-api\fabric-events-interaction-v0-4c864f1d\4.0.44+1fb1cde93e\fabric-events-interaction-v0-4c864f1d-4.0.44+1fb1cde93e.jar to classpath.
[14:52:45] [main/DEBUG] (FabricLoader/Knot) Adding C:\Users\oussa\Downloads\Minecraft\Mine\custom created mods\simplebuilding\.gradle\loom-cache\remapped_mods\remapped\net\fabricmc\fabric-api\fabric-rendering-fluids-v1-4c864f1d\3.1.43+4ebb5c083e\fabric-rendering-fluids-v1-4c864f1d-3.1.43+4ebb5c083e.jar to classpath.
[14:52:45] [main/DEBUG] (FabricLoader/Knot) Adding C:\Users\oussa\Downloads\Minecraft\Mine\custom created mods\simplebuilding\.gradle\loom-cache\remapped_mods\remapped\net\fabricmc\fabric-api\fabric-game-rule-api-v1-4c864f1d\2.0.3+4fc5413f3e\fabric-game-rule-api-v1-4c864f1d-2.0.3+4fc5413f3e.jar to classpath.
[14:52:45] [main/DEBUG] (FabricLoader/Knot) Adding C:\Users\oussa\Downloads\Minecraft\Mine\custom created mods\simplebuilding\.gradle\loom-cache\remapped_mods\remapped\net\fabricmc\fabric-api\fabric-renderer-indigo-4c864f1d\5.0.0+f4ffd2e53e\fabric-renderer-indigo-4c864f1d-5.0.0+f4ffd2e53e.jar to classpath.
[14:52:45] [main/DEBUG] (FabricLoader/Knot) Adding C:\Users\oussa\Downloads\Minecraft\Mine\custom created mods\simplebuilding\.gradle\loom-cache\remapped_mods\remapped\me\shedaniel\cloth\cloth-config-fabric-4c864f1d\21.11.150\cloth-config-fabric-4c864f1d-21.11.150-fabric.jar to classpath.
[14:52:45] [main/DEBUG] (FabricLoader/Knot) Adding C:\Users\oussa\Downloads\Minecraft\Mine\custom created mods\simplebuilding\.gradle\loom-cache\remapped_mods\remapped\net\fabricmc\fabric-api\fabric-block-view-api-v2-4c864f1d\1.0.39+4ebb5c083e\fabric-block-view-api-v2-4c864f1d-1.0.39+4ebb5c083e.jar to classpath.
[14:52:45] [main/DEBUG] (FabricLoader/Knot) Adding C:\Users\oussa\Downloads\Minecraft\Mine\custom created mods\simplebuilding\.gradle\loom-cache\remapped_mods\remapped\net\fabricmc\fabric-api\fabric-command-api-v2-4c864f1d\2.4.7+6b42a6003e\fabric-command-api-v2-4c864f1d-2.4.7+6b42a6003e.jar to classpath.
[14:52:45] [main/DEBUG] (FabricLoader/Knot) Adding C:\Users\oussa\Downloads\Minecraft\Mine\custom created mods\simplebuilding\.gradle\loom-cache\remapped_mods\remapped\net\fabricmc\fabric-api\fabric-transitive-access-wideners-v1-4c864f1d\7.0.8+0107c3da3e\fabric-transitive-access-wideners-v1-4c864f1d-7.0.8+0107c3da3e.jar to classpath.
[14:52:45] [main/DEBUG] (FabricLoader/Knot) Adding C:\Users\oussa\Downloads\Minecraft\Mine\custom created mods\simplebuilding\.gradle\loom-cache\remapped_mods\remapped\net\fabricmc\fabric-api\fabric-renderer-api-v1-4c864f1d\8.0.0+f4ffd2e53e\fabric-renderer-api-v1-4c864f1d-8.0.0+f4ffd2e53e.jar to classpath.
[14:52:45] [main/DEBUG] (FabricLoader/Knot) Adding C:\Users\oussa\Downloads\Minecraft\Mine\custom created mods\simplebuilding\.gradle\loom-cache\remapped_mods\remapped\net\fabricmc\fabric-api\fabric-screen-api-v1-4c864f1d\3.1.7+4ebb5c083e\fabric-screen-api-v1-4c864f1d-3.1.7+4ebb5c083e.jar to classpath.
[14:52:45] [main/DEBUG] (FabricLoader/Knot) Adding C:\Users\oussa\Downloads\Minecraft\Mine\custom created mods\simplebuilding\.gradle\loom-cache\remapped_mods\remapped\net\fabricmc\fabric-api\fabric-lifecycle-events-v1-4c864f1d\2.6.15+4ebb5c083e\fabric-lifecycle-events-v1-4c864f1d-2.6.15+4ebb5c083e.jar to classpath.
[14:52:45] [main/DEBUG] (FabricLoader/Knot) Adding C:\Users\oussa\.gradle\caches\modules-2\files-2.1\io.github.llamalad7\mixinextras-fabric\0.5.0\91a83dfb7abd320f6236bd1fcf5c0ff143d59a13\mixinextras-fabric-0.5.0.jar to classpath.
[14:52:45] [main/DEBUG] (FabricLoader/Knot) Adding C:\Users\oussa\Downloads\Minecraft\Mine\custom created mods\simplebuilding\.gradle\loom-cache\remapped_mods\remapped\net\fabricmc\fabric-api\fabric-api-base-4c864f1d\1.0.5+4ebb5c083e\fabric-api-base-4c864f1d-1.0.5+4ebb5c083e.jar to classpath.
[14:52:45] [main/DEBUG] (FabricLoader/Knot) Adding C:\Users\oussa\Downloads\Minecraft\Mine\custom created mods\simplebuilding\.gradle\loom-cache\remapped_mods\remapped\com\terraformersmc\modmenu-4c864f1d\17.0.0-alpha.1\modmenu-4c864f1d-17.0.0-alpha.1.jar to classpath.
[14:52:45] [main/DEBUG] (FabricLoader/Knot) Adding C:\Users\oussa\Downloads\Minecraft\Mine\custom created mods\simplebuilding\.gradle\loom-cache\remapped_mods\remapped\net\fabricmc\fabric-api\fabric-screen-handler-api-v1-4c864f1d\1.3.160+4fc5413f3e\fabric-screen-handler-api-v1-4c864f1d-1.3.160+4fc5413f3e.jar to classpath.
[14:52:45] [main/DEBUG] (FabricLoader/Knot) Adding C:\Users\oussa\Downloads\Minecraft\Mine\custom created mods\simplebuilding\.gradle\loom-cache\remapped_mods\remapped\net\fabricmc\fabric-api\fabric-sound-api-v1-4c864f1d\1.0.51+4fc5413f3e\fabric-sound-api-v1-4c864f1d-1.0.51+4fc5413f3e.jar to classpath.
[14:52:45] [main/DEBUG] (FabricLoader/Knot) Adding C:\Users\oussa\Downloads\Minecraft\Mine\custom created mods\simplebuilding\.gradle\loom-cache\remapped_mods\remapped\net\fabricmc\fabric-api\fabric-convention-tags-v2-4c864f1d\2.17.3+8ef948ba3e\fabric-convention-tags-v2-4c864f1d-2.17.3+8ef948ba3e.jar to classpath.
[14:52:45] [main/DEBUG] (FabricLoader/Knot) Adding C:\Users\oussa\Downloads\Minecraft\Mine\custom created mods\simplebuilding\.gradle\loom-cache\remapped_mods\remapped\net\fabricmc\fabric-api\fabric-item-api-v1-4c864f1d\11.5.20+d0c46b9e3e\fabric-item-api-v1-4c864f1d-11.5.20+d0c46b9e3e.jar to classpath.
[14:52:45] [main/DEBUG] (FabricLoader/Knot) Adding C:\Users\oussa\Downloads\Minecraft\Mine\custom created mods\simplebuilding\.gradle\loom-cache\remapped_mods\remapped\net\fabricmc\fabric-api\fabric-registry-sync-v0-4c864f1d\6.2.4+4ebb5c083e\fabric-registry-sync-v0-4c864f1d-6.2.4+4ebb5c083e.jar to classpath.
[14:52:45] [main/DEBUG] (FabricLoader/Knot) Adding C:\Users\oussa\Downloads\Minecraft\Mine\custom created mods\simplebuilding\.gradle\loom-cache\remapped_mods\remapped\net\fabricmc\fabric-api\fabric-resource-loader-v0-4c864f1d\3.3.4+4fc5413f3e\fabric-resource-loader-v0-4c864f1d-3.3.4+4fc5413f3e.jar to classpath.
[14:52:45] [main/DEBUG] (FabricLoader/Knot) Adding C:\Users\oussa\Downloads\Minecraft\Mine\custom created mods\simplebuilding\.gradle\loom-cache\remapped_mods\remapped\net\fabricmc\fabric-api\fabric-message-api-v1-4c864f1d\6.1.12+4ebb5c083e\fabric-message-api-v1-4c864f1d-6.1.12+4ebb5c083e.jar to classpath.
[14:52:45] [main/DEBUG] (FabricLoader/Knot) Adding C:\Users\oussa\Downloads\Minecraft\Mine\custom created mods\simplebuilding\.gradle\loom-cache\remapped_mods\remapped\net\fabricmc\fabric-api\fabric-networking-api-v1-4c864f1d\5.1.5+ae1e07683e\fabric-networking-api-v1-4c864f1d-5.1.5+ae1e07683e.jar to classpath.
[14:52:45] [main/DEBUG] (FabricLoader/Knot) Adding C:\Users\oussa\Downloads\Minecraft\Mine\custom created mods\simplebuilding\.gradle\loom-cache\remapped_mods\remapped\net\fabricmc\fabric-api\fabric-convention-tags-v1-4c864f1d\2.1.55+7f945d5b3e\fabric-convention-tags-v1-4c864f1d-2.1.55+7f945d5b3e.jar to classpath.
[14:52:45] [main/DEBUG] (FabricLoader/Knot) Adding C:\Users\oussa\Downloads\Minecraft\Mine\custom created mods\simplebuilding\.gradle\loom-cache\remapped_mods\remapped\net\fabricmc\fabric-api\fabric-object-builder-api-v1-4c864f1d\21.1.38+4fc5413f3e\fabric-object-builder-api-v1-4c864f1d-21.1.38+4fc5413f3e.jar to classpath.
[14:52:45] [main/DEBUG] (FabricLoader/Knot) Adding C:\Users\oussa\Downloads\Minecraft\Mine\custom created mods\simplebuilding\.gradle\loom-cache\remapped_mods\remapped\net\fabricmc\fabric-api\fabric-biome-api-v1-4c864f1d\17.1.1+4fc5413f3e\fabric-biome-api-v1-4c864f1d-17.1.1+4fc5413f3e.jar to classpath.
[14:52:45] [main/DEBUG] (FabricLoader/Knot) Adding C:\Users\oussa\Downloads\Minecraft\Mine\custom created mods\simplebuilding\.gradle\loom-cache\remapped_mods\remapped\net\fabricmc\fabric-api\fabric-data-generation-api-v1-4c864f1d\23.3.0+ae1056283e\fabric-data-generation-api-v1-4c864f1d-23.3.0+ae1056283e.jar to classpath.
[14:52:45] [main/DEBUG] (FabricLoader/Knot) Adding C:\Users\oussa\Downloads\Minecraft\Mine\custom created mods\simplebuilding\.gradle\loom-cache\remapped_mods\remapped\net\fabricmc\fabric-api\fabric-loot-api-v3-4c864f1d\2.0.20+78c8b4663e\fabric-loot-api-v3-4c864f1d-2.0.20+78c8b4663e.jar to classpath.
[14:52:45] [main/DEBUG] (FabricLoader/Knot) Adding C:\Users\oussa\Downloads\Minecraft\Mine\custom created mods\simplebuilding\.gradle\loom-cache\remapped_mods\remapped\me\shedaniel\cloth\basic-math-4c864f1d\0.6.1\basic-math-4c864f1d-0.6.1.jar to classpath.
[14:52:45] [main/DEBUG] (FabricLoader/Knot) Adding C:\Users\oussa\Downloads\Minecraft\Mine\custom created mods\simplebuilding\.gradle\loom-cache\remapped_mods\remapped\net\fabricmc\fabric-api\fabric-rendering-v1-4c864f1d\16.2.7+f4ffd2e53e\fabric-rendering-v1-4c864f1d-16.2.7+f4ffd2e53e.jar to classpath.
[14:52:45] [main/DEBUG] (FabricLoader/Knot) Adding C:\Users\oussa\Downloads\Minecraft\Mine\custom created mods\simplebuilding\.gradle\loom-cache\remapped_mods\remapped\net\fabricmc\fabric-api\fabric-dimensions-v1-4c864f1d\4.0.28+4fc5413f3e\fabric-dimensions-v1-4c864f1d-4.0.28+4fc5413f3e.jar to classpath.
[14:52:45] [main/DEBUG] (FabricLoader/Knot) Adding C:\Users\oussa\Downloads\Minecraft\Mine\custom created mods\simplebuilding\.gradle\loom-cache\remapped_mods\remapped\net\fabricmc\fabric-api\fabric-resource-conditions-api-v1-4c864f1d\5.0.35+4fc5413f3e\fabric-resource-conditions-api-v1-4c864f1d-5.0.35+4fc5413f3e.jar to classpath.
[14:52:45] [main/DEBUG] (FabricLoader/Knot) Adding C:\Users\oussa\Downloads\Minecraft\Mine\custom created mods\simplebuilding\.gradle\loom-cache\remapped_mods\remapped\net\fabricmc\fabric-api\fabric-crash-report-info-v1-4c864f1d\0.3.23+4ebb5c083e\fabric-crash-report-info-v1-4c864f1d-0.3.23+4ebb5c083e.jar to classpath.
[14:52:45] [main/DEBUG] (FabricLoader/Knot) Adding C:\Users\oussa\Downloads\Minecraft\Mine\custom created mods\simplebuilding\.gradle\loom-cache\remapped_mods\remapped\net\fabricmc\fabric-api\fabric-key-binding-api-v1-4c864f1d\1.1.7+4fc5413f3e\fabric-key-binding-api-v1-4c864f1d-1.1.7+4fc5413f3e.jar to classpath.
[14:52:45] [main/DEBUG] (FabricLoader/Knot) Adding C:\Users\oussa\Downloads\Minecraft\Mine\custom created mods\simplebuilding\.gradle\loom-cache\remapped_mods\remapped\net\fabricmc\fabric-api\fabric-tag-api-v1-4c864f1d\1.2.20+4fc5413f3e\fabric-tag-api-v1-4c864f1d-1.2.20+4fc5413f3e.jar to classpath.
[14:52:45] [main/DEBUG] (FabricLoader/Knot) Adding C:\Users\oussa\Downloads\Minecraft\Mine\custom created mods\simplebuilding\.gradle\loom-cache\remapped_mods\remapped\net\fabricmc\fabric-api\fabric-model-loading-api-v1-4c864f1d\6.0.12+4fc5413f3e\fabric-model-loading-api-v1-4c864f1d-6.0.12+4fc5413f3e.jar to classpath.
[14:52:45] [main/DEBUG] (FabricLoader/Entrypoint) Registering new-style initializer net.fabricmc.fabric.impl.recipe.ingredient.client.CustomIngredientSyncClient for mod fabric-recipe-api-v1 (key client)
[14:52:45] [main/DEBUG] (FabricLoader/Entrypoint) Registering new-style initializer net.fabricmc.fabric.impl.recipe.sync.client.RecipeSyncImplClient for mod fabric-recipe-api-v1 (key client)
[14:52:45] [main/DEBUG] (FabricLoader/Entrypoint) Registering new-style initializer net.fabricmc.fabric.impl.recipe.ingredient.CustomIngredientInit for mod fabric-recipe-api-v1 (key main)
[14:52:45] [main/DEBUG] (FabricLoader/Entrypoint) Registering new-style initializer net.fabricmc.fabric.impl.recipe.ingredient.CustomIngredientSync for mod fabric-recipe-api-v1 (key main)
[14:52:45] [main/DEBUG] (FabricLoader/Entrypoint) Registering new-style initializer net.fabricmc.fabric.impl.recipe.sync.RecipeSyncImpl for mod fabric-recipe-api-v1 (key main)
[14:52:45] [main/DEBUG] (FabricLoader/Entrypoint) Registering new-style initializer net.fabricmc.fabric.impl.attachment.client.AttachmentSyncClient for mod fabric-data-attachment-api-v1 (key client)
[14:52:45] [main/DEBUG] (FabricLoader/Entrypoint) Registering new-style initializer net.fabricmc.fabric.impl.attachment.AttachmentEntrypoint for mod fabric-data-attachment-api-v1 (key main)
[14:52:45] [main/DEBUG] (FabricLoader/Entrypoint) Registering new-style initializer net.fabricmc.fabric.impl.attachment.sync.AttachmentSync for mod fabric-data-attachment-api-v1 (key main)
[14:52:45] [main/DEBUG] (FabricLoader/Entrypoint) Registering new-style initializer net.fabricmc.fabric.impl.client.particle.ExtendedBlockStateParticleEffectSyncClient for mod fabric-particles-v1 (key client)
[14:52:45] [main/DEBUG] (FabricLoader/Entrypoint) Registering new-style initializer net.fabricmc.fabric.impl.particle.ExtendedBlockStateParticleEffectSync for mod fabric-particles-v1 (key main)
[14:52:45] [main/DEBUG] (FabricLoader/Entrypoint) Registering new-style initializer net.fabricmc.fabric.impl.lookup.ApiLookupImpl for mod fabric-api-lookup-api-v1 (key main)
[14:52:45] [main/DEBUG] (FabricLoader/Entrypoint) Registering new-style initializer net.fabricmc.fabric.impl.gametest.FabricGameTestModInitializer for mod fabric-gametest-api-v1 (key main)
[14:52:45] [main/DEBUG] (FabricLoader/Entrypoint) Registering new-style initializer net.fabricmc.fabric.impl.loot.v2.LootInitializer for mod fabric-loot-api-v2 (key main)
[14:52:45] [main/DEBUG] (FabricLoader/Entrypoint) Registering new-style initializer com.simplebuilding.SimplebuildingDataGenerator for mod simplebuilding (key fabric-datagen)
[14:52:45] [main/DEBUG] (FabricLoader/Entrypoint) Registering new-style initializer com.simplebuilding.compat.ModMenuIntegration for mod simplebuilding (key modmenu)
[14:52:45] [main/DEBUG] (FabricLoader/Entrypoint) Registering new-style initializer com.simplebuilding.SimplebuildingClient for mod simplebuilding (key client)
[14:52:45] [main/DEBUG] (FabricLoader/Entrypoint) Registering new-style initializer com.simplebuilding.Simplebuilding for mod simplebuilding (key main)
[14:52:45] [main/DEBUG] (FabricLoader/Entrypoint) Registering new-style initializer net.fabricmc.fabric.impl.event.interaction.InteractionEventsRouter for mod fabric-events-interaction-v0 (key main)
[14:52:45] [main/DEBUG] (FabricLoader/Entrypoint) Registering new-style initializer net.fabricmc.fabric.impl.client.indigo.Indigo for mod fabric-renderer-indigo (key client)
[14:52:45] [main/DEBUG] (FabricLoader/Entrypoint) Registering new-style initializer me.shedaniel.clothconfig2.fabric.ClothConfigModMenuDemo for mod cloth-config (key modmenu)
[14:52:45] [main/DEBUG] (FabricLoader/Entrypoint) Registering new-style initializer me.shedaniel.autoconfig.example.ExampleInits::exampleCommonInit for mod cloth-config (key client)
[14:52:45] [main/DEBUG] (FabricLoader/Entrypoint) Registering new-style initializer net.fabricmc.fabric.impl.renderer.DebugHudClient for mod fabric-renderer-api-v1 (key client)
[14:52:45] [main/DEBUG] (FabricLoader/Entrypoint) Registering new-style initializer net.fabricmc.fabric.impl.client.event.lifecycle.ClientLifecycleEventsImpl for mod fabric-lifecycle-events-v1 (key client)
[14:52:45] [main/DEBUG] (FabricLoader/Entrypoint) Registering new-style initializer net.fabricmc.fabric.impl.event.lifecycle.LifecycleEventsImpl for mod fabric-lifecycle-events-v1 (key main)
[14:52:45] [main/DEBUG] (FabricLoader/Entrypoint) Registering new-style initializer com.terraformersmc.modmenu.ModMenuModMenuCompat for mod modmenu (key modmenu)
[14:52:45] [main/DEBUG] (FabricLoader/Entrypoint) Registering new-style initializer com.terraformersmc.modmenu.ModMenu for mod modmenu (key client)
[14:52:45] [main/DEBUG] (FabricLoader/Entrypoint) Registering new-style initializer net.fabricmc.fabric.impl.screenhandler.client.ClientNetworking for mod fabric-screen-handler-api-v1 (key client)
[14:52:45] [main/DEBUG] (FabricLoader/Entrypoint) Registering new-style initializer net.fabricmc.fabric.impl.screenhandler.Networking for mod fabric-screen-handler-api-v1 (key main)
[14:52:45] [main/DEBUG] (FabricLoader/Entrypoint) Registering new-style initializer net.fabricmc.fabric.impl.tag.convention.v2.TranslationConventionLogWarnings for mod fabric-convention-tags-v2 (key main)
[14:52:45] [main/DEBUG] (FabricLoader/Entrypoint) Registering new-style initializer net.fabricmc.fabric.impl.client.registry.sync.FabricRegistryClientInit for mod fabric-registry-sync-v0 (key client)
[14:52:45] [main/DEBUG] (FabricLoader/Entrypoint) Registering new-style initializer net.fabricmc.fabric.impl.registry.sync.FabricRegistryInit for mod fabric-registry-sync-v0 (key main)
[14:52:45] [main/DEBUG] (FabricLoader/Entrypoint) Registering new-style initializer net.fabricmc.fabric.impl.networking.client.ClientNetworkingImpl::clientInit for mod fabric-networking-api-v1 (key client)
[14:52:45] [main/DEBUG] (FabricLoader/Entrypoint) Registering new-style initializer net.fabricmc.fabric.impl.networking.CommonPacketsImpl::init for mod fabric-networking-api-v1 (key main)
[14:52:45] [main/DEBUG] (FabricLoader/Entrypoint) Registering new-style initializer net.fabricmc.fabric.impl.networking.NetworkingImpl::init for mod fabric-networking-api-v1 (key main)
[14:52:45] [main/DEBUG] (FabricLoader/Entrypoint) Registering new-style initializer net.fabricmc.fabric.impl.tag.convention.ConventionLogWarnings for mod fabric-convention-tags-v1 (key main)
[14:52:45] [main/DEBUG] (FabricLoader/Entrypoint) Registering new-style initializer net.fabricmc.fabric.impl.client.rendering.hud.HudStatusBarHeightRegistryImpl for mod fabric-rendering-v1 (key client)
[14:52:45] [main/DEBUG] (FabricLoader/Entrypoint) Registering new-style initializer net.fabricmc.fabric.impl.resource.conditions.ResourceConditionsImpl for mod fabric-resource-conditions-api-v1 (key main)
[14:52:45] [main/DEBUG] (FabricLoader/Entrypoint) Registering new-style initializer net.fabricmc.fabric.impl.tag.TagInit for mod fabric-tag-api-v1 (key main)
[14:52:45] [main/DEBUG] (FabricLoader/Entrypoint) Registering new-style initializer net.fabricmc.fabric.impl.client.model.loading.CustomUnbakedBlockStateModelInit for mod fabric-model-loading-api-v1 (key client)
[14:52:46] [main/INFO] (FabricLoader/Mixin) SpongePowered MIXIN Subsystem Version=0.8.7 Source=file:/C:/Users/oussa/.gradle/caches/modules-2/files-2.1/net.fabricmc/sponge-mixin/0.17.0+mixin.0.8.7/cf31463202f72d03b0ef1e1e38e8ee71b7faaab6/sponge-mixin-0.17.0+mixin.0.8.7.jar Service=Knot/Fabric Env=CLIENT
[14:52:46] [main/DEBUG] (FabricLoader/Mixin) Initialising Mixin Platform Manager
[14:52:46] [main/DEBUG] (FabricLoader/Mixin) Adding mixin platform agents for container ContainerHandleURI(file:///C:/Users/oussa/.gradle/caches/modules-2/files-2.1/net.fabricmc/fabric-loader/0.18.4/dc4682125d5db647d6ce80a98b98945835adcd4b/fabric-loader-0.18.4.jar)
[14:52:46] [main/DEBUG] (FabricLoader/Mixin) Instancing new MixinPlatformAgentDefault for ContainerHandleURI(file:///C:/Users/oussa/.gradle/caches/modules-2/files-2.1/net.fabricmc/fabric-loader/0.18.4/dc4682125d5db647d6ce80a98b98945835adcd4b/fabric-loader-0.18.4.jar)
[14:52:46] [main/DEBUG] (FabricLoader/Mixin) MixinPlatformAgentDefault accepted container ContainerHandleURI(file:///C:/Users/oussa/.gradle/caches/modules-2/files-2.1/net.fabricmc/fabric-loader/0.18.4/dc4682125d5db647d6ce80a98b98945835adcd4b/fabric-loader-0.18.4.jar)
[14:52:46] [main/DEBUG] (FabricLoader/Mixin) Instancing new MixinPlatformAgentDefault for ContainerHandleURI(file:///C:/Users/oussa/.gradle/caches/modules-2/files-2.1/net.fabricmc/fabric-loader/0.18.4/dc4682125d5db647d6ce80a98b98945835adcd4b/fabric-loader-0.18.4.jar)
[14:52:46] [main/DEBUG] (FabricLoader/Mixin) MixinPlatformAgentDefault accepted container ContainerHandleURI(file:///C:/Users/oussa/.gradle/caches/modules-2/files-2.1/net.fabricmc/fabric-loader/0.18.4/dc4682125d5db647d6ce80a98b98945835adcd4b/fabric-loader-0.18.4.jar)
[14:52:46] [main/DEBUG] (FabricLoader/Mixin) Processing prepare() for PlatformAgent[MixinPlatformAgentDefault:ContainerHandleURI(file:///C:/Users/oussa/.gradle/caches/modules-2/files-2.1/net.fabricmc/fabric-loader/0.18.4/dc4682125d5db647d6ce80a98b98945835adcd4b/fabric-loader-0.18.4.jar)]
[14:52:46] [main/DEBUG] (FabricLoader/Mixin) Processing prepare() for PlatformAgent[MixinPlatformAgentDefault:ContainerHandleURI(file:///C:/Users/oussa/.gradle/caches/modules-2/files-2.1/net.fabricmc/fabric-loader/0.18.4/dc4682125d5db647d6ce80a98b98945835adcd4b/fabric-loader-0.18.4.jar)]
[14:52:46] [main/INFO] (FabricLoader/Mixin) Loaded Fabric development mappings for mixin remapper!
[14:52:46] [main/DEBUG] (FabricLoader/Mixin) Compatibility level JAVA_21 specified by fabric-recipe-api-v1.mixins.json is higher than the maximum level supported by this version of mixin (JAVA_13).
[14:52:46] [main/INFO] (FabricLoader/Mixin) Compatibility level set to JAVA_21
[14:52:46] [main/DEBUG] (FabricLoader/Mixin) Mixin config fabric-recipe-api-v1.mixins.json does not specify "minVersion" or "requiredFeatures" property
[14:52:46] [main/DEBUG] (FabricLoader/Mixin) Mixin config fabric-recipe-api-v1.client.mixins.json does not specify "minVersion" or "requiredFeatures" property
[14:52:46] [main/DEBUG] (FabricLoader/Mixin) Mixin config fabric-data-attachment-api-v1.mixins.json does not specify "minVersion" or "requiredFeatures" property
[14:52:46] [main/DEBUG] (FabricLoader/Mixin) Mixin config fabric-data-attachment-api-v1.client.mixins.json does not specify "minVersion" or "requiredFeatures" property
[14:52:46] [main/DEBUG] (FabricLoader/Mixin) Mixin config fabric-particles-v1.mixins.json does not specify "minVersion" or "requiredFeatures" property
[14:52:46] [main/DEBUG] (FabricLoader/Mixin) Mixin config fabric-particles-v1.client.mixins.json does not specify "minVersion" or "requiredFeatures" property
[14:52:46] [main/DEBUG] (FabricLoader/Mixin) Mixin config fabric-api-lookup-api-v1.mixins.json does not specify "minVersion" or "requiredFeatures" property
[14:52:46] [main/DEBUG] (FabricLoader/Mixin) Mixin config fabric-resource-loader-v1.mixins.json does not specify "minVersion" or "requiredFeatures" property
[14:52:46] [main/DEBUG] (FabricLoader/Mixin) Mixin config fabric-resource-loader-v1.client.mixins.json does not specify "minVersion" or "requiredFeatures" property
[14:52:46] [main/DEBUG] (FabricLoader/Mixin) Mixin config fabric-gametest-api-v1.mixins.json does not specify "minVersion" or "requiredFeatures" property
[14:52:46] [main/DEBUG] (FabricLoader/Mixin) Mixin config fabric-transfer-api-v1.mixins.json does not specify "minVersion" or "requiredFeatures" property
[14:52:46] [main/DEBUG] (FabricLoader/Mixin) Mixin config fabric-loot-api-v2.mixins.json does not specify "minVersion" or "requiredFeatures" property
[14:52:46] [main/DEBUG] (FabricLoader/Mixin) Mixin config fabric-entity-events-v1.mixins.json does not specify "minVersion" or "requiredFeatures" property
[14:52:46] [main/DEBUG] (FabricLoader/Mixin) Mixin config fabric-item-group-api-v1.mixins.json does not specify "minVersion" or "requiredFeatures" property
[14:52:46] [main/DEBUG] (FabricLoader/Mixin) Mixin config fabric-item-group-api-v1.client.mixins.json does not specify "minVersion" or "requiredFeatures" property
[14:52:46] [main/DEBUG] (FabricLoader/Mixin) Mixin config fabric-serialization-api-v1.mixins.json does not specify "minVersion" or "requiredFeatures" property
[14:52:46] [main/DEBUG] (FabricLoader/Mixin) Mixin config fabric-block-api-v1.mixins.json does not specify "minVersion" or "requiredFeatures" property
[14:52:46] [main/DEBUG] (FabricLoader/Mixin) Mixin config simplebuilding.mixins.json does not specify "minVersion" or "requiredFeatures" property
[14:52:46] [main/DEBUG] (FabricLoader/Mixin) Mixin config simplebuilding.client.mixins.json does not specify "minVersion" or "requiredFeatures" property
[14:52:46] [main/DEBUG] (FabricLoader/Mixin) Mixin config fabric-content-registries-v0.mixins.json does not specify "minVersion" or "requiredFeatures" property
[14:52:46] [main/DEBUG] (FabricLoader/Mixin) Mixin config fabric-client-gametest-api-v1.mixins.json does not specify "minVersion" or "requiredFeatures" property
[14:52:46] [main/DEBUG] (FabricLoader/Mixin) Mixin config fabric-events-interaction-v0.mixins.json does not specify "minVersion" or "requiredFeatures" property
[14:52:46] [main/DEBUG] (FabricLoader/Mixin) Mixin config fabric-events-interaction-v0.client.mixins.json does not specify "minVersion" or "requiredFeatures" property
[14:52:46] [main/DEBUG] (FabricLoader/Mixin) Mixin config fabric-rendering-fluids-v1.mixins.json does not specify "minVersion" or "requiredFeatures" property
[14:52:46] [main/DEBUG] (FabricLoader/Mixin) Mixin config fabric-game-rule-api-v1.mixins.json does not specify "minVersion" or "requiredFeatures" property
[14:52:46] [main/DEBUG] (FabricLoader/Mixin) Mixin config fabric-game-rule-api-v1.client.mixins.json does not specify "minVersion" or "requiredFeatures" property
[14:52:46] [main/DEBUG] (FabricLoader/Mixin) Mixin config fabric-renderer-indigo.mixins.json does not specify "minVersion" or "requiredFeatures" property
[14:52:46] [main/DEBUG] (FabricLoader/Mixin) Mixin config fabric-block-view-api-v2.mixins.json does not specify "minVersion" or "requiredFeatures" property
[14:52:46] [main/DEBUG] (FabricLoader/Mixin) Mixin config fabric-block-view-api-v2.client.mixins.json does not specify "minVersion" or "requiredFeatures" property
[14:52:46] [main/DEBUG] (FabricLoader/Mixin) Mixin config fabric-command-api-v2.mixins.json does not specify "minVersion" or "requiredFeatures" property
[14:52:46] [main/DEBUG] (FabricLoader/Mixin) Mixin config fabric-command-api-v2.client.mixins.json does not specify "minVersion" or "requiredFeatures" property
[14:52:46] [main/DEBUG] (FabricLoader/Mixin) Mixin config fabric-renderer-api-v1.mixins.json does not specify "minVersion" or "requiredFeatures" property
[14:52:46] [main/DEBUG] (FabricLoader/Mixin) Mixin config fabric-screen-api-v1.mixins.json does not specify "minVersion" or "requiredFeatures" property
[14:52:46] [main/DEBUG] (FabricLoader/Mixin) Mixin config fabric-lifecycle-events-v1.mixins.json does not specify "minVersion" or "requiredFeatures" property
[14:52:46] [main/DEBUG] (FabricLoader/Mixin) Mixin config fabric-lifecycle-events-v1.client.mixins.json does not specify "minVersion" or "requiredFeatures" property
[14:52:46] [main/DEBUG] (FabricLoader/Mixin) Mixin config fabric-screen-handler-api-v1.mixins.json does not specify "minVersion" or "requiredFeatures" property
[14:52:46] [main/DEBUG] (FabricLoader/Mixin) Mixin config fabric-sound-api-v1.mixins.json does not specify "minVersion" or "requiredFeatures" property
[14:52:46] [main/DEBUG] (FabricLoader/Mixin) Mixin config fabric-convention-tags-api-v2.mixins.json does not specify "minVersion" or "requiredFeatures" property
[14:52:46] [main/DEBUG] (FabricLoader/Mixin) Mixin config fabric-item-api-v1.mixins.json does not specify "minVersion" or "requiredFeatures" property
[14:52:46] [main/DEBUG] (FabricLoader/Mixin) Mixin config fabric-item-api-v1.client.mixins.json does not specify "minVersion" or "requiredFeatures" property
[14:52:46] [main/DEBUG] (FabricLoader/Mixin) Mixin config fabric-registry-sync-v0.mixins.json does not specify "minVersion" or "requiredFeatures" property
[14:52:46] [main/DEBUG] (FabricLoader/Mixin) Mixin config fabric-registry-sync-v0.client.mixins.json does not specify "minVersion" or "requiredFeatures" property
[14:52:46] [main/DEBUG] (FabricLoader/Mixin) Mixin config fabric-message-api-v1.mixins.json does not specify "minVersion" or "requiredFeatures" property
[14:52:46] [main/DEBUG] (FabricLoader/Mixin) Mixin config fabric-message-api-v1.client.mixins.json does not specify "minVersion" or "requiredFeatures" property
[14:52:46] [main/DEBUG] (FabricLoader/Mixin) Mixin config fabric-networking-api-v1.mixins.json does not specify "minVersion" or "requiredFeatures" property
[14:52:46] [main/DEBUG] (FabricLoader/Mixin) Mixin config fabric-networking-api-v1.client.mixins.json does not specify "minVersion" or "requiredFeatures" property
[14:52:46] [main/DEBUG] (FabricLoader/Mixin) Mixin config fabric-object-builder-v1.mixins.json does not specify "minVersion" or "requiredFeatures" property
[14:52:46] [main/DEBUG] (FabricLoader/Mixin) Mixin config fabric-object-builder-v1.client.mixins.json does not specify "minVersion" or "requiredFeatures" property
[14:52:46] [main/DEBUG] (FabricLoader/Mixin) Mixin config fabric-biome-api-v1.mixins.json does not specify "minVersion" or "requiredFeatures" property
[14:52:46] [main/DEBUG] (FabricLoader/Mixin) Mixin config fabric-data-generation-api-v1.mixins.json does not specify "minVersion" or "requiredFeatures" property
[14:52:46] [main/DEBUG] (FabricLoader/Mixin) Mixin config fabric-data-generation-api-v1.client.mixins.json does not specify "minVersion" or "requiredFeatures" property
[14:52:46] [main/DEBUG] (FabricLoader/Mixin) Mixin config fabric-loot-api-v3.mixins.json does not specify "minVersion" or "requiredFeatures" property
[14:52:46] [main/DEBUG] (FabricLoader/Mixin) Mixin config fabric-rendering-v1.mixins.json does not specify "minVersion" or "requiredFeatures" property
[14:52:46] [main/DEBUG] (FabricLoader/Mixin) Mixin config fabric-dimensions-v1.mixins.json does not specify "minVersion" or "requiredFeatures" property
[14:52:46] [main/DEBUG] (FabricLoader/Mixin) Mixin config fabric-resource-conditions-api-v1.mixins.json does not specify "minVersion" or "requiredFeatures" property
[14:52:46] [main/DEBUG] (FabricLoader/Mixin) Mixin config fabric-crash-report-info-v1.mixins.json does not specify "minVersion" or "requiredFeatures" property
[14:52:46] [main/DEBUG] (FabricLoader/Mixin) Mixin config fabric-key-binding-api-v1.mixins.json does not specify "minVersion" or "requiredFeatures" property
[14:52:46] [main/DEBUG] (FabricLoader/Mixin) Mixin config fabric-tag-api-v1.mixins.json does not specify "minVersion" or "requiredFeatures" property
[14:52:46] [main/DEBUG] (FabricLoader/Mixin) Mixin config fabric-model-loading-api-v1.mixins.json does not specify "minVersion" or "requiredFeatures" property
[14:52:46] [main/DEBUG] (FabricLoader/Knot) Adding C:\Users\oussa\Downloads\Minecraft\Mine\custom created mods\simplebuilding\.gradle\loom-cache\minecraftMaven\net\minecraft\minecraft-merged-02d869cf4f\1.21.11-net.fabricmc.yarn.1_21_11.1.21.11+build.3-v2\minecraft-merged-02d869cf4f-1.21.11-net.fabricmc.yarn.1_21_11.1.21.11+build.3-v2.jar to classpath.
[14:52:46] [main/DEBUG] (FabricLoader/Knot) Adding C:\Users\oussa\Downloads\Minecraft\Mine\custom created mods\simplebuilding\build\classes\java\main to classpath.
[14:52:46] [main/DEBUG] (FabricLoader/Knot) Adding C:\Users\oussa\Downloads\Minecraft\Mine\custom created mods\simplebuilding\build\resources\main to classpath.
[14:52:46] [main/DEBUG] (FabricLoader/Knot) Adding C:\Users\oussa\.gradle\caches\fabric-loom\1.21.11\net.fabricmc.yarn.1_21_11.1.21.11+build.3-v2\mappings.jar to classpath.
[14:52:46] [main/DEBUG] (FabricLoader/Knot) Adding C:\Users\oussa\.gradle\caches\modules-2\files-2.1\io.github.llamalad7\mixinextras-fabric\0.5.0\91a83dfb7abd320f6236bd1fcf5c0ff143d59a13\mixinextras-fabric-0.5.0.jar to classpath.
[14:52:46] [main/DEBUG] (FabricLoader/Knot) Adding C:\Users\oussa\.gradle\caches\modules-2\files-2.1\net.fabricmc\dev-launch-injector\0.2.1+build.8\da8bef7e6e2f952da707f282bdb46882a0fce5e3\dev-launch-injector-0.2.1+build.8.jar to classpath.
[14:52:46] [main/DEBUG] (FabricLoader/Knot) Adding C:\Users\oussa\.gradle\caches\modules-2\files-2.1\at.yawk.lz4\lz4-java\1.8.1\1f30a180ee04ccd53339a716aec13cae60a013b5\lz4-java-1.8.1.jar to classpath.
[14:52:46] [main/DEBUG] (FabricLoader/Knot) Adding C:\Users\oussa\.gradle\caches\modules-2\files-2.1\com.azure\azure-json\1.4.0\fcc1d354dbc3e0300e5276b1bf124d0247799cd8\azure-json-1.4.0.jar to classpath.
[14:52:46] [main/DEBUG] (FabricLoader/Knot) Adding C:\Users\oussa\.gradle\caches\modules-2\files-2.1\com.github.oshi\oshi-core\6.9.0\3224870731860cfcd7744581a05b559e94291e7\oshi-core-6.9.0.jar to classpath.
[14:52:46] [main/DEBUG] (FabricLoader/Knot) Adding C:\Users\oussa\.gradle\caches\modules-2\files-2.1\com.google.guava\failureaccess\1.0.3\aeaffd00d57023a2c947393ed251f0354f0985fc\failureaccess-1.0.3.jar to classpath.
[14:52:46] [main/DEBUG] (FabricLoader/Knot) Adding C:\Users\oussa\.gradle\caches\modules-2\files-2.1\com.google.guava\guava\33.5.0-jre\8699de25f2f979108d6c1b804a7ba38cda1116bc\guava-33.5.0-jre.jar to classpath.
[14:52:46] [main/DEBUG] (FabricLoader/Knot) Adding C:\Users\oussa\.gradle\caches\modules-2\files-2.1\com.ibm.icu\icu4j\77.1\38693cf0b1d7362a8b726af74dc06026a7c23809\icu4j-77.1.jar to classpath.
[14:52:46] [main/DEBUG] (FabricLoader/Knot) Adding C:\Users\oussa\.gradle\caches\modules-2\files-2.1\com.microsoft.azure\msal4j\1.23.1\6c722b514873b24a4e1ce9c22dca36ea3c22bdbe\msal4j-1.23.1.jar to classpath.
[14:52:46] [main/DEBUG] (FabricLoader/Knot) Adding C:\Users\oussa\.gradle\caches\modules-2\files-2.1\com.mojang\blocklist\1.0.10\5c685c5ffa94c4cd39496c7184c1d122e515ecef\blocklist-1.0.10.jar to classpath.
[14:52:46] [main/DEBUG] (FabricLoader/Knot) Adding C:\Users\oussa\.gradle\caches\modules-2\files-2.1\com.mojang\brigadier\1.3.10\d15b53a14cf20fdcaa98f731af5dda654452c010\brigadier-1.3.10.jar to classpath.
[14:52:46] [main/DEBUG] (FabricLoader/Knot) Adding C:\Users\oussa\.gradle\caches\modules-2\files-2.1\com.mojang\datafixerupper\9.0.19\4e91f9712fa1e83231d1501625381b0210a977da\datafixerupper-9.0.19.jar to classpath.
[14:52:46] [main/DEBUG] (FabricLoader/Knot) Adding C:\Users\oussa\.gradle\caches\modules-2\files-2.1\com.mojang\jtracy\1.0.37\a3fb649b2e2b2288d2978f0b0bc3d83f62809d1e\jtracy-1.0.37.jar to classpath.
[14:52:46] [main/DEBUG] (FabricLoader/Knot) Adding C:\Users\oussa\.gradle\caches\modules-2\files-2.1\com.mojang\jtracy\1.0.37\6ff6d710fd4ffd470f2799653fab57e27fed0c9d\jtracy-1.0.37-natives-windows.jar to classpath.
[14:52:46] [main/DEBUG] (FabricLoader/Knot) Adding C:\Users\oussa\.gradle\caches\modules-2\files-2.1\com.mojang\patchy\2.2.10\da05971b07cbb379d002cf7eaec6a2048211fefc\patchy-2.2.10.jar to classpath.
[14:52:46] [main/DEBUG] (FabricLoader/Knot) Adding C:\Users\oussa\.gradle\caches\modules-2\files-2.1\com.mojang\text2speech\1.18.11\e853a12cdd6ba4f4836e8f4bf3b37844a13482b6\text2speech-1.18.11.jar to classpath.
[14:52:46] [main/DEBUG] (FabricLoader/Knot) Adding C:\Users\oussa\.gradle\caches\modules-2\files-2.1\commons-codec\commons-codec\1.19.0\8c0dbe3ae883fceda9b50a6c76e745e548073388\commons-codec-1.19.0.jar to classpath.
[14:52:46] [main/DEBUG] (FabricLoader/Knot) Adding C:\Users\oussa\.gradle\caches\modules-2\files-2.1\commons-io\commons-io\2.20.0\36f3474daec2849c149e877614e7f979b2082cd2\commons-io-2.20.0.jar to classpath.
[14:52:46] [main/DEBUG] (FabricLoader/Knot) Adding C:\Users\oussa\.gradle\caches\modules-2\files-2.1\io.netty\netty-buffer\4.2.7.Final\5555ff561643bf2f8430fb57c24403c0efe15994\netty-buffer-4.2.7.Final.jar to classpath.
[14:52:46] [main/DEBUG] (FabricLoader/Knot) Adding C:\Users\oussa\.gradle\caches\modules-2\files-2.1\io.netty\netty-codec-base\4.2.7.Final\915e381ebabcf115f1c7ff7032d55c48afb50210\netty-codec-base-4.2.7.Final.jar to classpath.
[14:52:46] [main/DEBUG] (FabricLoader/Knot) Adding C:\Users\oussa\.gradle\caches\modules-2\files-2.1\io.netty\netty-codec-compression\4.2.7.Final\572341bc1ca90fd9d6e47f1d2694aab5258566e9\netty-codec-compression-4.2.7.Final.jar to classpath.
[14:52:46] [main/DEBUG] (FabricLoader/Knot) Adding C:\Users\oussa\.gradle\caches\modules-2\files-2.1\io.netty\netty-codec-http\4.2.7.Final\b734c108854099c421fd94d92d9f865e4d4da853\netty-codec-http-4.2.7.Final.jar to classpath.
[14:52:46] [main/DEBUG] (FabricLoader/Knot) Adding C:\Users\oussa\.gradle\caches\modules-2\files-2.1\io.netty\netty-common\4.2.7.Final\11aa30df26af4fca3239ac1917f303a280f301e1\netty-common-4.2.7.Final.jar to classpath.
[14:52:46] [main/DEBUG] (FabricLoader/Knot) Adding C:\Users\oussa\.gradle\caches\modules-2\files-2.1\io.netty\netty-handler\4.2.7.Final\7ad8a1f851e2e6fe93cdd091871fda2b81c03b5b\netty-handler-4.2.7.Final.jar to classpath.
[14:52:46] [main/DEBUG] (FabricLoader/Knot) Adding C:\Users\oussa\.gradle\caches\modules-2\files-2.1\io.netty\netty-resolver\4.2.7.Final\5f3e5ef8de03992cd4fb46960dc0085ec1a12a12\netty-resolver-4.2.7.Final.jar to classpath.
[14:52:46] [main/DEBUG] (FabricLoader/Knot) Adding C:\Users\oussa\.gradle\caches\modules-2\files-2.1\io.netty\netty-transport-classes-epoll\4.2.7.Final\1075c09f48a78eef9d819fbfd9096b903fdd362a\netty-transport-classes-epoll-4.2.7.Final.jar to classpath.
[14:52:46] [main/DEBUG] (FabricLoader/Knot) Adding C:\Users\oussa\.gradle\caches\modules-2\files-2.1\io.netty\netty-transport-classes-kqueue\4.2.7.Final\bdec7c23c75caabd848426d073c09568e8d5f94e\netty-transport-classes-kqueue-4.2.7.Final.jar to classpath.
[14:52:46] [main/DEBUG] (FabricLoader/Knot) Adding C:\Users\oussa\.gradle\caches\modules-2\files-2.1\io.netty\netty-transport-native-unix-common\4.2.7.Final\89953f04259ea7502cffb313630dd51e00e60669\netty-transport-native-unix-common-4.2.7.Final.jar to classpath.
[14:52:46] [main/DEBUG] (FabricLoader/Knot) Adding C:\Users\oussa\.gradle\caches\modules-2\files-2.1\io.netty\netty-transport\4.2.7.Final\83ea548981d0d8c4a98027cc1a6f9624f902e142\netty-transport-4.2.7.Final.jar to classpath.
[14:52:46] [main/DEBUG] (FabricLoader/Knot) Adding C:\Users\oussa\.gradle\caches\modules-2\files-2.1\it.unimi.dsi\fastutil\8.5.18\a6cff377eecc19c2037bf31568a6d7106b50ba1f\fastutil-8.5.18.jar to classpath.
[14:52:46] [main/DEBUG] (FabricLoader/Knot) Adding C:\Users\oussa\.gradle\caches\modules-2\files-2.1\net.java.dev.jna\jna-platform\5.17.0\a4934c44d25a9d8c2ddf4203affd20330cb3426f\jna-platform-5.17.0.jar to classpath.
[14:52:46] [main/DEBUG] (FabricLoader/Knot) Adding C:\Users\oussa\.gradle\caches\modules-2\files-2.1\net.java.dev.jna\jna\5.17.0\33d12735bef894440780fce64f9758d420c7bae2\jna-5.17.0.jar to classpath.
[14:52:46] [main/DEBUG] (FabricLoader/Knot) Adding C:\Users\oussa\.gradle\caches\modules-2\files-2.1\net.sf.jopt-simple\jopt-simple\5.0.4\4fdac2fbe92dfad86aa6e9301736f6b4342a3f5c\jopt-simple-5.0.4.jar to classpath.
[14:52:46] [main/DEBUG] (FabricLoader/Knot) Adding C:\Users\oussa\.gradle\caches\modules-2\files-2.1\org.apache.commons\commons-compress\1.28.0\e482f2c7a88dac3c497e96aa420b6a769f59c8d7\commons-compress-1.28.0.jar to classpath.
[14:52:46] [main/DEBUG] (FabricLoader/Knot) Adding C:\Users\oussa\.gradle\caches\modules-2\files-2.1\org.apache.commons\commons-lang3\3.19.0\d6524b169a6574cd253760c472d419b47bfd37e6\commons-lang3-3.19.0.jar to classpath.
[14:52:46] [main/DEBUG] (FabricLoader/Knot) Adding C:\Users\oussa\.gradle\caches\modules-2\files-2.1\org.jcraft\jorbis\0.0.17\8872d22b293e8f5d7d56ff92be966e6dc28ebdc6\jorbis-0.0.17.jar to classpath.
[14:52:46] [main/DEBUG] (FabricLoader/Knot) Adding C:\Users\oussa\.gradle\caches\modules-2\files-2.1\org.joml\joml\1.10.8\fc0a71dad90a2cf41d82a76156a0e700af8e4f8d\joml-1.10.8.jar to classpath.
[14:52:46] [main/DEBUG] (FabricLoader/Knot) Adding C:\Users\oussa\.gradle\caches\modules-2\files-2.1\org.jspecify\jspecify\1.0.0\7425a601c1c7ec76645a78d22b8c6a627edee507\jspecify-1.0.0.jar to classpath.
[14:52:46] [main/DEBUG] (FabricLoader/Knot) Adding C:\Users\oussa\.gradle\caches\modules-2\files-2.1\org.lwjgl\lwjgl-freetype\3.3.3\a0db6c84a8becc8ca05f9dbfa985edc348a824c7\lwjgl-freetype-3.3.3.jar to classpath.
[14:52:46] [main/DEBUG] (FabricLoader/Knot) Adding C:\Users\oussa\.gradle\caches\modules-2\files-2.1\org.lwjgl\lwjgl-freetype\3.3.3\81091b006dbb43fab04c8c638e9ac87c51b4096d\lwjgl-freetype-3.3.3-natives-windows.jar to classpath.
[14:52:46] [main/DEBUG] (FabricLoader/Knot) Adding C:\Users\oussa\.gradle\caches\modules-2\files-2.1\org.lwjgl\lwjgl-freetype\3.3.3\82028265a0a2ff33523ca75137ada7dc176e5210\lwjgl-freetype-3.3.3-natives-windows-arm64.jar to classpath.
[14:52:46] [main/DEBUG] (FabricLoader/Knot) Adding C:\Users\oussa\.gradle\caches\modules-2\files-2.1\org.lwjgl\lwjgl-freetype\3.3.3\15a8c1de7f51d07a92eae7ce1222557073a0c0c3\lwjgl-freetype-3.3.3-natives-windows-x86.jar to classpath.
[14:52:46] [main/DEBUG] (FabricLoader/Knot) Adding C:\Users\oussa\.gradle\caches\modules-2\files-2.1\org.lwjgl\lwjgl-glfw\3.3.3\efa1eb78c5ccd840e9f329717109b5e892d72f8e\lwjgl-glfw-3.3.3.jar to classpath.
[14:52:46] [main/DEBUG] (FabricLoader/Knot) Adding C:\Users\oussa\.gradle\caches\modules-2\files-2.1\org.lwjgl\lwjgl-glfw\3.3.3\e449e28b4891fc423c54c85fbc5bb0b9efece67a\lwjgl-glfw-3.3.3-natives-windows.jar to classpath.
[14:52:46] [main/DEBUG] (FabricLoader/Knot) Adding C:\Users\oussa\.gradle\caches\modules-2\files-2.1\org.lwjgl\lwjgl-glfw\3.3.3\f27018dc74f6289574502b46cce55d52817554e2\lwjgl-glfw-3.3.3-natives-windows-arm64.jar to classpath.
[14:52:46] [main/DEBUG] (FabricLoader/Knot) Adding C:\Users\oussa\.gradle\caches\modules-2\files-2.1\org.lwjgl\lwjgl-glfw\3.3.3\32334f3fd5270a59bad9939a93115acb6de36dcf\lwjgl-glfw-3.3.3-natives-windows-x86.jar to classpath.
[14:52:46] [main/DEBUG] (FabricLoader/Knot) Adding C:\Users\oussa\.gradle\caches\modules-2\files-2.1\org.lwjgl\lwjgl-jemalloc\3.3.3\b543467b7ff3c6920539a88ee602d34098628be5\lwjgl-jemalloc-3.3.3.jar to classpath.
[14:52:46] [main/DEBUG] (FabricLoader/Knot) Adding C:\Users\oussa\.gradle\caches\modules-2\files-2.1\org.lwjgl\lwjgl-jemalloc\3.3.3\426222fc027602a5f21b9c0fe79cde6a4c7a011f\lwjgl-jemalloc-3.3.3-natives-windows.jar to classpath.
[14:52:46] [main/DEBUG] (FabricLoader/Knot) Adding C:\Users\oussa\.gradle\caches\modules-2\files-2.1\org.lwjgl\lwjgl-jemalloc\3.3.3\ba1f3fed0ee4be0217eaa41c5bbfb4b9b1383c33\lwjgl-jemalloc-3.3.3-natives-windows-arm64.jar to classpath.
[14:52:46] [main/DEBUG] (FabricLoader/Knot) Adding C:\Users\oussa\.gradle\caches\modules-2\files-2.1\org.lwjgl\lwjgl-jemalloc\3.3.3\f6063b6e0f23be483c5c88d84ce51b39dc69126c\lwjgl-jemalloc-3.3.3-natives-windows-x86.jar to classpath.
[14:52:46] [main/DEBUG] (FabricLoader/Knot) Adding C:\Users\oussa\.gradle\caches\modules-2\files-2.1\org.lwjgl\lwjgl-openal\3.3.3\daada81ceb5fc0c291fbfdd4433cb8d9423577f2\lwjgl-openal-3.3.3.jar to classpath.
[14:52:46] [main/DEBUG] (FabricLoader/Knot) Adding C:\Users\oussa\.gradle\caches\modules-2\files-2.1\org.lwjgl\lwjgl-openal\3.3.3\cf83862ae95d98496b26915024c7e666d8ab1c8f\lwjgl-openal-3.3.3-natives-windows.jar to classpath.
[14:52:46] [main/DEBUG] (FabricLoader/Knot) Adding C:\Users\oussa\.gradle\caches\modules-2\files-2.1\org.lwjgl\lwjgl-openal\3.3.3\8e0615235116b9e4160dfe87bec90f5f6378bf72\lwjgl-openal-3.3.3-natives-windows-arm64.jar to classpath.
[14:52:46] [main/DEBUG] (FabricLoader/Knot) Adding C:\Users\oussa\.gradle\caches\modules-2\files-2.1\org.lwjgl\lwjgl-openal\3.3.3\87b8d5050e3adb46bb58fe1cb2669a4a48fce10d\lwjgl-openal-3.3.3-natives-windows-x86.jar to classpath.
[14:52:46] [main/DEBUG] (FabricLoader/Knot) Adding C:\Users\oussa\.gradle\caches\modules-2\files-2.1\org.lwjgl\lwjgl-opengl\3.3.3\2f6b0147078396a58979125a4c947664e98293a\lwjgl-opengl-3.3.3.jar to classpath.
[14:52:46] [main/DEBUG] (FabricLoader/Knot) Adding C:\Users\oussa\.gradle\caches\modules-2\files-2.1\org.lwjgl\lwjgl-opengl\3.3.3\e6c1eec8be8a71951b830a4d69efc01c6531900c\lwjgl-opengl-3.3.3-natives-windows.jar to classpath.
[14:52:46] [main/DEBUG] (FabricLoader/Knot) Adding C:\Users\oussa\.gradle\caches\modules-2\files-2.1\org.lwjgl\lwjgl-opengl\3.3.3\65e956d3735a1abdc82eff4baec1b61174697d4b\lwjgl-opengl-3.3.3-natives-windows-arm64.jar to classpath.
[14:52:46] [main/DEBUG] (FabricLoader/Knot) Adding C:\Users\oussa\.gradle\caches\modules-2\files-2.1\org.lwjgl\lwjgl-opengl\3.3.3\d32d833dcaa2f355a886eaf21f0408b5f03241d\lwjgl-opengl-3.3.3-natives-windows-x86.jar to classpath.
[14:52:46] [main/DEBUG] (FabricLoader/Knot) Adding C:\Users\oussa\.gradle\caches\modules-2\files-2.1\org.lwjgl\lwjgl-stb\3.3.3\25dd6161988d7e65f71d5065c99902402ee32746\lwjgl-stb-3.3.3.jar to classpath.
[14:52:46] [main/DEBUG] (FabricLoader/Knot) Adding C:\Users\oussa\.gradle\caches\modules-2\files-2.1\org.lwjgl\lwjgl-stb\3.3.3\1d9facdf6541de114b0f963be33505b7679c78cb\lwjgl-stb-3.3.3-natives-windows.jar to classpath.
[14:52:46] [main/DEBUG] (FabricLoader/Knot) Adding C:\Users\oussa\.gradle\caches\modules-2\files-2.1\org.lwjgl\lwjgl-stb\3.3.3\a584ab44de569708871f0a79561f4d8c37487f2c\lwjgl-stb-3.3.3-natives-windows-arm64.jar to classpath.
[14:52:46] [main/DEBUG] (FabricLoader/Knot) Adding C:\Users\oussa\.gradle\caches\modules-2\files-2.1\org.lwjgl\lwjgl-stb\3.3.3\b5c874687b9aac1a936501d4ed2c49567fd1b575\lwjgl-stb-3.3.3-natives-windows-x86.jar to classpath.
[14:52:46] [main/DEBUG] (FabricLoader/Knot) Adding C:\Users\oussa\.gradle\caches\modules-2\files-2.1\org.lwjgl\lwjgl-tinyfd\3.3.3\82d755ca94b102e9ca77283b9e2dc46d1b15fbe5\lwjgl-tinyfd-3.3.3.jar to classpath.
[14:52:46] [main/DEBUG] (FabricLoader/Knot) Adding C:\Users\oussa\.gradle\caches\modules-2\files-2.1\org.lwjgl\lwjgl-tinyfd\3.3.3\a6697981b0449a5087c1d546fc08b4f73e8f98c9\lwjgl-tinyfd-3.3.3-natives-windows.jar to classpath.
[14:52:46] [main/DEBUG] (FabricLoader/Knot) Adding C:\Users\oussa\.gradle\caches\modules-2\files-2.1\org.lwjgl\lwjgl-tinyfd\3.3.3\a88c494f3006eb91a7433b12a3a55a9a6c20788b\lwjgl-tinyfd-3.3.3-natives-windows-arm64.jar to classpath.
[14:52:46] [main/DEBUG] (FabricLoader/Knot) Adding C:\Users\oussa\.gradle\caches\modules-2\files-2.1\org.lwjgl\lwjgl-tinyfd\3.3.3\c336c84ee88cccb495c6ffa112395509e7378e8a\lwjgl-tinyfd-3.3.3-natives-windows-x86.jar to classpath.
[14:52:46] [main/DEBUG] (FabricLoader/Knot) Adding C:\Users\oussa\.gradle\caches\modules-2\files-2.1\org.lwjgl\lwjgl\3.3.3\29589b5f87ed335a6c7e7ee6a5775f81f97ecb84\lwjgl-3.3.3.jar to classpath.
[14:52:46] [main/DEBUG] (FabricLoader/Knot) Adding C:\Users\oussa\.gradle\caches\modules-2\files-2.1\org.lwjgl\lwjgl\3.3.3\a5ed18a2b82fc91b81f40d717cb1f64c9dcb0540\lwjgl-3.3.3-natives-windows.jar to classpath.
[14:52:46] [main/DEBUG] (FabricLoader/Knot) Adding C:\Users\oussa\.gradle\caches\modules-2\files-2.1\org.lwjgl\lwjgl\3.3.3\e9aca8c5479b520a2a7f0d542a118140e812c5e8\lwjgl-3.3.3-natives-windows-arm64.jar to classpath.
[14:52:46] [main/DEBUG] (FabricLoader/Knot) Adding C:\Users\oussa\.gradle\caches\modules-2\files-2.1\org.lwjgl\lwjgl\3.3.3\9e670718e050aeaeea0c2d5b907cffb142f2e58f\lwjgl-3.3.3-natives-windows-x86.jar to classpath.
[14:52:46] [main/DEBUG] (FabricLoader/Knot) Adding C:\Users\oussa\.gradle\caches\modules-2\files-2.1\io.netty\netty-transport-native-epoll\4.2.7.Final\e83998bfc10b5289d9bcbe807c4079ef0eed8e6f\netty-transport-native-epoll-4.2.7.Final-linux-x86_64.jar to classpath.
[14:52:46] [main/DEBUG] (FabricLoader/Knot) Adding C:\Users\oussa\.gradle\caches\modules-2\files-2.1\io.netty\netty-transport-native-epoll\4.2.7.Final\98d02251c98c8f07a23ac5ea27657d9e0ef57614\netty-transport-native-epoll-4.2.7.Final-linux-aarch_64.jar to classpath.
[14:52:46] [main/DEBUG] (FabricLoader/Knot) Adding C:\Users\oussa\.gradle\caches\modules-2\files-2.1\io.netty\netty-transport-native-kqueue\4.2.7.Final\40868fd4e43bce2798245f790624b58803dc26b6\netty-transport-native-kqueue-4.2.7.Final-osx-x86_64.jar to classpath.
[14:52:46] [main/DEBUG] (FabricLoader/Knot) Adding C:\Users\oussa\.gradle\caches\modules-2\files-2.1\io.netty\netty-transport-native-kqueue\4.2.7.Final\e5a0feef41410c8a5ae00c6cb4e0c99bd0aded6a\netty-transport-native-kqueue-4.2.7.Final-osx-aarch_64.jar to classpath.
[14:52:46] [main/DEBUG] (FabricLoader/Knot) Adding C:\Users\oussa\.gradle\caches\modules-2\files-2.1\blue.endless\jankson\1.2.0\3a596049034f2952c0b2d40ca41f9b98856d5fb4\jankson-1.2.0.jar to classpath.
[14:52:46] [main/DEBUG] (FabricLoader/Knot) Adding C:\Users\oussa\.gradle\caches\modules-2\files-2.1\com.moandjiezana.toml\toml4j\0.7.2\a03337911d0bd2c40932aca3946edb30d0e7d0c\toml4j-0.7.2.jar to classpath.
[14:52:46] [main/DEBUG] (FabricLoader/Knot) Adding C:\Users\oussa\.gradle\caches\modules-2\files-2.1\org.yaml\snakeyaml\1.27\359d62567480b07a679dc643f82fc926b100eed5\snakeyaml-1.27.jar to classpath.
[14:52:46] [main/DEBUG] (FabricLoader/Knot) Adding C:\Users\oussa\Downloads\Minecraft\Mine\custom created mods\simplebuilding\.gradle\loom-cache\remapped_mods\remapped\net\fabricmc\fabric-api\fabric-api-4c864f1d\0.140.0+1.21.11\fabric-api-4c864f1d-0.140.0+1.21.11.jar to classpath.
[14:52:46] [main/DEBUG] (FabricLoader/Knot) Adding C:\Users\oussa\Downloads\Minecraft\Mine\custom created mods\simplebuilding\.gradle\loom-cache\remapped_mods\remapped\com\terraformersmc\modmenu-4c864f1d\17.0.0-alpha.1\modmenu-4c864f1d-17.0.0-alpha.1.jar to classpath.
[14:52:46] [main/DEBUG] (FabricLoader/Knot) Adding C:\Users\oussa\Downloads\Minecraft\Mine\custom created mods\simplebuilding\.gradle\loom-cache\remapped_mods\remapped\net\fabricmc\fabric-api\fabric-transfer-api-v1-4c864f1d\6.0.24+4fc5413f3e\fabric-transfer-api-v1-4c864f1d-6.0.24+4fc5413f3e.jar to classpath.
[14:52:46] [main/DEBUG] (FabricLoader/Knot) Adding C:\Users\oussa\Downloads\Minecraft\Mine\custom created mods\simplebuilding\.gradle\loom-cache\remapped_mods\remapped\net\fabricmc\fabric-api\fabric-api-lookup-api-v1-4c864f1d\1.6.113+1fb1cde93e\fabric-api-lookup-api-v1-4c864f1d-1.6.113+1fb1cde93e.jar to classpath.
[14:52:46] [main/DEBUG] (FabricLoader/Knot) Adding C:\Users\oussa\Downloads\Minecraft\Mine\custom created mods\simplebuilding\.gradle\loom-cache\remapped_mods\remapped\net\fabricmc\fabric-api\fabric-command-api-v2-4c864f1d\2.4.7+6b42a6003e\fabric-command-api-v2-4c864f1d-2.4.7+6b42a6003e.jar to classpath.
[14:52:46] [main/DEBUG] (FabricLoader/Knot) Adding C:\Users\oussa\Downloads\Minecraft\Mine\custom created mods\simplebuilding\.gradle\loom-cache\remapped_mods\remapped\net\fabricmc\fabric-api\fabric-content-registries-v0-4c864f1d\10.2.14+4fc5413f3e\fabric-content-registries-v0-4c864f1d-10.2.14+4fc5413f3e.jar to classpath.
[14:52:46] [main/DEBUG] (FabricLoader/Knot) Adding C:\Users\oussa\Downloads\Minecraft\Mine\custom created mods\simplebuilding\.gradle\loom-cache\remapped_mods\remapped\net\fabricmc\fabric-api\fabric-data-generation-api-v1-4c864f1d\23.3.0+ae1056283e\fabric-data-generation-api-v1-4c864f1d-23.3.0+ae1056283e.jar to classpath.
[14:52:46] [main/DEBUG] (FabricLoader/Knot) Adding C:\Users\oussa\Downloads\Minecraft\Mine\custom created mods\simplebuilding\.gradle\loom-cache\remapped_mods\remapped\net\fabricmc\fabric-api\fabric-convention-tags-v1-4c864f1d\2.1.55+7f945d5b3e\fabric-convention-tags-v1-4c864f1d-2.1.55+7f945d5b3e.jar to classpath.
[14:52:46] [main/DEBUG] (FabricLoader/Knot) Adding C:\Users\oussa\Downloads\Minecraft\Mine\custom created mods\simplebuilding\.gradle\loom-cache\remapped_mods\remapped\net\fabricmc\fabric-api\fabric-convention-tags-v2-4c864f1d\2.17.3+8ef948ba3e\fabric-convention-tags-v2-4c864f1d-2.17.3+8ef948ba3e.jar to classpath.
[14:52:46] [main/DEBUG] (FabricLoader/Knot) Adding C:\Users\oussa\Downloads\Minecraft\Mine\custom created mods\simplebuilding\.gradle\loom-cache\remapped_mods\remapped\net\fabricmc\fabric-api\fabric-data-attachment-api-v1-4c864f1d\1.8.43+1fb1cde93e\fabric-data-attachment-api-v1-4c864f1d-1.8.43+1fb1cde93e.jar to classpath.
[14:52:46] [main/DEBUG] (FabricLoader/Knot) Adding C:\Users\oussa\Downloads\Minecraft\Mine\custom created mods\simplebuilding\.gradle\loom-cache\remapped_mods\remapped\net\fabricmc\fabric-api\fabric-entity-events-v1-4c864f1d\3.0.5+4ebb5c083e\fabric-entity-events-v1-4c864f1d-3.0.5+4ebb5c083e.jar to classpath.
[14:52:46] [main/DEBUG] (FabricLoader/Knot) Adding C:\Users\oussa\Downloads\Minecraft\Mine\custom created mods\simplebuilding\.gradle\loom-cache\remapped_mods\remapped\net\fabricmc\fabric-api\fabric-events-interaction-v0-4c864f1d\4.0.44+1fb1cde93e\fabric-events-interaction-v0-4c864f1d-4.0.44+1fb1cde93e.jar to classpath.
[14:52:46] [main/DEBUG] (FabricLoader/Knot) Adding C:\Users\oussa\Downloads\Minecraft\Mine\custom created mods\simplebuilding\.gradle\loom-cache\remapped_mods\remapped\net\fabricmc\fabric-api\fabric-game-rule-api-v1-4c864f1d\2.0.3+4fc5413f3e\fabric-game-rule-api-v1-4c864f1d-2.0.3+4fc5413f3e.jar to classpath.
[14:52:46] [main/DEBUG] (FabricLoader/Knot) Adding C:\Users\oussa\Downloads\Minecraft\Mine\custom created mods\simplebuilding\.gradle\loom-cache\remapped_mods\remapped\net\fabricmc\fabric-api\fabric-gametest-api-v1-4c864f1d\3.1.27+4fc5413f3e\fabric-gametest-api-v1-4c864f1d-3.1.27+4fc5413f3e.jar to classpath.
[14:52:46] [main/DEBUG] (FabricLoader/Knot) Adding C:\Users\oussa\Downloads\Minecraft\Mine\custom created mods\simplebuilding\.gradle\loom-cache\remapped_mods\remapped\net\fabricmc\fabric-api\fabric-item-api-v1-4c864f1d\11.5.20+d0c46b9e3e\fabric-item-api-v1-4c864f1d-11.5.20+d0c46b9e3e.jar to classpath.
[14:52:46] [main/DEBUG] (FabricLoader/Knot) Adding C:\Users\oussa\Downloads\Minecraft\Mine\custom created mods\simplebuilding\.gradle\loom-cache\remapped_mods\remapped\net\fabricmc\fabric-api\fabric-item-group-api-v1-4c864f1d\4.2.36+4fc5413f3e\fabric-item-group-api-v1-4c864f1d-4.2.36+4fc5413f3e.jar to classpath.
[14:52:46] [main/DEBUG] (FabricLoader/Knot) Adding C:\Users\oussa\Downloads\Minecraft\Mine\custom created mods\simplebuilding\.gradle\loom-cache\remapped_mods\remapped\net\fabricmc\fabric-api\fabric-recipe-api-v1-4c864f1d\8.2.3+4ebb5c083e\fabric-recipe-api-v1-4c864f1d-8.2.3+4ebb5c083e.jar to classpath.
[14:52:46] [main/DEBUG] (FabricLoader/Knot) Adding C:\Users\oussa\Downloads\Minecraft\Mine\custom created mods\simplebuilding\.gradle\loom-cache\remapped_mods\remapped\net\fabricmc\fabric-api\fabric-model-loading-api-v1-4c864f1d\6.0.12+4fc5413f3e\fabric-model-loading-api-v1-4c864f1d-6.0.12+4fc5413f3e.jar to classpath.
[14:52:46] [main/DEBUG] (FabricLoader/Knot) Adding C:\Users\oussa\Downloads\Minecraft\Mine\custom created mods\simplebuilding\.gradle\loom-cache\remapped_mods\remapped\net\fabricmc\fabric-api\fabric-renderer-indigo-4c864f1d\5.0.0+f4ffd2e53e\fabric-renderer-indigo-4c864f1d-5.0.0+f4ffd2e53e.jar to classpath.
[14:52:46] [main/DEBUG] (FabricLoader/Knot) Adding C:\Users\oussa\Downloads\Minecraft\Mine\custom created mods\simplebuilding\.gradle\loom-cache\remapped_mods\remapped\net\fabricmc\fabric-api\fabric-renderer-api-v1-4c864f1d\8.0.0+f4ffd2e53e\fabric-renderer-api-v1-4c864f1d-8.0.0+f4ffd2e53e.jar to classpath.
[14:52:46] [main/DEBUG] (FabricLoader/Knot) Adding C:\Users\oussa\Downloads\Minecraft\Mine\custom created mods\simplebuilding\.gradle\loom-cache\remapped_mods\remapped\net\fabricmc\fabric-api\fabric-rendering-v1-4c864f1d\16.2.7+f4ffd2e53e\fabric-rendering-v1-4c864f1d-16.2.7+f4ffd2e53e.jar to classpath.
[14:52:46] [main/DEBUG] (FabricLoader/Knot) Adding C:\Users\oussa\Downloads\Minecraft\Mine\custom created mods\simplebuilding\.gradle\loom-cache\remapped_mods\remapped\net\fabricmc\fabric-api\fabric-lifecycle-events-v1-4c864f1d\2.6.15+4ebb5c083e\fabric-lifecycle-events-v1-4c864f1d-2.6.15+4ebb5c083e.jar to classpath.
[14:52:46] [main/DEBUG] (FabricLoader/Knot) Adding C:\Users\oussa\Downloads\Minecraft\Mine\custom created mods\simplebuilding\.gradle\loom-cache\remapped_mods\remapped\net\fabricmc\fabric-api\fabric-loot-api-v2-4c864f1d\3.0.73+3f89f5a53e\fabric-loot-api-v2-4c864f1d-3.0.73+3f89f5a53e.jar to classpath.
[14:52:46] [main/DEBUG] (FabricLoader/Knot) Adding C:\Users\oussa\Downloads\Minecraft\Mine\custom created mods\simplebuilding\.gradle\loom-cache\remapped_mods\remapped\net\fabricmc\fabric-api\fabric-loot-api-v3-4c864f1d\2.0.20+78c8b4663e\fabric-loot-api-v3-4c864f1d-2.0.20+78c8b4663e.jar to classpath.
[14:52:46] [main/DEBUG] (FabricLoader/Knot) Adding C:\Users\oussa\Downloads\Minecraft\Mine\custom created mods\simplebuilding\.gradle\loom-cache\remapped_mods\remapped\net\fabricmc\fabric-api\fabric-message-api-v1-4c864f1d\6.1.12+4ebb5c083e\fabric-message-api-v1-4c864f1d-6.1.12+4ebb5c083e.jar to classpath.
[14:52:46] [main/DEBUG] (FabricLoader/Knot) Adding C:\Users\oussa\Downloads\Minecraft\Mine\custom created mods\simplebuilding\.gradle\loom-cache\remapped_mods\remapped\net\fabricmc\fabric-api\fabric-particles-v1-4c864f1d\4.2.11+4fc5413f3e\fabric-particles-v1-4c864f1d-4.2.11+4fc5413f3e.jar to classpath.
[14:52:46] [main/DEBUG] (FabricLoader/Knot) Adding C:\Users\oussa\Downloads\Minecraft\Mine\custom created mods\simplebuilding\.gradle\loom-cache\remapped_mods\remapped\net\fabricmc\fabric-api\fabric-object-builder-api-v1-4c864f1d\21.1.38+4fc5413f3e\fabric-object-builder-api-v1-4c864f1d-21.1.38+4fc5413f3e.jar to classpath.
[14:52:46] [main/DEBUG] (FabricLoader/Knot) Adding C:\Users\oussa\Downloads\Minecraft\Mine\custom created mods\simplebuilding\.gradle\loom-cache\remapped_mods\remapped\net\fabricmc\fabric-api\fabric-screen-handler-api-v1-4c864f1d\1.3.160+4fc5413f3e\fabric-screen-handler-api-v1-4c864f1d-1.3.160+4fc5413f3e.jar to classpath.
[14:52:46] [main/DEBUG] (FabricLoader/Knot) Adding C:\Users\oussa\Downloads\Minecraft\Mine\custom created mods\simplebuilding\.gradle\loom-cache\remapped_mods\remapped\net\fabricmc\fabric-api\fabric-registry-sync-v0-4c864f1d\6.2.4+4ebb5c083e\fabric-registry-sync-v0-4c864f1d-6.2.4+4ebb5c083e.jar to classpath.
[14:52:46] [main/DEBUG] (FabricLoader/Knot) Adding C:\Users\oussa\Downloads\Minecraft\Mine\custom created mods\simplebuilding\.gradle\loom-cache\remapped_mods\remapped\net\fabricmc\fabric-api\fabric-networking-api-v1-4c864f1d\5.1.5+ae1e07683e\fabric-networking-api-v1-4c864f1d-5.1.5+ae1e07683e.jar to classpath.
[14:52:46] [main/DEBUG] (FabricLoader/Knot) Adding C:\Users\oussa\Downloads\Minecraft\Mine\custom created mods\simplebuilding\.gradle\loom-cache\remapped_mods\remapped\net\fabricmc\fabric-api\fabric-rendering-fluids-v1-4c864f1d\3.1.43+4ebb5c083e\fabric-rendering-fluids-v1-4c864f1d-3.1.43+4ebb5c083e.jar to classpath.
[14:52:46] [main/DEBUG] (FabricLoader/Knot) Adding C:\Users\oussa\Downloads\Minecraft\Mine\custom created mods\simplebuilding\.gradle\loom-cache\remapped_mods\remapped\net\fabricmc\fabric-api\fabric-tag-api-v1-4c864f1d\1.2.20+4fc5413f3e\fabric-tag-api-v1-4c864f1d-1.2.20+4fc5413f3e.jar to classpath.
[14:52:46] [main/DEBUG] (FabricLoader/Knot) Adding C:\Users\oussa\Downloads\Minecraft\Mine\custom created mods\simplebuilding\.gradle\loom-cache\remapped_mods\remapped\net\fabricmc\fabric-api\fabric-resource-loader-v0-4c864f1d\3.3.4+4fc5413f3e\fabric-resource-loader-v0-4c864f1d-3.3.4+4fc5413f3e.jar to classpath.
[14:52:46] [main/DEBUG] (FabricLoader/Knot) Adding C:\Users\oussa\Downloads\Minecraft\Mine\custom created mods\simplebuilding\.gradle\loom-cache\remapped_mods\remapped\net\fabricmc\fabric-api\fabric-resource-loader-v1-4c864f1d\1.0.10+78c8b4663e\fabric-resource-loader-v1-4c864f1d-1.0.10+78c8b4663e.jar to classpath.
[14:52:46] [main/DEBUG] (FabricLoader/Knot) Adding C:\Users\oussa\Downloads\Minecraft\Mine\custom created mods\simplebuilding\.gradle\loom-cache\remapped_mods\remapped\net\fabricmc\fabric-api\fabric-screen-api-v1-4c864f1d\3.1.7+4ebb5c083e\fabric-screen-api-v1-4c864f1d-3.1.7+4ebb5c083e.jar to classpath.
[14:52:46] [main/DEBUG] (FabricLoader/Knot) Adding C:\Users\oussa\Downloads\Minecraft\Mine\custom created mods\simplebuilding\.gradle\loom-cache\remapped_mods\remapped\net\fabricmc\fabric-api\fabric-api-base-4c864f1d\1.0.5+4ebb5c083e\fabric-api-base-4c864f1d-1.0.5+4ebb5c083e.jar to classpath.
[14:52:46] [main/DEBUG] (FabricLoader/Knot) Adding C:\Users\oussa\Downloads\Minecraft\Mine\custom created mods\simplebuilding\.gradle\loom-cache\remapped_mods\remapped\net\fabricmc\fabric-api\fabric-biome-api-v1-4c864f1d\17.1.1+4fc5413f3e\fabric-biome-api-v1-4c864f1d-17.1.1+4fc5413f3e.jar to classpath.
[14:52:46] [main/DEBUG] (FabricLoader/Knot) Adding C:\Users\oussa\Downloads\Minecraft\Mine\custom created mods\simplebuilding\.gradle\loom-cache\remapped_mods\remapped\net\fabricmc\fabric-api\fabric-block-api-v1-4c864f1d\1.1.10+4ebb5c083e\fabric-block-api-v1-4c864f1d-1.1.10+4ebb5c083e.jar to classpath.
[14:52:46] [main/DEBUG] (FabricLoader/Knot) Adding C:\Users\oussa\Downloads\Minecraft\Mine\custom created mods\simplebuilding\.gradle\loom-cache\remapped_mods\remapped\net\fabricmc\fabric-api\fabric-block-view-api-v2-4c864f1d\1.0.39+4ebb5c083e\fabric-block-view-api-v2-4c864f1d-1.0.39+4ebb5c083e.jar to classpath.
[14:52:46] [main/DEBUG] (FabricLoader/Knot) Adding C:\Users\oussa\Downloads\Minecraft\Mine\custom created mods\simplebuilding\.gradle\loom-cache\remapped_mods\remapped\net\fabricmc\fabric-api\fabric-client-gametest-api-v1-4c864f1d\4.3.5+bfe9fcf43e\fabric-client-gametest-api-v1-4c864f1d-4.3.5+bfe9fcf43e.jar to classpath.
[14:52:46] [main/DEBUG] (FabricLoader/Knot) Adding C:\Users\oussa\Downloads\Minecraft\Mine\custom created mods\simplebuilding\.gradle\loom-cache\remapped_mods\remapped\net\fabricmc\fabric-api\fabric-crash-report-info-v1-4c864f1d\0.3.23+4ebb5c083e\fabric-crash-report-info-v1-4c864f1d-0.3.23+4ebb5c083e.jar to classpath.
[14:52:46] [main/DEBUG] (FabricLoader/Knot) Adding C:\Users\oussa\Downloads\Minecraft\Mine\custom created mods\simplebuilding\.gradle\loom-cache\remapped_mods\remapped\net\fabricmc\fabric-api\fabric-dimensions-v1-4c864f1d\4.0.28+4fc5413f3e\fabric-dimensions-v1-4c864f1d-4.0.28+4fc5413f3e.jar to classpath.
[14:52:46] [main/DEBUG] (FabricLoader/Knot) Adding C:\Users\oussa\Downloads\Minecraft\Mine\custom created mods\simplebuilding\.gradle\loom-cache\remapped_mods\remapped\net\fabricmc\fabric-api\fabric-key-binding-api-v1-4c864f1d\1.1.7+4fc5413f3e\fabric-key-binding-api-v1-4c864f1d-1.1.7+4fc5413f3e.jar to classpath.
[14:52:46] [main/DEBUG] (FabricLoader/Knot) Adding C:\Users\oussa\Downloads\Minecraft\Mine\custom created mods\simplebuilding\.gradle\loom-cache\remapped_mods\remapped\net\fabricmc\fabric-api\fabric-resource-conditions-api-v1-4c864f1d\5.0.35+4fc5413f3e\fabric-resource-conditions-api-v1-4c864f1d-5.0.35+4fc5413f3e.jar to classpath.
[14:52:46] [main/DEBUG] (FabricLoader/Knot) Adding C:\Users\oussa\Downloads\Minecraft\Mine\custom created mods\simplebuilding\.gradle\loom-cache\remapped_mods\remapped\net\fabricmc\fabric-api\fabric-serialization-api-v1-4c864f1d\1.0.5+4ebb5c083e\fabric-serialization-api-v1-4c864f1d-1.0.5+4ebb5c083e.jar to classpath.
[14:52:46] [main/DEBUG] (FabricLoader/Knot) Adding C:\Users\oussa\Downloads\Minecraft\Mine\custom created mods\simplebuilding\.gradle\loom-cache\remapped_mods\remapped\net\fabricmc\fabric-api\fabric-sound-api-v1-4c864f1d\1.0.51+4fc5413f3e\fabric-sound-api-v1-4c864f1d-1.0.51+4fc5413f3e.jar to classpath.
[14:52:46] [main/DEBUG] (FabricLoader/Knot) Adding C:\Users\oussa\Downloads\Minecraft\Mine\custom created mods\simplebuilding\.gradle\loom-cache\remapped_mods\remapped\net\fabricmc\fabric-api\fabric-transitive-access-wideners-v1-4c864f1d\7.0.8+0107c3da3e\fabric-transitive-access-wideners-v1-4c864f1d-7.0.8+0107c3da3e.jar to classpath.
[14:52:46] [main/DEBUG] (FabricLoader/Knot) Adding C:\Users\oussa\Downloads\Minecraft\Mine\custom created mods\simplebuilding\.gradle\loom-cache\remapped_mods\remapped\me\shedaniel\cloth\cloth-config-fabric-4c864f1d\21.11.150\cloth-config-fabric-4c864f1d-21.11.150-fabric.jar to classpath.
[14:52:46] [main/DEBUG] (FabricLoader/Knot) Adding C:\Users\oussa\Downloads\Minecraft\Mine\custom created mods\simplebuilding\.gradle\loom-cache\remapped_mods\remapped\me\shedaniel\cloth\basic-math-4c864f1d\0.6.1\basic-math-4c864f1d-0.6.1.jar to classpath.
[14:52:46] [main/DEBUG] (FabricLoader/Entrypoint) No subscribers for entrypoint 'preLaunch'
[14:52:46] [main/DEBUG] (FabricLoader/Mixin) Preparing mixins for MixinEnvironment[DEFAULT]
[14:52:46] [main/DEBUG] (FabricLoader/Mixin) Selecting config fabric-recipe-api-v1.mixins.json
[14:52:46] [main/DEBUG] (FabricLoader/Mixin) Selecting config fabric-recipe-api-v1.client.mixins.json
[14:52:46] [main/DEBUG] (FabricLoader/Mixin) Selecting config fabric-data-attachment-api-v1.mixins.json
[14:52:46] [main/DEBUG] (FabricLoader/Mixin) Selecting config fabric-data-attachment-api-v1.client.mixins.json
[14:52:46] [main/DEBUG] (FabricLoader/Mixin) Selecting config fabric-particles-v1.mixins.json
[14:52:46] [main/DEBUG] (FabricLoader/Mixin) Selecting config fabric-particles-v1.client.mixins.json
[14:52:46] [main/DEBUG] (FabricLoader/Mixin) Selecting config fabric-api-lookup-api-v1.mixins.json
[14:52:46] [main/DEBUG] (FabricLoader/Mixin) Selecting config fabric-resource-loader-v1.mixins.json
[14:52:46] [main/DEBUG] (FabricLoader/Mixin) Selecting config fabric-resource-loader-v1.client.mixins.json
[14:52:46] [main/DEBUG] (FabricLoader/Mixin) Selecting config fabric-gametest-api-v1.mixins.json
[14:52:46] [main/DEBUG] (FabricLoader/Mixin) Selecting config fabric-transfer-api-v1.mixins.json
[14:52:46] [main/DEBUG] (FabricLoader/Mixin) Selecting config fabric-loot-api-v2.mixins.json
[14:52:46] [main/DEBUG] (FabricLoader/Mixin) Selecting config fabric-entity-events-v1.mixins.json
[14:52:46] [main/DEBUG] (FabricLoader/Mixin) Selecting config fabric-item-group-api-v1.mixins.json
[14:52:46] [main/DEBUG] (FabricLoader/Mixin) Selecting config fabric-item-group-api-v1.client.mixins.json
[14:52:46] [main/DEBUG] (FabricLoader/Mixin) Selecting config fabric-serialization-api-v1.mixins.json
[14:52:46] [main/DEBUG] (FabricLoader/Mixin) Selecting config fabric-block-api-v1.mixins.json
[14:52:46] [main/DEBUG] (FabricLoader/Mixin) Selecting config simplebuilding.mixins.json
[14:52:46] [main/DEBUG] (FabricLoader/Mixin) Selecting config simplebuilding.client.mixins.json
[14:52:46] [main/DEBUG] (FabricLoader/Mixin) Selecting config fabric-content-registries-v0.mixins.json
[14:52:46] [main/DEBUG] (FabricLoader/Mixin) Selecting config fabric-client-gametest-api-v1.mixins.json
[14:52:46] [main/DEBUG] (FabricLoader/Mixin) Selecting config fabric-events-interaction-v0.mixins.json
[14:52:46] [main/DEBUG] (FabricLoader/Mixin) Selecting config fabric-events-interaction-v0.client.mixins.json
[14:52:46] [main/DEBUG] (FabricLoader/Mixin) Selecting config fabric-rendering-fluids-v1.mixins.json
[14:52:46] [main/DEBUG] (FabricLoader/Mixin) Selecting config fabric-game-rule-api-v1.mixins.json
[14:52:46] [main/DEBUG] (FabricLoader/Mixin) Selecting config fabric-game-rule-api-v1.client.mixins.json
[14:52:46] [main/DEBUG] (FabricLoader/Mixin) Selecting config fabric-renderer-indigo.mixins.json
[14:52:46] [main/DEBUG] (FabricLoader/Mixin) Selecting config fabric-block-view-api-v2.mixins.json
[14:52:46] [main/DEBUG] (FabricLoader/Mixin) Selecting config fabric-block-view-api-v2.client.mixins.json
[14:52:46] [main/DEBUG] (FabricLoader/Mixin) Selecting config fabric-command-api-v2.mixins.json
[14:52:46] [main/DEBUG] (FabricLoader/Mixin) Selecting config fabric-command-api-v2.client.mixins.json
[14:52:46] [main/DEBUG] (FabricLoader/Mixin) Selecting config fabric-renderer-api-v1.mixins.json
[14:52:46] [main/DEBUG] (FabricLoader/Mixin) Selecting config fabric-screen-api-v1.mixins.json
[14:52:46] [main/DEBUG] (FabricLoader/Mixin) Selecting config fabric-lifecycle-events-v1.mixins.json
[14:52:46] [main/DEBUG] (FabricLoader/Mixin) Selecting config fabric-lifecycle-events-v1.client.mixins.json
[14:52:46] [main/DEBUG] (FabricLoader/Mixin) Selecting config mixinextras.init.mixins.json
[14:52:46] [main/DEBUG] (FabricLoader/MixinExtras|Service) com.llamalad7.mixinextras.service.MixinExtrasServiceImpl(version=0.5.0) is taking over from null
[14:52:46] [main/DEBUG] (FabricLoader/Mixin) Registering new injector for @Inject with org.spongepowered.asm.mixin.injection.struct.CallbackInjectionInfo
[14:52:46] [main/DEBUG] (FabricLoader/Mixin) Registering new injector for @ModifyArg with org.spongepowered.asm.mixin.injection.struct.ModifyArgInjectionInfo
[14:52:46] [main/DEBUG] (FabricLoader/Mixin) Registering new injector for @ModifyArgs with org.spongepowered.asm.mixin.injection.struct.ModifyArgsInjectionInfo
[14:52:46] [main/DEBUG] (FabricLoader/Mixin) Registering new injector for @Redirect with org.spongepowered.asm.mixin.injection.struct.RedirectInjectionInfo
[14:52:46] [main/DEBUG] (FabricLoader/Mixin) Registering new injector for @ModifyVariable with org.spongepowered.asm.mixin.injection.struct.ModifyVariableInjectionInfo
[14:52:46] [main/DEBUG] (FabricLoader/Mixin) Registering new injector for @ModifyConstant with org.spongepowered.asm.mixin.injection.struct.ModifyConstantInjectionInfo
[14:52:46] [main/DEBUG] (FabricLoader/Mixin) Selecting config mixins.modmenu.json
[14:52:46] [main/DEBUG] (FabricLoader/Mixin) Selecting config fabric-screen-handler-api-v1.mixins.json
[14:52:46] [main/DEBUG] (FabricLoader/Mixin) Selecting config fabric-sound-api-v1.mixins.json
[14:52:46] [main/DEBUG] (FabricLoader/Mixin) Selecting config fabric-convention-tags-api-v2.mixins.json
[14:52:46] [main/DEBUG] (FabricLoader/Mixin) Selecting config fabric-item-api-v1.mixins.json
[14:52:46] [main/DEBUG] (FabricLoader/Mixin) Selecting config fabric-item-api-v1.client.mixins.json
[14:52:46] [main/DEBUG] (FabricLoader/Mixin) Selecting config fabric-registry-sync-v0.mixins.json
[14:52:46] [main/DEBUG] (FabricLoader/Mixin) Selecting config fabric-registry-sync-v0.client.mixins.json
[14:52:46] [main/DEBUG] (FabricLoader/Mixin) Selecting config fabric-message-api-v1.mixins.json
[14:52:46] [main/DEBUG] (FabricLoader/Mixin) Selecting config fabric-message-api-v1.client.mixins.json
[14:52:46] [main/DEBUG] (FabricLoader/Mixin) Selecting config fabric-networking-api-v1.mixins.json
[14:52:46] [main/DEBUG] (FabricLoader/Mixin) Selecting config fabric-networking-api-v1.client.mixins.json
[14:52:46] [main/DEBUG] (FabricLoader/Mixin) Selecting config fabric-object-builder-v1.mixins.json
[14:52:46] [main/DEBUG] (FabricLoader/Mixin) Selecting config fabric-object-builder-v1.client.mixins.json
[14:52:46] [main/DEBUG] (FabricLoader/Mixin) Selecting config fabric-biome-api-v1.mixins.json
[14:52:46] [main/DEBUG] (FabricLoader/Mixin) Selecting config fabric-data-generation-api-v1.mixins.json
[14:52:46] [main/DEBUG] (FabricLoader/Mixin) Selecting config fabric-data-generation-api-v1.client.mixins.json
[14:52:46] [main/DEBUG] (FabricLoader/Mixin) Selecting config fabric-loot-api-v3.mixins.json
[14:52:46] [main/DEBUG] (FabricLoader/Mixin) Selecting config fabric-rendering-v1.mixins.json
[14:52:46] [main/DEBUG] (FabricLoader/Mixin) Selecting config fabric-dimensions-v1.mixins.json
[14:52:46] [main/DEBUG] (FabricLoader/Mixin) Selecting config fabric-resource-conditions-api-v1.mixins.json
[14:52:46] [main/DEBUG] (FabricLoader/Mixin) Selecting config fabric-crash-report-info-v1.mixins.json
[14:52:46] [main/DEBUG] (FabricLoader/Mixin) Selecting config fabric-key-binding-api-v1.mixins.json
[14:52:46] [main/DEBUG] (FabricLoader/Mixin) Selecting config fabric-tag-api-v1.mixins.json
[14:52:46] [main/DEBUG] (FabricLoader/Mixin) Selecting config fabric-model-loading-api-v1.mixins.json
[14:52:46] [main/DEBUG] (FabricLoader/Mixin) Preparing fabric-recipe-api-v1.mixins.json (10)
[14:52:46] [main/DEBUG] (FabricLoader/Mixin) Preparing fabric-recipe-api-v1.client.mixins.json (3)
[14:52:46] [main/DEBUG] (FabricLoader/Mixin) Preparing fabric-data-attachment-api-v1.mixins.json (14)
[14:52:46] [main/DEBUG] (FabricLoader/Mixin) Preparing fabric-data-attachment-api-v1.client.mixins.json (1)
[14:52:46] [main/DEBUG] (FabricLoader/Mixin) Preparing fabric-particles-v1.mixins.json (8)
[14:52:46] [main/DEBUG] (FabricLoader/Mixin) Preparing fabric-particles-v1.client.mixins.json (4)
[14:52:46] [main/DEBUG] (FabricLoader/Mixin) Preparing fabric-api-lookup-api-v1.mixins.json (2)
[14:52:46] [main/DEBUG] (FabricLoader/Mixin) Preparing fabric-resource-loader-v1.mixins.json (15)
[14:52:46] [main/DEBUG] (FabricLoader/Mixin) Preparing fabric-resource-loader-v1.client.mixins.json (9)
[14:52:46] [main/DEBUG] (FabricLoader/Mixin) Preparing fabric-gametest-api-v1.mixins.json (4)
[14:52:46] [main/DEBUG] (FabricLoader/Mixin) Preparing fabric-transfer-api-v1.mixins.json (17)
[14:52:46] [main/DEBUG] (FabricLoader/Mixin) Preparing fabric-loot-api-v2.mixins.json (2)
[14:52:46] [main/DEBUG] (FabricLoader/Mixin) Preparing fabric-entity-events-v1.mixins.json (7)
[14:52:46] [main/DEBUG] (FabricLoader/Mixin) Preparing fabric-item-group-api-v1.mixins.json (3)
[14:52:46] [main/DEBUG] (FabricLoader/Mixin) Preparing fabric-item-group-api-v1.client.mixins.json (1)
[14:52:46] [main/DEBUG] (FabricLoader/Mixin) Preparing fabric-serialization-api-v1.mixins.json (4)
[14:52:46] [main/DEBUG] (FabricLoader/Mixin) Preparing fabric-block-api-v1.mixins.json (5)
[14:52:46] [main/DEBUG] (FabricLoader/Mixin) Preparing simplebuilding.mixins.json (16)
[14:52:46] [main/DEBUG] (FabricLoader/Mixin) Preparing simplebuilding.client.mixins.json (13)
[14:52:46] [main/DEBUG] (FabricLoader/Mixin) Preparing fabric-content-registries-v0.mixins.json (18)
[14:52:46] [main/DEBUG] (FabricLoader/Mixin) Preparing fabric-client-gametest-api-v1.mixins.json (26)
[14:52:46] [main/DEBUG] (FabricLoader/Mixin) Preparing fabric-events-interaction-v0.mixins.json (5)
[14:52:46] [main/DEBUG] (FabricLoader/Mixin) Preparing fabric-events-interaction-v0.client.mixins.json (3)
[14:52:46] [main/DEBUG] (FabricLoader/Mixin) Preparing fabric-rendering-fluids-v1.mixins.json (1)
[14:52:46] [main/DEBUG] (FabricLoader/Mixin) Preparing fabric-game-rule-api-v1.mixins.json (5)
[14:52:46] [main/DEBUG] (FabricLoader/Mixin) Preparing fabric-game-rule-api-v1.client.mixins.json (3)
[14:52:46] [main/DEBUG] (FabricLoader/Mixin) Preparing fabric-renderer-indigo.mixins.json (11)
[14:52:46] [main/DEBUG] (FabricLoader/Mixin) Preparing fabric-block-view-api-v2.mixins.json (3)
[14:52:46] [main/DEBUG] (FabricLoader/Mixin) Preparing fabric-block-view-api-v2.client.mixins.json (3)
[14:52:46] [main/DEBUG] (FabricLoader/Mixin) Preparing fabric-command-api-v2.mixins.json (5)
[14:52:46] [main/DEBUG] (FabricLoader/Mixin) Preparing fabric-command-api-v2.client.mixins.json (2)
[14:52:46] [main/DEBUG] (FabricLoader/Mixin) Preparing fabric-renderer-api-v1.mixins.json (27)
[14:52:47] [main/DEBUG] (FabricLoader/Mixin) Preparing fabric-screen-api-v1.mixins.json (7)
[14:52:47] [main/DEBUG] (FabricLoader/Mixin) Preparing fabric-lifecycle-events-v1.mixins.json (11)
[14:52:47] [main/DEBUG] (FabricLoader/Mixin) Preparing fabric-lifecycle-events-v1.client.mixins.json (7)
[14:52:47] [main/DEBUG] (FabricLoader/Mixin) Preparing mixinextras.init.mixins.json (0)
[14:52:47] [main/DEBUG] (FabricLoader/Mixin) Preparing mixins.modmenu.json (4)
[14:52:47] [main/DEBUG] (FabricLoader/Mixin) Preparing fabric-screen-handler-api-v1.mixins.json (2)
[14:52:47] [main/DEBUG] (FabricLoader/Mixin) Preparing fabric-sound-api-v1.mixins.json (2)
[14:52:47] [main/DEBUG] (FabricLoader/Mixin) Preparing fabric-convention-tags-api-v2.mixins.json (1)
[14:52:47] [main/DEBUG] (FabricLoader/Mixin) Preparing fabric-item-api-v1.mixins.json (17)
[14:52:47] [main/DEBUG] (FabricLoader/Mixin) Preparing fabric-item-api-v1.client.mixins.json (3)
[14:52:47] [main/DEBUG] (FabricLoader/Mixin) Preparing fabric-registry-sync-v0.mixins.json (16)
[14:52:47] [main/DEBUG] (FabricLoader/Mixin) Preparing fabric-registry-sync-v0.client.mixins.json (5)
[14:52:47] [main/DEBUG] (FabricLoader/Mixin) Preparing fabric-message-api-v1.mixins.json (2)
[14:52:47] [main/DEBUG] (FabricLoader/Mixin) Preparing fabric-message-api-v1.client.mixins.json (2)
[14:52:47] [main/DEBUG] (FabricLoader/Mixin) Preparing fabric-networking-api-v1.mixins.json (24)
[14:52:47] [main/DEBUG] (FabricLoader/Mixin) Preparing fabric-networking-api-v1.client.mixins.json (9)
[14:52:47] [main/DEBUG] (FabricLoader/Mixin) Preparing fabric-object-builder-v1.mixins.json (10)
[14:52:47] [main/DEBUG] (FabricLoader/Mixin) Preparing fabric-object-builder-v1.client.mixins.json (4)
[14:52:47] [main/DEBUG] (FabricLoader/Mixin) Preparing fabric-biome-api-v1.mixins.json (9)
[14:52:47] [main/DEBUG] (FabricLoader/Mixin) Preparing fabric-data-generation-api-v1.mixins.json (18)
[14:52:47] [main/DEBUG] (FabricLoader/Mixin) Preparing fabric-data-generation-api-v1.client.mixins.json (4)
[14:52:47] [main/DEBUG] (FabricLoader/Mixin) Preparing fabric-loot-api-v3.mixins.json (8)
[14:52:47] [main/DEBUG] (FabricLoader/Mixin) Preparing fabric-rendering-v1.mixins.json (37)
[14:52:47] [main/DEBUG] (FabricLoader/Mixin) Preparing fabric-dimensions-v1.mixins.json (4)
[14:52:47] [main/DEBUG] (FabricLoader/Mixin) Preparing fabric-resource-conditions-api-v1.mixins.json (7)
[14:52:47] [main/DEBUG] (FabricLoader/Mixin) Preparing fabric-crash-report-info-v1.mixins.json (2)
[14:52:47] [main/DEBUG] (FabricLoader/Mixin) Preparing fabric-key-binding-api-v1.mixins.json (3)
[14:52:47] [main/DEBUG] (FabricLoader/Mixin) Preparing fabric-tag-api-v1.mixins.json (5)
[14:52:47] [main/DEBUG] (FabricLoader/Mixin) Preparing fabric-model-loading-api-v1.mixins.json (6)
[14:52:47] [main/DEBUG] (FabricLoader/Mixin) Inner class net/fabricmc/fabric/mixin/transfer/ChiseledBookShelfBlockEntityMixin$1 in net/fabricmc/fabric/mixin/transfer/ChiseledBookShelfBlockEntityMixin on net/minecraft/block/entity/ChiseledBookshelfBlockEntity gets unique name net/minecraft/block/entity/ChiseledBookshelfBlockEntity$Anonymous$e6889316f09e4bb687eb0f41a1c23775
[14:52:47] [main/DEBUG] (FabricLoader/Mixin) Inner class net/fabricmc/fabric/mixin/itemgroup/CreativeModeTabsMixin$1ItemGroupPosition in net/fabricmc/fabric/mixin/itemgroup/CreativeModeTabsMixin on net/minecraft/item/ItemGroups gets unique name net/minecraft/item/ItemGroups$1ItemGroupPosition$b662b1147a384ee4bc54e660804b8ce6
[14:52:47] [main/DEBUG] (FabricLoader/Mixin) Inner class net/fabricmc/fabric/mixin/renderer/client/block/model/MultiPartModelMixin$1Key in net/fabricmc/fabric/mixin/renderer/client/block/model/MultiPartModelMixin on net/minecraft/client/render/model/MultipartBlockStateModel gets unique name net/minecraft/client/render/model/MultipartBlockStateModel$1Key$2e6915c8d1224493bf4efeb5e1c86e55
[14:52:47] [main/DEBUG] (FabricLoader/Mixin) Prepared 449 mixins in 0,767 sec (1,7ms avg) (0ms load, 0ms transform, 0ms plugin)
[14:52:47] [main/DEBUG] (io.netty.util.internal.logging.InternalLoggerFactory) Using SLF4J as the default logging framework
[14:52:47] [main/DEBUG] (io.netty.util.ResourceLeakDetector) -Dio.netty.leakDetection.level: simple
[14:52:47] [main/DEBUG] (io.netty.util.ResourceLeakDetector) -Dio.netty.leakDetection.targetRecords: 4
[14:52:47] [main/INFO] (FabricLoader/MixinExtras|Service) Initializing MixinExtras via com.llamalad7.mixinextras.service.MixinExtrasServiceImpl(version=0.5.0).
[14:52:47] [main/DEBUG] (FabricLoader/Mixin) Registering new injector for @SugarWrapper with com.llamalad7.mixinextras.sugar.impl.SugarWrapperInjectionInfo
[14:52:47] [main/DEBUG] (FabricLoader/Mixin) Registering new injector for @FactoryRedirectWrapper with com.llamalad7.mixinextras.wrapper.factory.FactoryRedirectWrapperInjectionInfo
[14:52:47] [main/DEBUG] (FabricLoader/Mixin) Registering new injector for @ExpressionInjectorWrapper with com.llamalad7.mixinextras.expression.impl.wrapper.ExpressionInjectorWrapperInjectionInfo
[14:52:47] [main/DEBUG] (FabricLoader/Mixin) Mixing TaggedChoiceMixin from fabric-dimensions-v1.mixins.json into com.mojang.datafixers.types.templates.TaggedChoice
[14:52:47] [main/DEBUG] (FabricLoader/Mixin) fabric-dimensions-v1.mixins.json:TaggedChoiceMixin from mod fabric-dimensions-v1->@Inject::onApply(Lcom/mojang/datafixers/util/Pair;Lorg/spongepowered/asm/mixin/injection/callback/CallbackInfoReturnable;)V does use it's CallbackInfoReturnable
[14:52:47] [main/DEBUG] (FabricLoader/Mixin) Mixing TaggedChoiceTaggedChoiceTypeMixin from fabric-dimensions-v1.mixins.json into com.mojang.datafixers.types.templates.TaggedChoice$TaggedChoiceType
[14:52:47] [main/DEBUG] (FabricLoader/Mixin) fabric-dimensions-v1.mixins.json:TaggedChoiceTaggedChoiceTypeMixin from mod fabric-dimensions-v1->@Inject::onGetCodec(Ljava/lang/Object;Lorg/spongepowered/asm/mixin/injection/callback/CallbackInfoReturnable;)V does use it's CallbackInfoReturnable
[14:52:48] [main/DEBUG] (FabricLoader/Mixin) Mixing V2832Mixin from fabric-dimensions-v1.mixins.json into net.minecraft.datafixer.schema.Schema2832
[14:52:48] [main/DEBUG] (FabricLoader/Mixin) Mixing SystemReportMixin from fabric-crash-report-info-v1.mixins.json into net.minecraft.util.SystemDetails
[14:52:48] [main/DEBUG] (FabricLoader/Mixin) Renaming synthetic method lambda$appendMods$1(Lnet/fabricmc/loader/api/ModContainer;)Ljava/lang/String; to md66d4ed$fabric-crash-report-info-v1$lambda$appendMods$1$0 in fabric-crash-report-info-v1.mixins.json:SystemReportMixin from mod fabric-crash-report-info-v1
[14:52:48] [main/DEBUG] (FabricLoader/Mixin) Renaming synthetic method lambda$fillSystemDetails$0()Ljava/lang/String; to md66d4ed$fabric-crash-report-info-v1$lambda$fillSystemDetails$0$1 in fabric-crash-report-info-v1.mixins.json:SystemReportMixin from mod fabric-crash-report-info-v1
[14:52:48] [main/DEBUG] (FabricLoader/Mixin) fabric-crash-report-info-v1.mixins.json:SystemReportMixin from mod fabric-crash-report-info-v1->@Inject::fillSystemDetails(Lorg/spongepowered/asm/mixin/injection/callback/CallbackInfo;)V doesn't use it's CallbackInfo
[14:52:48] [main/DEBUG] (FabricLoader/Mixin) fabric-crash-report-info-v1.mixins.json:SystemReportMixin from mod fabric-crash-report-info-v1->@Inject::fillSystemDetails(Lorg/spongepowered/asm/mixin/injection/callback/CallbackInfo;)V has 0 override(s) in child classes
[14:52:48] [main/DEBUG] (FabricLoader/Mixin) fabric-crash-report-info-v1.mixins.json:SystemReportMixin from mod fabric-crash-report-info-v1->@Inject::fillSystemDetails(Lorg/spongepowered/asm/mixin/injection/callback/CallbackInfo;)V won't be passed a CallbackInfo as a result
[14:52:48] [Datafixer Bootstrap/INFO] (com.mojang.datafixers.DataFixerBuilder) 287 Datafixer optimizations took 513 milliseconds
[14:52:49] [main/DEBUG] (FabricLoader/Mixin) Mixing BootstrapMixin from fabric-registry-sync-v0.mixins.json into net.minecraft.Bootstrap
[14:52:49] [main/DEBUG] (FabricLoader/Mixin) Renaming synthetic method lambda$afterInitialize$1(Lnet/minecraft/fluid/Fluid;)Ljava/util/Collection; to md66d4ed$fabric-registry-sync-v0$lambda$afterInitialize$1$0 in fabric-registry-sync-v0.mixins.json:BootstrapMixin from mod fabric-registry-sync-v0
[14:52:49] [main/DEBUG] (FabricLoader/Mixin) Renaming synthetic method lambda$afterInitialize$0(Lnet/minecraft/block/Block;)Ljava/util/Collection; to md66d4ed$fabric-registry-sync-v0$lambda$afterInitialize$0$1 in fabric-registry-sync-v0.mixins.json:BootstrapMixin from mod fabric-registry-sync-v0
[14:52:49] [main/DEBUG] (FabricLoader/Mixin) fabric-registry-sync-v0.mixins.json:BootstrapMixin from mod fabric-registry-sync-v0->@Inject::afterInitialize(Lorg/spongepowered/asm/mixin/injection/callback/CallbackInfo;)V doesn't use it's CallbackInfo
[14:52:49] [main/DEBUG] (FabricLoader/Mixin) Mixing RegistryMixin from fabric-registry-sync-v0.mixins.json into net.minecraft.registry.Registry
[14:52:49] [main/DEBUG] (FabricLoader/Mixin) Mixing BuiltInRegistriesMixin from fabric-item-api-v1.mixins.json into net.minecraft.registry.Registries
[14:52:49] [main/DEBUG] (FabricLoader/Mixin) Mixing BuiltInRegistriesAccessor from fabric-registry-sync-v0.mixins.json into net.minecraft.registry.Registries
[14:52:49] [main/DEBUG] (FabricLoader/Mixin) Renaming @Accessor method getWRITABLE_REGISTRY()Lnet/minecraft/registry/MutableRegistry; to getWRITABLE_REGISTRY$fabric-registry-sync-v0_$md$66d4ed$0 in fabric-registry-sync-v0.mixins.json:BuiltInRegistriesAccessor from mod fabric-registry-sync-v0
[14:52:49] [main/DEBUG] (FabricLoader/Mixin) Mixing BuiltInRegistriesMixin from fabric-registry-sync-v0.mixins.json into net.minecraft.registry.Registries
[14:52:49] [main/DEBUG] (FabricLoader/Mixin) fabric-item-api-v1.mixins.json:BuiltInRegistriesMixin from mod fabric-item-api-v1->@Inject::modifyDefaultItemComponents(Lorg/spongepowered/asm/mixin/injection/callback/CallbackInfo;)V doesn't use it's CallbackInfo
[14:52:49] [main/DEBUG] (FabricLoader/Mixin) fabric-registry-sync-v0.mixins.json:BuiltInRegistriesMixin from mod fabric-registry-sync-v0->@Inject::init(Lorg/spongepowered/asm/mixin/injection/callback/CallbackInfo;)V does use it's CallbackInfo
[14:52:49] [main/DEBUG] (FabricLoader/Mixin) Mixing MappedRegistryAccessor from fabric-registry-sync-v0.mixins.json into net.minecraft.registry.SimpleRegistry
[14:52:49] [main/DEBUG] (FabricLoader/Mixin) Mixing MappedRegistryMixin from fabric-registry-sync-v0.mixins.json into net.minecraft.registry.SimpleRegistry
[14:52:49] [main/DEBUG] (FabricLoader/Mixin) Renaming synthetic method lambda$remap$5()Lnet/fabricmc/fabric/impl/registry/sync/RemapException; to md66d4ed$fabric-registry-sync-v0$lambda$remap$5$0 in fabric-registry-sync-v0.mixins.json:MappedRegistryMixin from mod fabric-registry-sync-v0
[14:52:49] [main/DEBUG] (FabricLoader/Mixin) Renaming synthetic method lambda$init$4([Lnet/fabricmc/fabric/api/event/registry/RegistryIdRemapCallback;)Lnet/fabricmc/fabric/api/event/registry/RegistryIdRemapCallback; to md66d4ed$fabric-registry-sync-v0$lambda$init$4$1 in fabric-registry-sync-v0.mixins.json:MappedRegistryMixin from mod fabric-registry-sync-v0
[14:52:49] [main/DEBUG] (FabricLoader/Mixin) Renaming synthetic method lambda$init$3([Lnet/fabricmc/fabric/api/event/registry/RegistryIdRemapCallback;Lnet/fabricmc/fabric/api/event/registry/RegistryIdRemapCallback$RemapState;)V to md66d4ed$fabric-registry-sync-v0$lambda$init$3$2 in fabric-registry-sync-v0.mixins.json:MappedRegistryMixin from mod fabric-registry-sync-v0
[14:52:49] [main/DEBUG] (FabricLoader/Mixin) Renaming synthetic method lambda$init$2(ILnet/minecraft/util/Identifier;Ljava/lang/Object;)V to md66d4ed$fabric-registry-sync-v0$lambda$init$2$3 in fabric-registry-sync-v0.mixins.json:MappedRegistryMixin from mod fabric-registry-sync-v0
[14:52:49] [main/DEBUG] (FabricLoader/Mixin) Renaming synthetic method lambda$init$1([Lnet/fabricmc/fabric/api/event/registry/RegistryEntryAddedCallback;)Lnet/fabricmc/fabric/api/event/registry/RegistryEntryAddedCallback; to md66d4ed$fabric-registry-sync-v0$lambda$init$1$4 in fabric-registry-sync-v0.mixins.json:MappedRegistryMixin from mod fabric-registry-sync-v0
[14:52:49] [main/DEBUG] (FabricLoader/Mixin) Renaming synthetic method lambda$init$0([Lnet/fabricmc/fabric/api/event/registry/RegistryEntryAddedCallback;ILnet/minecraft/util/Identifier;Ljava/lang/Object;)V to md66d4ed$fabric-registry-sync-v0$lambda$init$0$5 in fabric-registry-sync-v0.mixins.json:MappedRegistryMixin from mod fabric-registry-sync-v0
[14:52:49] [main/DEBUG] (FabricLoader/Mixin) Mixing MappedRegistryMixin from fabric-tag-api-v1.mixins.json into net.minecraft.registry.SimpleRegistry
[14:52:49] [main/DEBUG] (FabricLoader/Mixin) fabric-registry-sync-v0.mixins.json:MappedRegistryMixin from mod fabric-registry-sync-v0->@Inject::init(Lnet/minecraft/registry/RegistryKey;Lcom/mojang/serialization/Lifecycle;ZLorg/spongepowered/asm/mixin/injection/callback/CallbackInfo;)V doesn't use it's CallbackInfo
[14:52:49] [main/DEBUG] (FabricLoader/Mixin) fabric-registry-sync-v0.mixins.json:MappedRegistryMixin from mod fabric-registry-sync-v0->@Inject::init(Lnet/minecraft/registry/RegistryKey;Lcom/mojang/serialization/Lifecycle;ZLorg/spongepowered/asm/mixin/injection/callback/CallbackInfo;)V has 0 override(s) in child classes
[14:52:49] [main/DEBUG] (FabricLoader/Mixin) fabric-registry-sync-v0.mixins.json:MappedRegistryMixin from mod fabric-registry-sync-v0->@Inject::init(Lnet/minecraft/registry/RegistryKey;Lcom/mojang/serialization/Lifecycle;ZLorg/spongepowered/asm/mixin/injection/callback/CallbackInfo;)V won't be passed a CallbackInfo as a result
[14:52:49] [main/DEBUG] (FabricLoader/Mixin) fabric-registry-sync-v0.mixins.json:MappedRegistryMixin from mod fabric-registry-sync-v0->@Inject::set(Lnet/minecraft/registry/RegistryKey;Ljava/lang/Object;Lnet/minecraft/registry/entry/RegistryEntryInfo;Lorg/spongepowered/asm/mixin/injection/callback/CallbackInfoReturnable;)V does use it's CallbackInfoReturnable
[14:52:49] [main/DEBUG] (FabricLoader/Mixin) Mixing RegistriesMixin from fabric-registry-sync-v0.mixins.json into net.minecraft.registry.RegistryKeys
[14:52:49] [main/DEBUG] (FabricLoader/Mixin) Mixing ArgumentTypeInfosAccessor from fabric-command-api-v2.mixins.json into net.minecraft.command.argument.ArgumentTypes
[14:52:49] [main/DEBUG] (FabricLoader/Mixin) Renaming @Accessor method fabric_getClassMap()Ljava/util/Map; to fabric_getClassMap$fabric-command-api-v2_$md$66d4ed$0 in fabric-command-api-v2.mixins.json:ArgumentTypeInfosAccessor from mod fabric-command-api-v2
[14:52:49] [main/DEBUG] (FabricLoader/Mixin) Mixing CreativeModeTabsMixin from fabric-item-group-api-v1.mixins.json into net.minecraft.item.ItemGroups
[14:52:49] [main/DEBUG] (FabricLoader/Mixin) Renaming synthetic method lambda$paginateGroups$0(Lnet/minecraft/registry/entry/RegistryEntry$Reference;Lnet/minecraft/registry/entry/RegistryEntry$Reference;)I to md66d4ed$fabric-item-group-api-v1$lambda$paginateGroups$0$0 in fabric-item-group-api-v1.mixins.json:CreativeModeTabsMixin from mod fabric-item-group-api-v1
[14:52:49] [main/DEBUG] (FabricLoader/Mixin) fabric-item-group-api-v1.mixins.json:CreativeModeTabsMixin from mod fabric-item-group-api-v1->@Inject::deferDuplicateCheck(Lorg/spongepowered/asm/mixin/injection/callback/CallbackInfo;)V does use it's CallbackInfo
[14:52:49] [main/DEBUG] (FabricLoader/Mixin) fabric-item-group-api-v1.mixins.json:CreativeModeTabsMixin from mod fabric-item-group-api-v1->@Inject::paginateGroups(Lorg/spongepowered/asm/mixin/injection/callback/CallbackInfo;)V doesn't use it's CallbackInfo
[14:52:49] [main/DEBUG] (FabricLoader/Mixin) Mixing CreativeModeTabAccessor from fabric-item-group-api-v1.mixins.json into net.minecraft.item.ItemGroup
[14:52:49] [main/DEBUG] (FabricLoader/Mixin) Mixing CreativeModeTabMixin from fabric-item-group-api-v1.mixins.json into net.minecraft.item.ItemGroup
[14:52:49] [main/DEBUG] (FabricLoader/Mixin) Renaming synthetic method lambda$getStacks$0(Lnet/minecraft/item/ItemGroup;)Ljava/lang/IllegalStateException; to md66d4ed$fabric-item-group-api-v1$lambda$getStacks$0$0 in fabric-item-group-api-v1.mixins.json:CreativeModeTabMixin from mod fabric-item-group-api-v1
[14:52:49] [main/DEBUG] (FabricLoader/Mixin) fabric-item-group-api-v1.mixins.json:CreativeModeTabMixin from mod fabric-item-group-api-v1->@Inject::getStacks(Lnet/minecraft/item/ItemGroup$DisplayContext;Lorg/spongepowered/asm/mixin/injection/callback/CallbackInfo;)V doesn't use it's CallbackInfo
[14:52:49] [main/DEBUG] (FabricLoader/Mixin) fabric-item-group-api-v1.mixins.json:CreativeModeTabMixin from mod fabric-item-group-api-v1->@Inject::getStacks(Lnet/minecraft/item/ItemGroup$DisplayContext;Lorg/spongepowered/asm/mixin/injection/callback/CallbackInfo;)V has 0 override(s) in child classes
[14:52:49] [main/DEBUG] (FabricLoader/Mixin) fabric-item-group-api-v1.mixins.json:CreativeModeTabMixin from mod fabric-item-group-api-v1->@Inject::getStacks(Lnet/minecraft/item/ItemGroup$DisplayContext;Lorg/spongepowered/asm/mixin/injection/callback/CallbackInfo;)V won't be passed a CallbackInfo as a result
[14:52:49] [main/DEBUG] (FabricLoader/Mixin) Mixing GameRuleMixin from fabric-game-rule-api-v1.mixins.json into net.minecraft.world.rule.GameRule
[14:52:49] [main/DEBUG] (FabricLoader/Mixin) Renaming synthetic method lambda$deserializeEnum$1(Ljava/lang/String;)Ljava/lang/String; to md66d4ed$fabric-game-rule-api-v1$lambda$deserializeEnum$1$0 in fabric-game-rule-api-v1.mixins.json:GameRuleMixin from mod fabric-game-rule-api-v1
[14:52:49] [main/DEBUG] (FabricLoader/Mixin) Renaming synthetic method lambda$deserializeEnum$0(Ljava/lang/String;Ljava/lang/Class;)Ljava/lang/String; to md66d4ed$fabric-game-rule-api-v1$lambda$deserializeEnum$0$1 in fabric-game-rule-api-v1.mixins.json:GameRuleMixin from mod fabric-game-rule-api-v1
[14:52:49] [main/DEBUG] (FabricLoader/Mixin) Mixing FireBlockMixin from fabric-content-registries-v0.mixins.json into net.minecraft.block.FireBlock
[14:52:49] [main/DEBUG] (FabricLoader/Mixin) fabric-content-registries-v0.mixins.json:FireBlockMixin from mod fabric-content-registries-v0->@Inject::afterConstruct(Lnet/minecraft/block/AbstractBlock$Settings;Lorg/spongepowered/asm/mixin/injection/callback/CallbackInfo;)V doesn't use it's CallbackInfo
[14:52:49] [main/DEBUG] (FabricLoader/Mixin) fabric-content-registries-v0.mixins.json:FireBlockMixin from mod fabric-content-registries-v0->@Inject::afterConstruct(Lnet/minecraft/block/AbstractBlock$Settings;Lorg/spongepowered/asm/mixin/injection/callback/CallbackInfo;)V has 0 override(s) in child classes
[14:52:49] [main/DEBUG] (FabricLoader/Mixin) fabric-content-registries-v0.mixins.json:FireBlockMixin from mod fabric-content-registries-v0->@Inject::afterConstruct(Lnet/minecraft/block/AbstractBlock$Settings;Lorg/spongepowered/asm/mixin/injection/callback/CallbackInfo;)V won't be passed a CallbackInfo as a result
[14:52:49] [main/DEBUG] (FabricLoader/Mixin) fabric-content-registries-v0.mixins.json:FireBlockMixin from mod fabric-content-registries-v0->@Inject::getFabricBurnChance(Lnet/minecraft/block/BlockState;Lorg/spongepowered/asm/mixin/injection/callback/CallbackInfoReturnable;)V does use it's CallbackInfoReturnable
[14:52:49] [main/DEBUG] (FabricLoader/Mixin) fabric-content-registries-v0.mixins.json:FireBlockMixin from mod fabric-content-registries-v0->@Inject::getFabricSpreadChance(Lnet/minecraft/block/BlockState;Lorg/spongepowered/asm/mixin/injection/callback/CallbackInfoReturnable;)V does use it's CallbackInfoReturnable
[14:52:49] [main/DEBUG] (FabricLoader/Mixin) Mixing BlockMixin from fabric-block-api-v1.mixins.json into net.minecraft.block.Block
[14:52:49] [main/DEBUG] (FabricLoader/Mixin) Mixing BlockBehaviourAccessor from fabric-content-registries-v0.mixins.json into net.minecraft.block.AbstractBlock
[14:52:49] [main/DEBUG] (FabricLoader/Mixin) Mixing BlockGetterMixin from fabric-block-view-api-v2.mixins.json into net.minecraft.world.BlockView
[14:52:49] [main/DEBUG] (FabricLoader/Mixin) Mixing AttachmentTargetsMixin from fabric-data-attachment-api-v1.mixins.json into net.minecraft.entity.Entity
[14:52:49] [main/DEBUG] (FabricLoader/Mixin) Renaming synthetic method lambda$fabric_readAttachmentsFromNbt$3(Lnet/minecraft/storage/ReadView;Lnet/fabricmc/fabric/api/attachment/v1/AttachmentType;Ljava/lang/Object;)V to md66d4ed$fabric-data-attachment-api-v1$lambda$fabric_readAttachmentsFromNbt$3$0 in fabric-data-attachment-api-v1.mixins.json:AttachmentTargetsMixin from mod fabric-data-attachment-api-v1
[14:52:49] [main/DEBUG] (FabricLoader/Mixin) Renaming synthetic method lambda$onAttachedSet$2(Lnet/fabricmc/fabric/api/attachment/v1/AttachmentType;)Lnet/fabricmc/fabric/api/event/Event; to md66d4ed$fabric-data-attachment-api-v1$lambda$onAttachedSet$2$1 in fabric-data-attachment-api-v1.mixins.json:AttachmentTargetsMixin from mod fabric-data-attachment-api-v1
[14:52:49] [main/DEBUG] (FabricLoader/Mixin) Renaming synthetic method lambda$onAttachedSet$1([Lnet/fabricmc/fabric/api/attachment/v1/AttachmentTarget$OnAttachedSet;)Lnet/fabricmc/fabric/api/attachment/v1/AttachmentTarget$OnAttachedSet; to md66d4ed$fabric-data-attachment-api-v1$lambda$onAttachedSet$1$2 in fabric-data-attachment-api-v1.mixins.json:AttachmentTargetsMixin from mod fabric-data-attachment-api-v1
[14:52:49] [main/DEBUG] (FabricLoader/Mixin) Renaming synthetic method lambda$onAttachedSet$0([Lnet/fabricmc/fabric/api/attachment/v1/AttachmentTarget$OnAttachedSet;Ljava/lang/Object;Ljava/lang/Object;)V to md66d4ed$fabric-data-attachment-api-v1$lambda$onAttachedSet$0$3 in fabric-data-attachment-api-v1.mixins.json:AttachmentTargetsMixin from mod fabric-data-attachment-api-v1
[14:52:49] [main/DEBUG] (FabricLoader/Mixin) Mixing EntityMixin from fabric-data-attachment-api-v1.mixins.json into net.minecraft.entity.Entity
[14:52:49] [main/DEBUG] (FabricLoader/Mixin) Renaming synthetic method lambda$fabric_syncChange$0(Lnet/fabricmc/fabric/api/attachment/v1/AttachmentSyncPredicate;Lnet/fabricmc/fabric/impl/attachment/sync/AttachmentChange;Lnet/minecraft/server/network/ServerPlayerEntity;)V to md66d4ed$fabric-data-attachment-api-v1$lambda$fabric_syncChange$0$4 in fabric-data-attachment-api-v1.mixins.json:EntityMixin from mod fabric-data-attachment-api-v1
[14:52:49] [main/DEBUG] (FabricLoader/Mixin) Mixing EntityMixin from fabric-particles-v1.mixins.json into net.minecraft.entity.Entity
[14:52:49] [main/DEBUG] (FabricLoader/Mixin) Mixing EntityMixin from fabric-entity-events-v1.mixins.json into net.minecraft.entity.Entity
[14:52:49] [main/DEBUG] (FabricLoader/Mixin) fabric-data-attachment-api-v1.mixins.json:EntityMixin from mod fabric-data-attachment-api-v1->@Inject::readEntityAttachments(Lnet/minecraft/storage/ReadView;Lorg/spongepowered/asm/mixin/injection/callback/CallbackInfo;)V doesn't use it's CallbackInfo
[14:52:49] [main/DEBUG] (FabricLoader/Mixin) fabric-data-attachment-api-v1.mixins.json:EntityMixin from mod fabric-data-attachment-api-v1->@Inject::readEntityAttachments(Lnet/minecraft/storage/ReadView;Lorg/spongepowered/asm/mixin/injection/callback/CallbackInfo;)V has 0 override(s) in child classes
[14:52:49] [main/DEBUG] (FabricLoader/Mixin) fabric-data-attachment-api-v1.mixins.json:EntityMixin from mod fabric-data-attachment-api-v1->@Inject::readEntityAttachments(Lnet/minecraft/storage/ReadView;Lorg/spongepowered/asm/mixin/injection/callback/CallbackInfo;)V won't be passed a CallbackInfo as a result
[14:52:49] [main/DEBUG] (FabricLoader/Mixin) fabric-data-attachment-api-v1.mixins.json:EntityMixin from mod fabric-data-attachment-api-v1->@Inject::writeEntityAttachments(Lnet/minecraft/storage/WriteView;Lorg/spongepowered/asm/mixin/injection/callback/CallbackInfo;)V doesn't use it's CallbackInfo
[14:52:49] [main/DEBUG] (FabricLoader/Mixin) fabric-data-attachment-api-v1.mixins.json:EntityMixin from mod fabric-data-attachment-api-v1->@Inject::writeEntityAttachments(Lnet/minecraft/storage/WriteView;Lorg/spongepowered/asm/mixin/injection/callback/CallbackInfo;)V has 0 override(s) in child classes
[14:52:49] [main/DEBUG] (FabricLoader/Mixin) fabric-data-attachment-api-v1.mixins.json:EntityMixin from mod fabric-data-attachment-api-v1->@Inject::writeEntityAttachments(Lnet/minecraft/storage/WriteView;Lorg/spongepowered/asm/mixin/injection/callback/CallbackInfo;)V won't be passed a CallbackInfo as a result
[14:52:49] [main/DEBUG] (FabricLoader/Mixin) Mixing PlayerMixin from fabric-entity-events-v1.mixins.json into net.minecraft.entity.player.PlayerEntity
[14:52:49] [main/DEBUG] (FabricLoader/Mixin) Mixing PlayerEntityMixin from simplebuilding.mixins.json into net.minecraft.entity.player.PlayerEntity
[14:52:49] [main/DEBUG] (FabricLoader/Mixin) fabric-entity-events-v1.mixins.json:PlayerMixin from mod fabric-entity-events-v1->@Inject::onTrySleep(Lnet/minecraft/util/math/BlockPos;Lorg/spongepowered/asm/mixin/injection/callback/CallbackInfoReturnable;)V does use it's CallbackInfoReturnable
[14:52:49] [main/DEBUG] (FabricLoader/Mixin) fabric-entity-events-v1.mixins.json:PlayerMixin from mod fabric-entity-events-v1->@Inject::onIsSleepingLongEnough(Lorg/spongepowered/asm/mixin/injection/callback/CallbackInfoReturnable;)V does use it's CallbackInfoReturnable
[14:52:49] [main/DEBUG] (FabricLoader/Mixin) simplebuilding.mixins.json:PlayerEntityMixin from mod simplebuilding->@Inject::simplebuilding$tickLogic(Lorg/spongepowered/asm/mixin/injection/callback/CallbackInfo;)V doesn't use it's CallbackInfo
[14:52:49] [main/DEBUG] (FabricLoader/Mixin) simplebuilding.mixins.json:PlayerEntityMixin from mod simplebuilding->@Inject::simplebuilding$tickLogic(Lorg/spongepowered/asm/mixin/injection/callback/CallbackInfo;)V has 0 override(s) in child classes
[14:52:49] [main/DEBUG] (FabricLoader/Mixin) simplebuilding.mixins.json:PlayerEntityMixin from mod simplebuilding->@Inject::simplebuilding$tickLogic(Lorg/spongepowered/asm/mixin/injection/callback/CallbackInfo;)V won't be passed a CallbackInfo as a result
[14:52:49] [main/DEBUG] (FabricLoader/Mixin) simplebuilding.mixins.json:PlayerEntityMixin from mod simplebuilding->@Inject::modifyMiningSpeedForStripMiner(Lnet/minecraft/block/BlockState;Lorg/spongepowered/asm/mixin/injection/callback/CallbackInfoReturnable;)V does use it's CallbackInfoReturnable
[14:52:49] [main/DEBUG] (FabricLoader/Mixin) simplebuilding.mixins.json:PlayerEntityMixin from mod simplebuilding->@Inject::simplebuilding$modifyLuck(Lorg/spongepowered/asm/mixin/injection/callback/CallbackInfoReturnable;)V does use it's CallbackInfoReturnable
[14:52:49] [main/DEBUG] (FabricLoader/Mixin) simplebuilding.mixins.json:PlayerEntityMixin from mod simplebuilding->@Inject::simplebuilding$modifyWalkSpeed(Lorg/spongepowered/asm/mixin/injection/callback/CallbackInfoReturnable;)V does use it's CallbackInfoReturnable
[14:52:49] [main/DEBUG] (FabricLoader/Mixin) Mixing LivingEntityMixin from fabric-particles-v1.mixins.json into net.minecraft.entity.LivingEntity
[14:52:49] [main/DEBUG] (FabricLoader/Mixin) Mixing LivingEntityMixin from fabric-entity-events-v1.mixins.json into net.minecraft.entity.LivingEntity
[14:52:49] [main/DEBUG] (FabricLoader/Mixin) Mixing elytra.LivingEntityMixin from fabric-entity-events-v1.mixins.json into net.minecraft.entity.LivingEntity
[14:52:49] [main/DEBUG] (FabricLoader/Mixin) Mixing LivingEntityMixin from fabric-block-api-v1.mixins.json into net.minecraft.entity.LivingEntity
[14:52:49] [main/DEBUG] (FabricLoader/Mixin) Mixing LivingEntityMixin from simplebuilding.mixins.json into net.minecraft.entity.LivingEntity
[14:52:49] [main/DEBUG] (FabricLoader/Mixin) Mixing LivingEntityMixin from fabric-lifecycle-events-v1.mixins.json into net.minecraft.entity.LivingEntity
[14:52:49] [main/DEBUG] (FabricLoader/Mixin) Mixing LivingEntityMixin from fabric-item-api-v1.mixins.json into net.minecraft.entity.LivingEntity
[14:52:49] [main/DEBUG] (FabricLoader/Mixin) fabric-entity-events-v1.mixins.json:LivingEntityMixin from mod fabric-entity-events-v1->@Inject::notifyDeath(Lnet/minecraft/entity/damage/DamageSource;Lorg/spongepowered/asm/mixin/injection/callback/CallbackInfo;)V doesn't use it's CallbackInfo
[14:52:49] [main/DEBUG] (FabricLoader/Mixin) fabric-entity-events-v1.mixins.json:LivingEntityMixin from mod fabric-entity-events-v1->@Inject::notifyDeath(Lnet/minecraft/entity/damage/DamageSource;Lorg/spongepowered/asm/mixin/injection/callback/CallbackInfo;)V has 0 override(s) in child classes
[14:52:49] [main/DEBUG] (FabricLoader/Mixin) fabric-entity-events-v1.mixins.json:LivingEntityMixin from mod fabric-entity-events-v1->@Inject::notifyDeath(Lnet/minecraft/entity/damage/DamageSource;Lorg/spongepowered/asm/mixin/injection/callback/CallbackInfo;)V won't be passed a CallbackInfo as a result
[14:52:49] [main/DEBUG] (FabricLoader/Mixin) fabric-entity-events-v1.mixins.json:LivingEntityMixin from mod fabric-entity-events-v1->@Inject::beforeDamage(Lnet/minecraft/server/world/ServerWorld;Lnet/minecraft/entity/damage/DamageSource;FLorg/spongepowered/asm/mixin/injection/callback/CallbackInfoReturnable;)V does use it's CallbackInfoReturnable
[14:52:49] [main/DEBUG] (FabricLoader/Mixin) fabric-entity-events-v1.mixins.json:LivingEntityMixin from mod fabric-entity-events-v1->@Inject::afterDamage(Lnet/minecraft/server/world/ServerWorld;Lnet/minecraft/entity/damage/DamageSource;FLorg/spongepowered/asm/mixin/injection/callback/CallbackInfoReturnable;)V doesn't use it's CallbackInfoReturnable
[14:52:49] [main/DEBUG] (FabricLoader/Mixin) fabric-entity-events-v1.mixins.json:LivingEntityMixin from mod fabric-entity-events-v1->@Inject::afterDamage(Lnet/minecraft/server/world/ServerWorld;Lnet/minecraft/entity/damage/DamageSource;FLorg/spongepowered/asm/mixin/injection/callback/CallbackInfoReturnable;)V has 0 override(s) in child classes
[14:52:49] [main/DEBUG] (FabricLoader/Mixin) fabric-entity-events-v1.mixins.json:LivingEntityMixin from mod fabric-entity-events-v1->@Inject::afterDamage(Lnet/minecraft/server/world/ServerWorld;Lnet/minecraft/entity/damage/DamageSource;FLorg/spongepowered/asm/mixin/injection/callback/CallbackInfoReturnable;)V won't be passed a CallbackInfoReturnable as a result
[14:52:49] [main/DEBUG] (FabricLoader/Mixin) fabric-entity-events-v1.mixins.json:LivingEntityMixin from mod fabric-entity-events-v1->@Inject::onSleep(Lnet/minecraft/util/math/BlockPos;Lorg/spongepowered/asm/mixin/injection/callback/CallbackInfo;)V doesn't use it's CallbackInfo
[14:52:49] [main/DEBUG] (FabricLoader/Mixin) fabric-entity-events-v1.mixins.json:LivingEntityMixin from mod fabric-entity-events-v1->@Inject::onSleep(Lnet/minecraft/util/math/BlockPos;Lorg/spongepowered/asm/mixin/injection/callback/CallbackInfo;)V has 0 override(s) in child classes
[14:52:49] [main/DEBUG] (FabricLoader/Mixin) fabric-entity-events-v1.mixins.json:LivingEntityMixin from mod fabric-entity-events-v1->@Inject::onSleep(Lnet/minecraft/util/math/BlockPos;Lorg/spongepowered/asm/mixin/injection/callback/CallbackInfo;)V won't be passed a CallbackInfo as a result
[14:52:49] [main/DEBUG] (FabricLoader/Mixin) fabric-entity-events-v1.mixins.json:LivingEntityMixin from mod fabric-entity-events-v1->@Inject::onWakeUp(Lorg/spongepowered/asm/mixin/injection/callback/CallbackInfo;)V doesn't use it's CallbackInfo
[14:52:49] [main/DEBUG] (FabricLoader/Mixin) fabric-entity-events-v1.mixins.json:LivingEntityMixin from mod fabric-entity-events-v1->@Inject::onWakeUp(Lorg/spongepowered/asm/mixin/injection/callback/CallbackInfo;)V has 0 override(s) in child classes
[14:52:49] [main/DEBUG] (FabricLoader/Mixin) fabric-entity-events-v1.mixins.json:LivingEntityMixin from mod fabric-entity-events-v1->@Inject::onWakeUp(Lorg/spongepowered/asm/mixin/injection/callback/CallbackInfo;)V won't be passed a CallbackInfo as a result
[14:52:49] [main/DEBUG] (FabricLoader/Mixin) fabric-entity-events-v1.mixins.json:LivingEntityMixin from mod fabric-entity-events-v1->@Inject::onIsSleepingInBed(Lnet/minecraft/util/math/BlockPos;Lorg/spongepowered/asm/mixin/injection/callback/CallbackInfoReturnable;)V does use it's CallbackInfoReturnable
[14:52:49] [main/DEBUG] (FabricLoader/Mixin) fabric-entity-events-v1.mixins.json:elytra.LivingEntityMixin from mod fabric-entity-events-v1->@Inject::injectElytraTick(Lorg/spongepowered/asm/mixin/injection/callback/CallbackInfo;)V does use it's CallbackInfo
[14:52:49] [main/DEBUG] (FabricLoader/Mixin) fabric-entity-events-v1.mixins.json:elytra.LivingEntityMixin from mod fabric-entity-events-v1->@Inject::injectElytraCheck(Lorg/spongepowered/asm/mixin/injection/callback/CallbackInfoReturnable;)V does use it's CallbackInfoReturnable
[14:52:49] [main/DEBUG] (FabricLoader/Mixin) fabric-block-api-v1.mixins.json:LivingEntityMixin from mod fabric-block-api-v1->@Inject::allowTaggedBlocksForTrapdoorClimbing(Lnet/minecraft/util/math/BlockPos;Lnet/minecraft/block/BlockState;Lorg/spongepowered/asm/mixin/injection/callback/CallbackInfoReturnable;)V does use it's CallbackInfoReturnable
[14:52:49] [main/DEBUG] (FabricLoader/Mixin) simplebuilding.mixins.json:LivingEntityMixin from mod simplebuilding->@Inject::simplebuilding$modifySwimSpeed(Lorg/spongepowered/asm/mixin/injection/callback/CallbackInfoReturnable;)V does use it's CallbackInfoReturnable
[14:52:49] [main/DEBUG] (FabricLoader/Mixin) simplebuilding.mixins.json:LivingEntityMixin from mod simplebuilding->@Inject::simplebuilding$modifySwimSpeed(Lorg/spongepowered/asm/mixin/injection/callback/CallbackInfoReturnable;)V does use it's CallbackInfoReturnable
[14:52:49] [main/DEBUG] (FabricLoader/Mixin) simplebuilding.mixins.json:LivingEntityMixin from mod simplebuilding->@Inject::simplebuilding$modifyAir(ILorg/spongepowered/asm/mixin/injection/callback/CallbackInfoReturnable;)V does use it's CallbackInfoReturnable
[14:52:49] [main/DEBUG] (FabricLoader/Mixin) simplebuilding.mixins.json:LivingEntityMixin from mod simplebuilding->@Inject::simplebuilding$tickEffects(Lorg/spongepowered/asm/mixin/injection/callback/CallbackInfo;)V doesn't use it's CallbackInfo
[14:52:49] [main/DEBUG] (FabricLoader/Mixin) simplebuilding.mixins.json:LivingEntityMixin from mod simplebuilding->@Inject::simplebuilding$tickEffects(Lorg/spongepowered/asm/mixin/injection/callback/CallbackInfo;)V has 0 override(s) in child classes
[14:52:49] [main/DEBUG] (FabricLoader/Mixin) simplebuilding.mixins.json:LivingEntityMixin from mod simplebuilding->@Inject::simplebuilding$tickEffects(Lorg/spongepowered/asm/mixin/injection/callback/CallbackInfo;)V won't be passed a CallbackInfo as a result
[14:52:49] [main/DEBUG] (FabricLoader/Mixin) simplebuilding.mixins.json:LivingEntityMixin from mod simplebuilding->@Inject::simplebuilding$materialTickEffects(Lorg/spongepowered/asm/mixin/injection/callback/CallbackInfo;)V doesn't use it's CallbackInfo
[14:52:49] [main/DEBUG] (FabricLoader/Mixin) simplebuilding.mixins.json:LivingEntityMixin from mod simplebuilding->@Inject::simplebuilding$materialTickEffects(Lorg/spongepowered/asm/mixin/injection/callback/CallbackInfo;)V has 0 override(s) in child classes
[14:52:49] [main/DEBUG] (FabricLoader/Mixin) simplebuilding.mixins.json:LivingEntityMixin from mod simplebuilding->@Inject::simplebuilding$materialTickEffects(Lorg/spongepowered/asm/mixin/injection/callback/CallbackInfo;)V won't be passed a CallbackInfo as a result
[14:52:49] [main/DEBUG] (FabricLoader/Mixin) simplebuilding.mixins.json:LivingEntityMixin from mod simplebuilding->@Inject::simplebuilding$modifyVisibility(Lnet/minecraft/entity/Entity;Lorg/spongepowered/asm/mixin/injection/callback/CallbackInfoReturnable;)V does use it's CallbackInfoReturnable
[14:52:49] [main/DEBUG] (FabricLoader/Mixin) simplebuilding.mixins.json:LivingEntityMixin from mod simplebuilding->@Inject::modifyVoidDamage(Lnet/minecraft/server/world/ServerWorld;Lnet/minecraft/entity/damage/DamageSource;FLorg/spongepowered/asm/mixin/injection/callback/CallbackInfoReturnable;)V does use it's CallbackInfoReturnable
[14:52:49] [main/DEBUG] (FabricLoader/Mixin) fabric-lifecycle-events-v1.mixins.json:LivingEntityMixin from mod fabric-lifecycle-events-v1->@Inject::getEquipmentChanges(Lorg/spongepowered/asm/mixin/injection/callback/CallbackInfoReturnable;)V doesn't use it's CallbackInfoReturnable
[14:52:49] [main/DEBUG] (FabricLoader/Mixin) fabric-lifecycle-events-v1.mixins.json:LivingEntityMixin from mod fabric-lifecycle-events-v1->@Inject::getEquipmentChanges(Lorg/spongepowered/asm/mixin/injection/callback/CallbackInfoReturnable;)V has 0 override(s) in child classes
[14:52:49] [main/DEBUG] (FabricLoader/Mixin) fabric-lifecycle-events-v1.mixins.json:LivingEntityMixin from mod fabric-lifecycle-events-v1->@Inject::getEquipmentChanges(Lorg/spongepowered/asm/mixin/injection/callback/CallbackInfoReturnable;)V won't be passed a CallbackInfoReturnable as a result
[14:52:49] [main/DEBUG] (FabricLoader/Mixin) fabric-item-api-v1.mixins.json:LivingEntityMixin from mod fabric-item-api-v1->@Inject::onGetPreferredEquipmentSlot(Lnet/minecraft/item/ItemStack;Lorg/spongepowered/asm/mixin/injection/callback/CallbackInfoReturnable;)V does use it's CallbackInfoReturnable
[14:52:49] [main/DEBUG] (FabricLoader/Mixin) Mixing EnderiteItemMixin from simplebuilding.mixins.json into net.minecraft.entity.ItemEntity
[14:52:49] [main/DEBUG] (FabricLoader/Mixin) Mixing ItemEntityMixin from simplebuilding.mixins.json into net.minecraft.entity.ItemEntity
[14:52:49] [main/DEBUG] (FabricLoader/Mixin) simplebuilding.mixins.json:EnderiteItemMixin from mod simplebuilding->@Inject::onTick(Lorg/spongepowered/asm/mixin/injection/callback/CallbackInfo;)V doesn't use it's CallbackInfo
[14:52:49] [main/DEBUG] (FabricLoader/Mixin) simplebuilding.mixins.json:EnderiteItemMixin from mod simplebuilding->@Inject::onTick(Lorg/spongepowered/asm/mixin/injection/callback/CallbackInfo;)V has 0 override(s) in child classes
[14:52:49] [main/DEBUG] (FabricLoader/Mixin) simplebuilding.mixins.json:EnderiteItemMixin from mod simplebuilding->@Inject::onTick(Lorg/spongepowered/asm/mixin/injection/callback/CallbackInfo;)V won't be passed a CallbackInfo as a result
[14:52:49] [main/DEBUG] (FabricLoader/Mixin) simplebuilding.mixins.json:ItemEntityMixin from mod simplebuilding->@Inject::isNetheriteBundleImmune(Lnet/minecraft/world/explosion/Explosion;Lorg/spongepowered/asm/mixin/injection/callback/CallbackInfoReturnable;)V does use it's CallbackInfoReturnable
[14:52:49] [main/DEBUG] (FabricLoader/Mixin) simplebuilding.mixins.json:ItemEntityMixin from mod simplebuilding->@Inject::onPlayerCollision(Lnet/minecraft/entity/player/PlayerEntity;Lorg/spongepowered/asm/mixin/injection/callback/CallbackInfo;)V does use it's CallbackInfo
[14:52:49] [main/DEBUG] (FabricLoader/Mixin) simplebuilding.mixins.json:ItemEntityMixin from mod simplebuilding->@Inject::floatInVoid(Lorg/spongepowered/asm/mixin/injection/callback/CallbackInfo;)V doesn't use it's CallbackInfo
[14:52:49] [main/DEBUG] (FabricLoader/Mixin) simplebuilding.mixins.json:ItemEntityMixin from mod simplebuilding->@Inject::floatInVoid(Lorg/spongepowered/asm/mixin/injection/callback/CallbackInfo;)V has 0 override(s) in child classes
[14:52:49] [main/DEBUG] (FabricLoader/Mixin) simplebuilding.mixins.json:ItemEntityMixin from mod simplebuilding->@Inject::floatInVoid(Lorg/spongepowered/asm/mixin/injection/callback/CallbackInfo;)V won't be passed a CallbackInfo as a result
[14:52:49] [main/DEBUG] (FabricLoader/Mixin) Mixing LevelReaderMixin from fabric-block-view-api-v2.mixins.json into net.minecraft.world.WorldView
[14:52:49] [main/DEBUG] (FabricLoader/Mixin) Mixing AttachmentTargetsMixin from fabric-data-attachment-api-v1.mixins.json into net.minecraft.world.World
[14:52:49] [main/DEBUG] (FabricLoader/Mixin) Mixing LevelMixin from fabric-data-attachment-api-v1.mixins.json into net.minecraft.world.World
[14:52:49] [main/DEBUG] (FabricLoader/Mixin) Mixing LevelMixin from fabric-lifecycle-events-v1.mixins.json into net.minecraft.world.World
[14:52:49] [main/DEBUG] (FabricLoader/Mixin) Mixing ServerLevelMixin from fabric-data-attachment-api-v1.mixins.json into net.minecraft.server.world.ServerWorld
[14:52:49] [main/DEBUG] (FabricLoader/Mixin) Discarding sythetic bridge method synthetic in getEnvironmentAttributes because existing method in fabric-data-attachment-api-v1.mixins.json:ServerLevelMixin from mod fabric-data-attachment-api-v1 is compatible
[14:52:49] [main/DEBUG] (FabricLoader/Mixin) Renaming synthetic method lambda$fabric_syncChange$1(Lnet/fabricmc/fabric/api/attachment/v1/AttachmentType;Lnet/fabricmc/fabric/impl/attachment/sync/AttachmentChange;Lnet/minecraft/server/network/ServerPlayerEntity;)V to md66d4ed$fabric-data-attachment-api-v1$lambda$fabric_syncChange$1$0 in fabric-data-attachment-api-v1.mixins.json:ServerLevelMixin from mod fabric-data-attachment-api-v1
[14:52:49] [main/DEBUG] (FabricLoader/Mixin) Renaming synthetic method lambda$createAttachmentsPersistentState$0(Lnet/minecraft/server/world/ServerWorld;)Lnet/fabricmc/fabric/impl/attachment/AttachmentPersistentState; to md66d4ed$fabric-data-attachment-api-v1$lambda$createAttachmentsPersistentState$0$1 in fabric-data-attachment-api-v1.mixins.json:ServerLevelMixin from mod fabric-data-attachment-api-v1
[14:52:49] [main/DEBUG] (FabricLoader/Mixin) Mixing ServerLevelMixin from fabric-api-lookup-api-v1.mixins.json into net.minecraft.server.world.ServerWorld
[14:52:49] [main/DEBUG] (FabricLoader/Mixin) Renaming synthetic method lambda$fabric_invalidateCache$5(Ljava/util/Map$Entry;)Z to md66d4ed$fabric-api-lookup-api-v1$lambda$fabric_invalidateCache$5$2 in fabric-api-lookup-api-v1.mixins.json:ServerLevelMixin from mod fabric-api-lookup-api-v1
[14:52:49] [main/DEBUG] (FabricLoader/Mixin) Renaming synthetic method lambda$fabric_invalidateCache$4(Ljava/lang/ref/WeakReference;)Z to md66d4ed$fabric-api-lookup-api-v1$lambda$fabric_invalidateCache$4$3 in fabric-api-lookup-api-v1.mixins.json:ServerLevelMixin from mod fabric-api-lookup-api-v1
[14:52:49] [main/DEBUG] (FabricLoader/Mixin) Renaming synthetic method lambda$fabric_invalidateCache$3(Ljava/lang/ref/WeakReference;)V to md66d4ed$fabric-api-lookup-api-v1$lambda$fabric_invalidateCache$3$4 in fabric-api-lookup-api-v1.mixins.json:ServerLevelMixin from mod fabric-api-lookup-api-v1
[14:52:49] [main/DEBUG] (FabricLoader/Mixin) Renaming synthetic method lambda$fabric_invalidateCache$2(Ljava/lang/ref/WeakReference;)Z to md66d4ed$fabric-api-lookup-api-v1$lambda$fabric_invalidateCache$2$5 in fabric-api-lookup-api-v1.mixins.json:ServerLevelMixin from mod fabric-api-lookup-api-v1
[14:52:49] [main/DEBUG] (FabricLoader/Mixin) Renaming synthetic method lambda$fabric_registerCache$1(Ljava/lang/ref/WeakReference;)Z to md66d4ed$fabric-api-lookup-api-v1$lambda$fabric_registerCache$1$6 in fabric-api-lookup-api-v1.mixins.json:ServerLevelMixin from mod fabric-api-lookup-api-v1
[14:52:49] [main/DEBUG] (FabricLoader/Mixin) Renaming synthetic method lambda$fabric_registerCache$0(Lnet/minecraft/util/math/BlockPos;)Ljava/util/List; to md66d4ed$fabric-api-lookup-api-v1$lambda$fabric_registerCache$0$7 in fabric-api-lookup-api-v1.mixins.json:ServerLevelMixin from mod fabric-api-lookup-api-v1
[14:52:49] [main/DEBUG] (FabricLoader/Mixin) Mixing ServerLevelMixin from fabric-lifecycle-events-v1.mixins.json into net.minecraft.server.world.ServerWorld
[14:52:49] [main/DEBUG] (FabricLoader/Mixin) fabric-data-attachment-api-v1.mixins.json:ServerLevelMixin from mod fabric-data-attachment-api-v1->@Inject::createAttachmentsPersistentState(Lorg/spongepowered/asm/mixin/injection/callback/CallbackInfo;)V doesn't use it's CallbackInfo
[14:52:49] [main/DEBUG] (FabricLoader/Mixin) fabric-data-attachment-api-v1.mixins.json:ServerLevelMixin from mod fabric-data-attachment-api-v1->@Inject::createAttachmentsPersistentState(Lorg/spongepowered/asm/mixin/injection/callback/CallbackInfo;)V has 0 override(s) in child classes
[14:52:49] [main/DEBUG] (FabricLoader/Mixin) fabric-data-attachment-api-v1.mixins.json:ServerLevelMixin from mod fabric-data-attachment-api-v1->@Inject::createAttachmentsPersistentState(Lorg/spongepowered/asm/mixin/injection/callback/CallbackInfo;)V won't be passed a CallbackInfo as a result
[14:52:49] [main/DEBUG] (FabricLoader/Mixin) fabric-lifecycle-events-v1.mixins.json:ServerLevelMixin from mod fabric-lifecycle-events-v1->@Inject::startWorldTick(Ljava/util/function/BooleanSupplier;Lorg/spongepowered/asm/mixin/injection/callback/CallbackInfo;)V doesn't use it's CallbackInfo
[14:52:49] [main/DEBUG] (FabricLoader/Mixin) fabric-lifecycle-events-v1.mixins.json:ServerLevelMixin from mod fabric-lifecycle-events-v1->@Inject::startWorldTick(Ljava/util/function/BooleanSupplier;Lorg/spongepowered/asm/mixin/injection/callback/CallbackInfo;)V has 0 override(s) in child classes
[14:52:49] [main/DEBUG] (FabricLoader/Mixin) fabric-lifecycle-events-v1.mixins.json:ServerLevelMixin from mod fabric-lifecycle-events-v1->@Inject::startWorldTick(Ljava/util/function/BooleanSupplier;Lorg/spongepowered/asm/mixin/injection/callback/CallbackInfo;)V won't be passed a CallbackInfo as a result
[14:52:49] [main/DEBUG] (FabricLoader/Mixin) fabric-lifecycle-events-v1.mixins.json:ServerLevelMixin from mod fabric-lifecycle-events-v1->@Inject::endWorldTick(Ljava/util/function/BooleanSupplier;Lorg/spongepowered/asm/mixin/injection/callback/CallbackInfo;)V doesn't use it's CallbackInfo
[14:52:49] [main/DEBUG] (FabricLoader/Mixin) fabric-lifecycle-events-v1.mixins.json:ServerLevelMixin from mod fabric-lifecycle-events-v1->@Inject::endWorldTick(Ljava/util/function/BooleanSupplier;Lorg/spongepowered/asm/mixin/injection/callback/CallbackInfo;)V has 0 override(s) in child classes
[14:52:49] [main/DEBUG] (FabricLoader/Mixin) fabric-lifecycle-events-v1.mixins.json:ServerLevelMixin from mod fabric-lifecycle-events-v1->@Inject::endWorldTick(Ljava/util/function/BooleanSupplier;Lorg/spongepowered/asm/mixin/injection/callback/CallbackInfo;)V won't be passed a CallbackInfo as a result
[14:52:49] [main/DEBUG] (FabricLoader/Mixin) Mixing BlockStateMixin from fabric-block-api-v1.mixins.json into net.minecraft.block.BlockState
[14:52:49] [main/DEBUG] (FabricLoader/Mixin) Mixing BlockBehaviourBlockStateBaseMixin from fabric-content-registries-v0.mixins.json into net.minecraft.block.AbstractBlock$AbstractBlockState
[14:52:49] [main/DEBUG] (FabricLoader/Mixin) Mixing IdMapperMixin from fabric-registry-sync-v0.mixins.json into net.minecraft.util.collection.IdList
[14:52:49] [main/DEBUG] (FabricLoader/Mixin) Renaming synthetic method lambda$fabric_remapIds$0(Lit/unimi/dsi/fastutil/ints/Int2IntMap;Ljava/lang/Object;Ljava/lang/Integer;)Ljava/lang/Integer; to md66d4ed$fabric-registry-sync-v0$lambda$fabric_remapIds$0$0 in fabric-registry-sync-v0.mixins.json:IdMapperMixin from mod fabric-registry-sync-v0
[14:52:49] [main/DEBUG] (FabricLoader/Mixin) Mixing RegistryFriendlyByteBufMixin from fabric-networking-api-v1.mixins.json into net.minecraft.network.RegistryByteBuf
[14:52:49] [main/DEBUG] (FabricLoader/Mixin) Mixing BlocksMixin from fabric-registry-sync-v0.mixins.json into net.minecraft.block.Blocks
[14:52:49] [main/DEBUG] (FabricLoader/Mixin) Renaming synthetic method lambda$initShapeCache$0(ILnet/minecraft/util/Identifier;Lnet/minecraft/block/Block;)V to md66d4ed$fabric-registry-sync-v0$lambda$initShapeCache$0$0 in fabric-registry-sync-v0.mixins.json:BlocksMixin from mod fabric-registry-sync-v0
[14:52:49] [main/DEBUG] (FabricLoader/Mixin) fabric-registry-sync-v0.mixins.json:BlocksMixin from mod fabric-registry-sync-v0->@Inject::initShapeCache(Lorg/spongepowered/asm/mixin/injection/callback/CallbackInfo;)V doesn't use it's CallbackInfo
[14:52:49] [main/DEBUG] (FabricLoader/Mixin) Mixing PistonBlockMixin from simplebuilding.mixins.json into net.minecraft.block.PistonBlock
[14:52:49] [main/DEBUG] (FabricLoader/Mixin) simplebuilding.mixins.json:PistonBlockMixin from mod simplebuilding->@Inject::isCustomPistonMovable(Lnet/minecraft/block/BlockState;Lnet/minecraft/world/World;Lnet/minecraft/util/math/BlockPos;Lnet/minecraft/util/math/Direction;ZLnet/minecraft/util/math/Direction;Lorg/spongepowered/asm/mixin/injection/callback/CallbackInfoReturnable;)V does use it's CallbackInfoReturnable
[14:52:49] [main/DEBUG] (FabricLoader/Mixin) Mixing WeatheringCopperMixin from fabric-content-registries-v0.mixins.json into net.minecraft.block.Oxidizable
[14:52:49] [main/DEBUG] (FabricLoader/Mixin) fabric-content-registries-v0.mixins.json:WeatheringCopperMixin from mod fabric-content-registries-v0->@Inject::createOxidationLevelIncreasesMap(Lorg/spongepowered/asm/mixin/injection/callback/CallbackInfoReturnable;)V does use it's CallbackInfoReturnable
[14:52:50] [main/DEBUG] (FabricLoader/Mixin) Mixing EntityTypeMixin from fabric-object-builder-v1.mixins.json into net.minecraft.entity.EntityType
[14:52:50] [main/DEBUG] (FabricLoader/Mixin) fabric-object-builder-v1.mixins.json:EntityTypeMixin from mod fabric-object-builder-api-v1->@Inject::onAlwaysUpdateVelocity(Lorg/spongepowered/asm/mixin/injection/callback/CallbackInfoReturnable;)V does use it's CallbackInfoReturnable
[14:52:50] [main/DEBUG] (FabricLoader/Mixin) fabric-object-builder-v1.mixins.json:EntityTypeMixin from mod fabric-object-builder-api-v1->@Inject::onCanPotentiallyExecuteCommands(Lorg/spongepowered/asm/mixin/injection/callback/CallbackInfoReturnable;)V does use it's CallbackInfoReturnable
[14:52:50] [main/DEBUG] (FabricLoader/Mixin) Mixing FluidMixin from fabric-transfer-api-v1.mixins.json into net.minecraft.fluid.Fluid
[14:52:50] [main/DEBUG] (FabricLoader/Mixin) fabric-transfer-api-v1.mixins.json:FluidMixin from mod fabric-transfer-api-v1->@Inject::hookGetBucketFillSound(Lorg/spongepowered/asm/mixin/injection/callback/CallbackInfoReturnable;)V does use it's CallbackInfoReturnable
[14:52:50] [main/DEBUG] (FabricLoader/Mixin) Mixing DataComponentMapBuilderMixin from fabric-item-api-v1.mixins.json into net.minecraft.component.ComponentMap$Builder
[14:52:50] [main/DEBUG] (FabricLoader/Mixin) Mixing AttachmentTargetsMixin from fabric-data-attachment-api-v1.mixins.json into net.minecraft.block.entity.BlockEntity
[14:52:50] [main/DEBUG] (FabricLoader/Mixin) Mixing BlockEntityMixin from fabric-data-attachment-api-v1.mixins.json into net.minecraft.block.entity.BlockEntity
[14:52:50] [main/DEBUG] (FabricLoader/Mixin) Renaming synthetic method lambda$fabric_syncChange$0(Lnet/fabricmc/fabric/api/attachment/v1/AttachmentType;Lnet/fabricmc/fabric/impl/attachment/sync/AttachmentChange;Lnet/minecraft/server/network/ServerPlayerEntity;)V to md66d4ed$fabric-data-attachment-api-v1$lambda$fabric_syncChange$0$0 in fabric-data-attachment-api-v1.mixins.json:BlockEntityMixin from mod fabric-data-attachment-api-v1
[14:52:50] [main/DEBUG] (FabricLoader/Mixin) Mixing BlockEntityMixin from fabric-block-view-api-v2.mixins.json into net.minecraft.block.entity.BlockEntity
[14:52:50] [main/DEBUG] (FabricLoader/Mixin) fabric-data-attachment-api-v1.mixins.json:BlockEntityMixin from mod fabric-data-attachment-api-v1->@Inject::readBlockEntityAttachments(Lnet/minecraft/storage/ReadView;Lorg/spongepowered/asm/mixin/injection/callback/CallbackInfo;)V doesn't use it's CallbackInfo
[14:52:50] [main/DEBUG] (FabricLoader/Mixin) fabric-data-attachment-api-v1.mixins.json:BlockEntityMixin from mod fabric-data-attachment-api-v1->@Inject::readBlockEntityAttachments(Lnet/minecraft/storage/ReadView;Lorg/spongepowered/asm/mixin/injection/callback/CallbackInfo;)V has 0 override(s) in child classes
[14:52:50] [main/DEBUG] (FabricLoader/Mixin) fabric-data-attachment-api-v1.mixins.json:BlockEntityMixin from mod fabric-data-attachment-api-v1->@Inject::readBlockEntityAttachments(Lnet/minecraft/storage/ReadView;Lorg/spongepowered/asm/mixin/injection/callback/CallbackInfo;)V won't be passed a CallbackInfo as a result
[14:52:50] [main/DEBUG] (FabricLoader/Mixin) fabric-data-attachment-api-v1.mixins.json:BlockEntityMixin from mod fabric-data-attachment-api-v1->@Inject::writeBlockEntityAttachments(Lnet/minecraft/storage/WriteView;Lorg/spongepowered/asm/mixin/injection/callback/CallbackInfo;)V doesn't use it's CallbackInfo
[14:52:50] [main/DEBUG] (FabricLoader/Mixin) fabric-data-attachment-api-v1.mixins.json:BlockEntityMixin from mod fabric-data-attachment-api-v1->@Inject::writeBlockEntityAttachments(Lnet/minecraft/storage/WriteView;Lorg/spongepowered/asm/mixin/injection/callback/CallbackInfo;)V has 0 override(s) in child classes
[14:52:50] [main/DEBUG] (FabricLoader/Mixin) fabric-data-attachment-api-v1.mixins.json:BlockEntityMixin from mod fabric-data-attachment-api-v1->@Inject::writeBlockEntityAttachments(Lnet/minecraft/storage/WriteView;Lorg/spongepowered/asm/mixin/injection/callback/CallbackInfo;)V won't be passed a CallbackInfo as a result
[14:52:50] [main/DEBUG] (FabricLoader/Mixin) Mixing BlockParticleOptionMixin from fabric-particles-v1.mixins.json into net.minecraft.particle.BlockStateParticleEffect
[14:52:50] [main/DEBUG] (FabricLoader/Mixin) Mixing MenuProviderMixin from fabric-screen-handler-api-v1.mixins.json into net.minecraft.screen.NamedScreenHandlerFactory
[14:52:50] [main/DEBUG] (FabricLoader/Mixin) Mixing BaseContainerBlockEntityMixin from fabric-transfer-api-v1.mixins.json into net.minecraft.block.entity.LockableContainerBlockEntity
[14:52:50] [main/DEBUG] (FabricLoader/Mixin) Mixing DetectorRailBlockMixin from fabric-object-builder-v1.mixins.json into net.minecraft.block.DetectorRailBlock
[14:52:50] [main/DEBUG] (FabricLoader/Mixin) Renaming synthetic method lambda$getCustomComparatorOutput$0(Lnet/minecraft/entity/Entity;)Z to md66d4ed$fabric-object-builder-api-v1$lambda$getCustomComparatorOutput$0$0 in fabric-object-builder-v1.mixins.json:DetectorRailBlockMixin from mod fabric-object-builder-api-v1
[14:52:50] [main/DEBUG] (FabricLoader/Mixin) fabric-object-builder-v1.mixins.json:DetectorRailBlockMixin from mod fabric-object-builder-api-v1->@Inject::getCustomComparatorOutput(Lnet/minecraft/block/BlockState;Lnet/minecraft/world/World;Lnet/minecraft/util/math/BlockPos;Lnet/minecraft/util/math/Direction;Lorg/spongepowered/asm/mixin/injection/callback/CallbackInfoReturnable;)V does use it's CallbackInfoReturnable
[14:52:50] [main/DEBUG] (FabricLoader/Mixin) Mixing PistonHeadBlockMixin from simplebuilding.mixins.json into net.minecraft.block.PistonHeadBlock
[14:52:50] [main/DEBUG] (FabricLoader/Mixin) simplebuilding.mixins.json:PistonHeadBlockMixin from mod simplebuilding->@Inject::allowCustomPistons(Lnet/minecraft/block/BlockState;Lnet/minecraft/world/WorldView;Lnet/minecraft/util/math/BlockPos;Lorg/spongepowered/asm/mixin/injection/callback/CallbackInfoReturnable;)V does use it's CallbackInfoReturnable
[14:52:50] [main/DEBUG] (FabricLoader/Mixin) Mixing MobMixin from fabric-entity-events-v1.mixins.json into net.minecraft.entity.mob.MobEntity
[14:52:50] [main/DEBUG] (FabricLoader/Mixin) Mixing EndermanSpawnMixin from simplebuilding.mixins.json into net.minecraft.entity.mob.HostileEntity
[14:52:50] [main/DEBUG] (FabricLoader/Mixin) Mixing HostileEntityMixin from simplebuilding.mixins.json into net.minecraft.entity.mob.HostileEntity
[14:52:50] [main/DEBUG] (FabricLoader/Mixin) simplebuilding.mixins.json:EndermanSpawnMixin from mod simplebuilding->@Inject::checkEnderiteShield(Lnet/minecraft/entity/EntityType;Lnet/minecraft/world/ServerWorldAccess;Lnet/minecraft/entity/SpawnReason;Lnet/minecraft/util/math/BlockPos;Lnet/minecraft/util/math/random/Random;Lorg/spongepowered/asm/mixin/injection/callback/CallbackInfoReturnable;)V does use it's CallbackInfoReturnable
[14:52:50] [main/DEBUG] (FabricLoader/Mixin) simplebuilding.mixins.json:HostileEntityMixin from mod simplebuilding->@Inject::allowSpawnOnConstructionLight(Lnet/minecraft/world/ServerWorldAccess;Lnet/minecraft/util/math/BlockPos;Lnet/minecraft/util/math/random/Random;Lorg/spongepowered/asm/mixin/injection/callback/CallbackInfoReturnable;)V does use it's CallbackInfoReturnable
[14:52:50] [main/DEBUG] (FabricLoader/Mixin) Mixing ChiseledBookShelfBlockEntityMixin from fabric-transfer-api-v1.mixins.json into net.minecraft.block.entity.ChiseledBookshelfBlockEntity
[14:52:50] [main/DEBUG] (FabricLoader/Mixin) fabric-transfer-api-v1.mixins.json:ChiseledBookShelfBlockEntityMixin from mod fabric-transfer-api-v1->@Inject::setStackBypass(ILnet/minecraft/item/ItemStack;Lorg/spongepowered/asm/mixin/injection/callback/CallbackInfo;)V does use it's CallbackInfo
[14:52:50] [main/DEBUG] (FabricLoader/Mixin) Mixing ListBackedContainerMixin from fabric-transfer-api-v1.mixins.json into net.minecraft.inventory.ListInventory
[14:52:50] [main/DEBUG] (FabricLoader/Mixin) Mixing ShelfBlockEntityMixin from fabric-transfer-api-v1.mixins.json into net.minecraft.block.entity.ShelfBlockEntity
[14:52:50] [main/DEBUG] (FabricLoader/Mixin) Mixing BlockEntityTypeAccessor from fabric-api-lookup-api-v1.mixins.json into net.minecraft.block.entity.BlockEntityType
[14:52:50] [main/DEBUG] (FabricLoader/Mixin) Mixing BlockEntityTypeMixin from fabric-object-builder-v1.mixins.json into net.minecraft.block.entity.BlockEntityType
[14:52:50] [main/DEBUG] (FabricLoader/Mixin) fabric-object-builder-v1.mixins.json:BlockEntityTypeMixin from mod fabric-object-builder-api-v1->@Inject::mutableBlocks(Lnet/minecraft/block/entity/BlockEntityType$BlockEntityFactory;Ljava/util/Set;Lorg/spongepowered/asm/mixin/injection/callback/CallbackInfo;)V doesn't use it's CallbackInfo
[14:52:50] [main/DEBUG] (FabricLoader/Mixin) fabric-object-builder-v1.mixins.json:BlockEntityTypeMixin from mod fabric-object-builder-api-v1->@Inject::mutableBlocks(Lnet/minecraft/block/entity/BlockEntityType$BlockEntityFactory;Ljava/util/Set;Lorg/spongepowered/asm/mixin/injection/callback/CallbackInfo;)V has 0 override(s) in child classes
[14:52:50] [main/DEBUG] (FabricLoader/Mixin) fabric-object-builder-v1.mixins.json:BlockEntityTypeMixin from mod fabric-object-builder-api-v1->@Inject::mutableBlocks(Lnet/minecraft/block/entity/BlockEntityType$BlockEntityFactory;Ljava/util/Set;Lorg/spongepowered/asm/mixin/injection/callback/CallbackInfo;)V won't be passed a CallbackInfo as a result
[14:52:50] [main/DEBUG] (FabricLoader/Mixin) Mixing AbstractFurnaceBlockEntityMixin from fabric-transfer-api-v1.mixins.json into net.minecraft.block.entity.AbstractFurnaceBlockEntity
[14:52:50] [main/DEBUG] (FabricLoader/Mixin) Mixing AbstractFurnaceBlockEntityMixin from fabric-item-api-v1.mixins.json into net.minecraft.block.entity.AbstractFurnaceBlockEntity
[14:52:50] [main/DEBUG] (FabricLoader/Mixin) fabric-transfer-api-v1.mixins.json:AbstractFurnaceBlockEntityMixin from mod fabric-transfer-api-v1->@Inject::setStackSuppressUpdate(ILnet/minecraft/item/ItemStack;Lorg/spongepowered/asm/mixin/injection/callback/CallbackInfo;)V does use it's CallbackInfo
[14:52:50] [main/DEBUG] (FabricLoader/Mixin) fabric-item-api-v1.mixins.json:AbstractFurnaceBlockEntityMixin from mod fabric-item-api-v1->@Inject::getStackRemainder(Lnet/minecraft/server/world/ServerWorld;Lnet/minecraft/util/math/BlockPos;Lnet/minecraft/block/BlockState;Lnet/minecraft/block/entity/AbstractFurnaceBlockEntity;Lorg/spongepowered/asm/mixin/injection/callback/CallbackInfo;)V doesn't use it's CallbackInfo
[14:52:50] [main/DEBUG] (FabricLoader/Mixin) Mixing WoodTypeMixin from fabric-object-builder-v1.client.mixins.json into net.minecraft.block.WoodType
[14:52:50] [main/DEBUG] (FabricLoader/Mixin) fabric-object-builder-v1.client.mixins.json:WoodTypeMixin from mod fabric-object-builder-api-v1->@Inject::onReturnRegister(Lnet/minecraft/block/WoodType;Lorg/spongepowered/asm/mixin/injection/callback/CallbackInfoReturnable;)V doesn't use it's CallbackInfoReturnable
[14:52:50] [main/DEBUG] (FabricLoader/Mixin) Mixing JukeboxBlockEntityMixin from fabric-transfer-api-v1.mixins.json into net.minecraft.block.entity.JukeboxBlockEntity
[14:52:50] [main/DEBUG] (FabricLoader/Mixin) fabric-transfer-api-v1.mixins.json:JukeboxBlockEntityMixin from mod fabric-transfer-api-v1->@Inject::setStackBypass(Lnet/minecraft/item/ItemStack;Lorg/spongepowered/asm/mixin/injection/callback/CallbackInfo;)V does use it's CallbackInfo
[14:52:50] [main/DEBUG] (FabricLoader/Mixin) Mixing BrewingStandBlockEntityMixin from fabric-item-api-v1.mixins.json into net.minecraft.block.entity.BrewingStandBlockEntity
[14:52:50] [main/DEBUG] (FabricLoader/Mixin) fabric-item-api-v1.mixins.json:BrewingStandBlockEntityMixin from mod fabric-item-api-v1->@Inject::captureItemStack(Lnet/minecraft/world/World;Lnet/minecraft/util/math/BlockPos;Lnet/minecraft/util/collection/DefaultedList;Lorg/spongepowered/asm/mixin/injection/callback/CallbackInfo;)V doesn't use it's CallbackInfo
[14:52:50] [main/DEBUG] (FabricLoader/Mixin) Mixing ItemStackMixin from fabric-item-api-v1.mixins.json into net.minecraft.item.ItemStack
[14:52:50] [main/DEBUG] (FabricLoader/Mixin) Renaming synthetic method lambda$hookDamage$0(Lorg/apache/commons/lang3/mutable/MutableBoolean;Ljava/util/function/Consumer;)V to md66d4ed$fabric-item-api-v1$lambda$hookDamage$0$0 in fabric-item-api-v1.mixins.json:ItemStackMixin from mod fabric-item-api-v1
[14:52:50] [main/DEBUG] (FabricLoader/Mixin) Mixing ItemStackMixin from fabric-item-api-v1.client.mixins.json into net.minecraft.item.ItemStack
[14:52:50] [main/DEBUG] (FabricLoader/Mixin) fabric-item-api-v1.mixins.json:ItemStackMixin from mod fabric-item-api-v1->@Inject::preAttributeModifiers(Lnet/minecraft/item/Item$TooltipContext;Lnet/minecraft/component/type/TooltipDisplayComponent;Lnet/minecraft/entity/player/PlayerEntity;Lnet/minecraft/item/tooltip/TooltipType;Ljava/util/function/Consumer;Lorg/spongepowered/asm/mixin/injection/callback/CallbackInfo;)V doesn't use it's CallbackInfo
[14:52:50] [main/DEBUG] (FabricLoader/Mixin) fabric-item-api-v1.mixins.json:ItemStackMixin from mod fabric-item-api-v1->@Inject::postTooltipsAdvanced(Lnet/minecraft/item/Item$TooltipContext;Lnet/minecraft/component/type/TooltipDisplayComponent;Lnet/minecraft/entity/player/PlayerEntity;Lnet/minecraft/item/tooltip/TooltipType;Ljava/util/function/Consumer;Lorg/spongepowered/asm/mixin/injection/callback/CallbackInfo;)V doesn't use it's CallbackInfo
[14:52:50] [main/DEBUG] (FabricLoader/Mixin) fabric-item-api-v1.client.mixins.json:ItemStackMixin from mod fabric-item-api-v1->@Inject::getTooltip(Lnet/minecraft/item/Item$TooltipContext;Lnet/minecraft/entity/player/PlayerEntity;Lnet/minecraft/item/tooltip/TooltipType;Lorg/spongepowered/asm/mixin/injection/callback/CallbackInfoReturnable;)V does use it's CallbackInfoReturnable
[14:52:50] [main/DEBUG] (FabricLoader/Mixin) Mixing AnvilScreenHandlerMixin from simplebuilding.mixins.json into net.minecraft.screen.AnvilScreenHandler
[14:52:50] [main/DEBUG] (FabricLoader/Mixin) Mixing AnvilMenuMixin from fabric-item-api-v1.mixins.json into net.minecraft.screen.AnvilScreenHandler
[14:52:50] [main/DEBUG] (FabricLoader/Mixin) simplebuilding.mixins.json:AnvilScreenHandlerMixin from mod simplebuilding->@Inject::updateResultHead(Lorg/spongepowered/asm/mixin/injection/callback/CallbackInfo;)V does use it's CallbackInfo
[14:52:50] [main/DEBUG] (FabricLoader/Mixin) simplebuilding.mixins.json:AnvilScreenHandlerMixin from mod simplebuilding->@Inject::applyAnvilTweaks(Lorg/spongepowered/asm/mixin/injection/callback/CallbackInfo;)V doesn't use it's CallbackInfo
[14:52:50] [main/DEBUG] (FabricLoader/Mixin) simplebuilding.mixins.json:AnvilScreenHandlerMixin from mod simplebuilding->@Inject::applyAnvilTweaks(Lorg/spongepowered/asm/mixin/injection/callback/CallbackInfo;)V has 0 override(s) in child classes
[14:52:50] [main/DEBUG] (FabricLoader/Mixin) simplebuilding.mixins.json:AnvilScreenHandlerMixin from mod simplebuilding->@Inject::applyAnvilTweaks(Lorg/spongepowered/asm/mixin/injection/callback/CallbackInfo;)V won't be passed a CallbackInfo as a result
[14:52:50] [main/DEBUG] (FabricLoader/Mixin) simplebuilding.mixins.json:AnvilScreenHandlerMixin from mod simplebuilding->@Inject::applyAnvilTweaks(Lorg/spongepowered/asm/mixin/injection/callback/CallbackInfo;)V doesn't use it's CallbackInfo
[14:52:50] [main/DEBUG] (FabricLoader/Mixin) simplebuilding.mixins.json:AnvilScreenHandlerMixin from mod simplebuilding->@Inject::applyAnvilTweaks(Lorg/spongepowered/asm/mixin/injection/callback/CallbackInfo;)V has 0 override(s) in child classes
[14:52:50] [main/DEBUG] (FabricLoader/Mixin) simplebuilding.mixins.json:AnvilScreenHandlerMixin from mod simplebuilding->@Inject::applyAnvilTweaks(Lorg/spongepowered/asm/mixin/injection/callback/CallbackInfo;)V won't be passed a CallbackInfo as a result
[14:52:50] [main/DEBUG] (FabricLoader/Mixin) simplebuilding.mixins.json:AnvilScreenHandlerMixin from mod simplebuilding->@Inject::applyAnvilTweaks(Lorg/spongepowered/asm/mixin/injection/callback/CallbackInfo;)V doesn't use it's CallbackInfo
[14:52:50] [main/DEBUG] (FabricLoader/Mixin) simplebuilding.mixins.json:AnvilScreenHandlerMixin from mod simplebuilding->@Inject::applyAnvilTweaks(Lorg/spongepowered/asm/mixin/injection/callback/CallbackInfo;)V has 0 override(s) in child classes
[14:52:50] [main/DEBUG] (FabricLoader/Mixin) simplebuilding.mixins.json:AnvilScreenHandlerMixin from mod simplebuilding->@Inject::applyAnvilTweaks(Lorg/spongepowered/asm/mixin/injection/callback/CallbackInfo;)V won't be passed a CallbackInfo as a result
[14:52:50] [main/DEBUG] (FabricLoader/Mixin) simplebuilding.mixins.json:AnvilScreenHandlerMixin from mod simplebuilding->@Inject::applyAnvilTweaks(Lorg/spongepowered/asm/mixin/injection/callback/CallbackInfo;)V doesn't use it's CallbackInfo
[14:52:50] [main/DEBUG] (FabricLoader/Mixin) simplebuilding.mixins.json:AnvilScreenHandlerMixin from mod simplebuilding->@Inject::applyAnvilTweaks(Lorg/spongepowered/asm/mixin/injection/callback/CallbackInfo;)V has 0 override(s) in child classes
[14:52:50] [main/DEBUG] (FabricLoader/Mixin) simplebuilding.mixins.json:AnvilScreenHandlerMixin from mod simplebuilding->@Inject::applyAnvilTweaks(Lorg/spongepowered/asm/mixin/injection/callback/CallbackInfo;)V won't be passed a CallbackInfo as a result
[14:52:50] [main/DEBUG] (FabricLoader/Mixin) simplebuilding.mixins.json:AnvilScreenHandlerMixin from mod simplebuilding->@Inject::applyAnvilTweaks(Lorg/spongepowered/asm/mixin/injection/callback/CallbackInfo;)V doesn't use it's CallbackInfo
[14:52:50] [main/DEBUG] (FabricLoader/Mixin) simplebuilding.mixins.json:AnvilScreenHandlerMixin from mod simplebuilding->@Inject::applyAnvilTweaks(Lorg/spongepowered/asm/mixin/injection/callback/CallbackInfo;)V has 0 override(s) in child classes
[14:52:50] [main/DEBUG] (FabricLoader/Mixin) simplebuilding.mixins.json:AnvilScreenHandlerMixin from mod simplebuilding->@Inject::applyAnvilTweaks(Lorg/spongepowered/asm/mixin/injection/callback/CallbackInfo;)V won't be passed a CallbackInfo as a result
[14:52:50] [main/DEBUG] (FabricLoader/Mixin) simplebuilding.mixins.json:AnvilScreenHandlerMixin from mod simplebuilding->@Inject::simplebuilding$createStructureCompass(Lorg/spongepowered/asm/mixin/injection/callback/CallbackInfo;)V does use it's CallbackInfo
[14:52:50] [main/DEBUG] (FabricLoader/Mixin) Mixing HopperBlockEntityMixin from fabric-transfer-api-v1.mixins.json into net.minecraft.block.entity.HopperBlockEntity
[14:52:50] [main/DEBUG] (FabricLoader/Mixin) Renaming synthetic method lambda$hookExtract$1(Lnet/fabricmc/fabric/api/transfer/v1/item/ItemVariant;)Z to md66d4ed$fabric-transfer-api-v1$lambda$hookExtract$1$0 in fabric-transfer-api-v1.mixins.json:HopperBlockEntityMixin from mod fabric-transfer-api-v1
[14:52:50] [main/DEBUG] (FabricLoader/Mixin) Renaming synthetic method lambda$hookInsert$0(Lnet/fabricmc/fabric/api/transfer/v1/item/ItemVariant;)Z to md66d4ed$fabric-transfer-api-v1$lambda$hookInsert$0$1 in fabric-transfer-api-v1.mixins.json:HopperBlockEntityMixin from mod fabric-transfer-api-v1
[14:52:50] [main/DEBUG] (FabricLoader/Mixin) fabric-transfer-api-v1.mixins.json:HopperBlockEntityMixin from mod fabric-transfer-api-v1->@Inject::hookInsert(Lnet/minecraft/world/World;Lnet/minecraft/util/math/BlockPos;Lnet/minecraft/block/entity/HopperBlockEntity;Lorg/spongepowered/asm/mixin/injection/callback/CallbackInfoReturnable;)V does use it's CallbackInfoReturnable
[14:52:50] [main/DEBUG] (FabricLoader/Mixin) fabric-transfer-api-v1.mixins.json:HopperBlockEntityMixin from mod fabric-transfer-api-v1->@Inject::hookExtract(Lnet/minecraft/world/World;Lnet/minecraft/block/entity/Hopper;Lorg/spongepowered/asm/mixin/injection/callback/CallbackInfoReturnable;)V does use it's CallbackInfoReturnable
[14:52:50] [main/DEBUG] (FabricLoader/Mixin) Mixing DropperBlockMixin from fabric-transfer-api-v1.mixins.json into net.minecraft.block.DropperBlock
[14:52:50] [main/DEBUG] (FabricLoader/Mixin) Renaming synthetic method lambda$hookDispense$0(Lnet/fabricmc/fabric/api/transfer/v1/item/ItemVariant;)Z to md66d4ed$fabric-transfer-api-v1$lambda$hookDispense$0$0 in fabric-transfer-api-v1.mixins.json:DropperBlockMixin from mod fabric-transfer-api-v1
[14:52:50] [main/DEBUG] (FabricLoader/Mixin) fabric-transfer-api-v1.mixins.json:DropperBlockMixin from mod fabric-transfer-api-v1->@Inject::hookDispense(Lnet/minecraft/server/world/ServerWorld;Lnet/minecraft/block/BlockState;Lnet/minecraft/util/math/BlockPos;Lorg/spongepowered/asm/mixin/injection/callback/CallbackInfo;)V does use it's CallbackInfo
[14:52:50] [main/DEBUG] (FabricLoader/Mixin) Mixing BannerBlockEntityMixin from fabric-data-attachment-api-v1.mixins.json into net.minecraft.block.entity.BannerBlockEntity
[14:52:51] [main/DEBUG] (FabricLoader/Mixin) Mixing SmithingScreenHandlerMixin from simplebuilding.mixins.json into net.minecraft.screen.SmithingScreenHandler
[14:52:51] [main/DEBUG] (FabricLoader/Mixin) simplebuilding.mixins.json:SmithingScreenHandlerMixin from mod simplebuilding->@Inject::onTakeOutputCustom(Lnet/minecraft/entity/player/PlayerEntity;Lnet/minecraft/item/ItemStack;Lorg/spongepowered/asm/mixin/injection/callback/CallbackInfo;)V doesn't use it's CallbackInfo
[14:52:51] [main/DEBUG] (FabricLoader/Mixin) simplebuilding.mixins.json:SmithingScreenHandlerMixin from mod simplebuilding->@Inject::onTakeOutputCustom(Lnet/minecraft/entity/player/PlayerEntity;Lnet/minecraft/item/ItemStack;Lorg/spongepowered/asm/mixin/injection/callback/CallbackInfo;)V has 0 override(s) in child classes
[14:52:51] [main/DEBUG] (FabricLoader/Mixin) simplebuilding.mixins.json:SmithingScreenHandlerMixin from mod simplebuilding->@Inject::onTakeOutputCustom(Lnet/minecraft/entity/player/PlayerEntity;Lnet/minecraft/item/ItemStack;Lorg/spongepowered/asm/mixin/injection/callback/CallbackInfo;)V won't be passed a CallbackInfo as a result
[14:52:51] [main/DEBUG] (FabricLoader/Mixin) simplebuilding.mixins.json:SmithingScreenHandlerMixin from mod simplebuilding->@Inject::simplebuilding$customSmithingLogic(Lorg/spongepowered/asm/mixin/injection/callback/CallbackInfo;)V does use it's CallbackInfo
[14:52:51] [main/DEBUG] (FabricLoader/Mixin) Mixing CrafterBlockMixin from fabric-transfer-api-v1.mixins.json into net.minecraft.block.CrafterBlock
[14:52:51] [main/DEBUG] (FabricLoader/Mixin) fabric-transfer-api-v1.mixins.json:CrafterBlockMixin from mod fabric-transfer-api-v1->@Inject::transferOrSpawnStack(Lnet/minecraft/server/world/ServerWorld;Lnet/minecraft/util/math/BlockPos;Lnet/minecraft/block/entity/CrafterBlockEntity;Lnet/minecraft/item/ItemStack;Lnet/minecraft/block/BlockState;Lnet/minecraft/recipe/RecipeEntry;Lorg/spongepowered/asm/mixin/injection/callback/CallbackInfo;)V doesn't use it's CallbackInfo
[14:52:51] [main/DEBUG] (FabricLoader/Mixin) fabric-transfer-api-v1.mixins.json:CrafterBlockMixin from mod fabric-transfer-api-v1->@Inject::transferOrSpawnStack(Lnet/minecraft/server/world/ServerWorld;Lnet/minecraft/util/math/BlockPos;Lnet/minecraft/block/entity/CrafterBlockEntity;Lnet/minecraft/item/ItemStack;Lnet/minecraft/block/BlockState;Lnet/minecraft/recipe/RecipeEntry;Lorg/spongepowered/asm/mixin/injection/callback/CallbackInfo;)V has 0 override(s) in child classes
[14:52:51] [main/DEBUG] (FabricLoader/Mixin) fabric-transfer-api-v1.mixins.json:CrafterBlockMixin from mod fabric-transfer-api-v1->@Inject::transferOrSpawnStack(Lnet/minecraft/server/world/ServerWorld;Lnet/minecraft/util/math/BlockPos;Lnet/minecraft/block/entity/CrafterBlockEntity;Lnet/minecraft/item/ItemStack;Lnet/minecraft/block/BlockState;Lnet/minecraft/recipe/RecipeEntry;Lorg/spongepowered/asm/mixin/injection/callback/CallbackInfo;)V won't be passed a CallbackInfo as a result
[14:52:51] [main/DEBUG] (FabricLoader/Mixin) fabric-transfer-api-v1.mixins.json:CrafterBlockMixin from mod fabric-transfer-api-v1->@Inject::transferOrSpawnStack(Lnet/minecraft/server/world/ServerWorld;Lnet/minecraft/util/math/BlockPos;Lnet/minecraft/block/entity/CrafterBlockEntity;Lnet/minecraft/item/ItemStack;Lnet/minecraft/block/BlockState;Lnet/minecraft/recipe/RecipeEntry;Lorg/spongepowered/asm/mixin/injection/callback/CallbackInfo;)V doesn't use it's CallbackInfo
[14:52:51] [main/DEBUG] (FabricLoader/Mixin) fabric-transfer-api-v1.mixins.json:CrafterBlockMixin from mod fabric-transfer-api-v1->@Inject::transferOrSpawnStack(Lnet/minecraft/server/world/ServerWorld;Lnet/minecraft/util/math/BlockPos;Lnet/minecraft/block/entity/CrafterBlockEntity;Lnet/minecraft/item/ItemStack;Lnet/minecraft/block/BlockState;Lnet/minecraft/recipe/RecipeEntry;Lorg/spongepowered/asm/mixin/injection/callback/CallbackInfo;)V has 0 override(s) in child classes
[14:52:51] [main/DEBUG] (FabricLoader/Mixin) fabric-transfer-api-v1.mixins.json:CrafterBlockMixin from mod fabric-transfer-api-v1->@Inject::transferOrSpawnStack(Lnet/minecraft/server/world/ServerWorld;Lnet/minecraft/util/math/BlockPos;Lnet/minecraft/block/entity/CrafterBlockEntity;Lnet/minecraft/item/ItemStack;Lnet/minecraft/block/BlockState;Lnet/minecraft/recipe/RecipeEntry;Lorg/spongepowered/asm/mixin/injection/callback/CallbackInfo;)V won't be passed a CallbackInfo as a result
[14:52:51] [main/DEBUG] (FabricLoader/Mixin) fabric-transfer-api-v1.mixins.json:CrafterBlockMixin from mod fabric-transfer-api-v1->@Inject::transferOrSpawnStack(Lnet/minecraft/server/world/ServerWorld;Lnet/minecraft/util/math/BlockPos;Lnet/minecraft/block/entity/CrafterBlockEntity;Lnet/minecraft/item/ItemStack;Lnet/minecraft/block/BlockState;Lnet/minecraft/recipe/RecipeEntry;Lorg/spongepowered/asm/mixin/injection/callback/CallbackInfo;)V doesn't use it's CallbackInfo
[14:52:51] [main/DEBUG] (FabricLoader/Mixin) fabric-transfer-api-v1.mixins.json:CrafterBlockMixin from mod fabric-transfer-api-v1->@Inject::transferOrSpawnStack(Lnet/minecraft/server/world/ServerWorld;Lnet/minecraft/util/math/BlockPos;Lnet/minecraft/block/entity/CrafterBlockEntity;Lnet/minecraft/item/ItemStack;Lnet/minecraft/block/BlockState;Lnet/minecraft/recipe/RecipeEntry;Lorg/spongepowered/asm/mixin/injection/callback/CallbackInfo;)V has 0 override(s) in child classes
[14:52:51] [main/DEBUG] (FabricLoader/Mixin) fabric-transfer-api-v1.mixins.json:CrafterBlockMixin from mod fabric-transfer-api-v1->@Inject::transferOrSpawnStack(Lnet/minecraft/server/world/ServerWorld;Lnet/minecraft/util/math/BlockPos;Lnet/minecraft/block/entity/CrafterBlockEntity;Lnet/minecraft/item/ItemStack;Lnet/minecraft/block/BlockState;Lnet/minecraft/recipe/RecipeEntry;Lorg/spongepowered/asm/mixin/injection/callback/CallbackInfo;)V won't be passed a CallbackInfo as a result
[14:52:51] [main/DEBUG] (FabricLoader/Mixin) fabric-transfer-api-v1.mixins.json:CrafterBlockMixin from mod fabric-transfer-api-v1->@Inject::transferOrSpawnStack(Lnet/minecraft/server/world/ServerWorld;Lnet/minecraft/util/math/BlockPos;Lnet/minecraft/block/entity/CrafterBlockEntity;Lnet/minecraft/item/ItemStack;Lnet/minecraft/block/BlockState;Lnet/minecraft/recipe/RecipeEntry;Lorg/spongepowered/asm/mixin/injection/callback/CallbackInfo;)V doesn't use it's CallbackInfo
[14:52:51] [main/DEBUG] (FabricLoader/Mixin) fabric-transfer-api-v1.mixins.json:CrafterBlockMixin from mod fabric-transfer-api-v1->@Inject::transferOrSpawnStack(Lnet/minecraft/server/world/ServerWorld;Lnet/minecraft/util/math/BlockPos;Lnet/minecraft/block/entity/CrafterBlockEntity;Lnet/minecraft/item/ItemStack;Lnet/minecraft/block/BlockState;Lnet/minecraft/recipe/RecipeEntry;Lorg/spongepowered/asm/mixin/injection/callback/CallbackInfo;)V has 0 override(s) in child classes
[14:52:51] [main/DEBUG] (FabricLoader/Mixin) fabric-transfer-api-v1.mixins.json:CrafterBlockMixin from mod fabric-transfer-api-v1->@Inject::transferOrSpawnStack(Lnet/minecraft/server/world/ServerWorld;Lnet/minecraft/util/math/BlockPos;Lnet/minecraft/block/entity/CrafterBlockEntity;Lnet/minecraft/item/ItemStack;Lnet/minecraft/block/BlockState;Lnet/minecraft/recipe/RecipeEntry;Lorg/spongepowered/asm/mixin/injection/callback/CallbackInfo;)V won't be passed a CallbackInfo as a result
[14:52:51] [main/DEBUG] (FabricLoader/Mixin) Mixing ItemMixin from fabric-transfer-api-v1.mixins.json into net.minecraft.item.Item
[14:52:51] [main/DEBUG] (FabricLoader/Mixin) Mixing ItemMixin from simplebuilding.client.mixins.json into net.minecraft.item.Item
[14:52:51] [main/DEBUG] (FabricLoader/Mixin) Renaming synthetic method lambda$simplebuilding$appendTrimBuffs$0(Lnet/minecraft/registry/RegistryKey;)Ljava/lang/String; to md66d4ed$simplebuilding$lambda$simplebuilding$appendTrimBuffs$0$0 in simplebuilding.client.mixins.json:ItemMixin from mod simplebuilding
[14:52:51] [main/DEBUG] (FabricLoader/Mixin) Mixing ItemAccessor from fabric-item-api-v1.mixins.json into net.minecraft.item.Item
[14:52:51] [main/DEBUG] (FabricLoader/Mixin) Mixing ItemMixin from fabric-item-api-v1.mixins.json into net.minecraft.item.Item
[14:52:51] [main/DEBUG] (FabricLoader/Mixin) simplebuilding.client.mixins.json:ItemMixin from mod simplebuilding->@Inject::simplebuilding$appendTrimBuffs(Lnet/minecraft/item/ItemStack;Lnet/minecraft/item/Item$TooltipContext;Lnet/minecraft/component/type/TooltipDisplayComponent;Ljava/util/function/Consumer;Lnet/minecraft/item/tooltip/TooltipType;Lorg/spongepowered/asm/mixin/injection/callback/CallbackInfo;)V doesn't use it's CallbackInfo
[14:52:51] [main/DEBUG] (FabricLoader/Mixin) simplebuilding.client.mixins.json:ItemMixin from mod simplebuilding->@Inject::simplebuilding$appendTrimBuffs(Lnet/minecraft/item/ItemStack;Lnet/minecraft/item/Item$TooltipContext;Lnet/minecraft/component/type/TooltipDisplayComponent;Ljava/util/function/Consumer;Lnet/minecraft/item/tooltip/TooltipType;Lorg/spongepowered/asm/mixin/injection/callback/CallbackInfo;)V has 0 override(s) in child classes
[14:52:51] [main/DEBUG] (FabricLoader/Mixin) simplebuilding.client.mixins.json:ItemMixin from mod simplebuilding->@Inject::simplebuilding$appendTrimBuffs(Lnet/minecraft/item/ItemStack;Lnet/minecraft/item/Item$TooltipContext;Lnet/minecraft/component/type/TooltipDisplayComponent;Ljava/util/function/Consumer;Lnet/minecraft/item/tooltip/TooltipType;Lorg/spongepowered/asm/mixin/injection/callback/CallbackInfo;)V won't be passed a CallbackInfo as a result
[14:52:51] [main/DEBUG] (FabricLoader/Mixin) fabric-item-api-v1.mixins.json:ItemMixin from mod fabric-item-api-v1->@Inject::onConstruct(Lnet/minecraft/item/Item$Settings;Lorg/spongepowered/asm/mixin/injection/callback/CallbackInfo;)V doesn't use it's CallbackInfo
[14:52:51] [main/DEBUG] (FabricLoader/Mixin) fabric-item-api-v1.mixins.json:ItemMixin from mod fabric-item-api-v1->@Inject::onConstruct(Lnet/minecraft/item/Item$Settings;Lorg/spongepowered/asm/mixin/injection/callback/CallbackInfo;)V has 0 override(s) in child classes
[14:52:51] [main/DEBUG] (FabricLoader/Mixin) fabric-item-api-v1.mixins.json:ItemMixin from mod fabric-item-api-v1->@Inject::onConstruct(Lnet/minecraft/item/Item$Settings;Lorg/spongepowered/asm/mixin/injection/callback/CallbackInfo;)V won't be passed a CallbackInfo as a result
[14:52:51] [main/DEBUG] (FabricLoader/Mixin) Mixing ClientSurvivalTracerMixin from simplebuilding.client.mixins.json into net.minecraft.client.network.ClientPlayerEntity
[14:52:51] [main/DEBUG] (FabricLoader/Mixin) Mixing HoeItemAccessor from fabric-content-registries-v0.mixins.json into net.minecraft.item.HoeItem
[14:52:51] [main/DEBUG] (FabricLoader/Mixin) Renaming @Accessor method getTillingActions()Ljava/util/Map; to getTillingActions$fabric-content-registries-v0_$md$66d4ed$0 in fabric-content-registries-v0.mixins.json:HoeItemAccessor from mod fabric-content-registries-v0
[14:52:51] [main/DEBUG] (FabricLoader/Mixin) Mixing AxeItemAccessor from fabric-content-registries-v0.mixins.json into net.minecraft.item.AxeItem
[14:52:51] [main/DEBUG] (FabricLoader/Mixin) Renaming @Accessor method getStrippedBlocks()Ljava/util/Map; to getStrippedBlocks$fabric-content-registries-v0_$md$66d4ed$0 in fabric-content-registries-v0.mixins.json:AxeItemAccessor from mod fabric-content-registries-v0
[14:52:51] [main/DEBUG] (FabricLoader/Mixin) Renaming @Accessor method setStrippedBlocks(Ljava/util/Map;)V to setStrippedBlocks$fabric-content-registries-v0_$md$66d4ed$1 in fabric-content-registries-v0.mixins.json:AxeItemAccessor from mod fabric-content-registries-v0
[14:52:51] [main/DEBUG] (FabricLoader/Mixin) Mixing AxeItemMixin from fabric-content-registries-v0.mixins.json into net.minecraft.item.AxeItem
[14:52:51] [main/DEBUG] (FabricLoader/Mixin) Renaming synthetic method lambda$handleCustomStrippingBehavior$0(Lnet/fabricmc/fabric/api/registry/StrippableBlockRegistry$StrippingTransformer;Lnet/minecraft/block/BlockState;Lnet/minecraft/block/Block;)Lnet/minecraft/block/BlockState; to md66d4ed$fabric-content-registries-v0$lambda$handleCustomStrippingBehavior$0$2 in fabric-content-registries-v0.mixins.json:AxeItemMixin from mod fabric-content-registries-v0
[14:52:51] [main/DEBUG] (FabricLoader/Mixin) Mixing ShovelItemAccessor from fabric-content-registries-v0.mixins.json into net.minecraft.item.ShovelItem
[14:52:51] [main/DEBUG] (FabricLoader/Mixin) Renaming @Accessor method getPathStates()Ljava/util/Map; to getPathStates$fabric-content-registries-v0_$md$66d4ed$0 in fabric-content-registries-v0.mixins.json:ShovelItemAccessor from mod fabric-content-registries-v0
[14:52:51] [main/DEBUG] (FabricLoader/Mixin) Mixing BucketItemAccessor from fabric-transfer-api-v1.mixins.json into net.minecraft.item.BucketItem
[14:52:51] [main/DEBUG] (FabricLoader/Mixin) Mixing BucketItemMixin from fabric-transfer-api-v1.mixins.json into net.minecraft.item.BucketItem
[14:52:51] [main/DEBUG] (FabricLoader/Mixin) Mixing ItemPropertiesMixin from fabric-item-api-v1.mixins.json into net.minecraft.item.Item$Settings
[14:52:51] [main/DEBUG] (FabricLoader/Mixin) Mixing TagKeyMixin from fabric-convention-tags-api-v2.mixins.json into net.minecraft.registry.tag.TagKey
[14:52:51] [main/DEBUG] (FabricLoader/Mixin) Mixing ValueOutputMixin from fabric-serialization-api-v1.mixins.json into net.minecraft.storage.WriteView
[14:52:52] [main/DEBUG] (FabricLoader/Mixin) Mixing BundleContentsAccessor from fabric-transfer-api-v1.mixins.json into net.minecraft.component.type.BundleContentsComponent
[14:52:52] [main/DEBUG] (FabricLoader/Mixin) Renaming @Invoker method getOccupancy(Lnet/minecraft/item/ItemStack;)Lorg/apache/commons/lang3/math/Fraction; to getOccupancy$fabric-transfer-api-v1_$md$66d4ed$0 in fabric-transfer-api-v1.mixins.json:BundleContentsAccessor from mod fabric-transfer-api-v1
[14:52:52] [main/DEBUG] (FabricLoader/Mixin) Mixing EntityTypeBuilderMixin from fabric-object-builder-v1.mixins.json into net.minecraft.entity.EntityType$Builder
[14:52:52] [main/DEBUG] (FabricLoader/Mixin) fabric-object-builder-v1.mixins.json:EntityTypeBuilderMixin from mod fabric-object-builder-api-v1->@Inject::applyChildBuilders(Lnet/minecraft/registry/RegistryKey;Lorg/spongepowered/asm/mixin/injection/callback/CallbackInfoReturnable;)V does use it's CallbackInfoReturnable
[14:52:52] [main/DEBUG] (FabricLoader/Mixin) Mixing ServerPlayerMixin from fabric-particles-v1.mixins.json into net.minecraft.server.network.ServerPlayerEntity
[14:52:52] [main/DEBUG] (FabricLoader/Mixin) Mixing ServerPlayerMixin from fabric-entity-events-v1.mixins.json into net.minecraft.server.network.ServerPlayerEntity
[14:52:52] [main/DEBUG] (FabricLoader/Mixin) Mixing SurvivalTracerMixin from simplebuilding.mixins.json into net.minecraft.server.network.ServerPlayerEntity
[14:52:52] [main/DEBUG] (FabricLoader/Mixin) Renaming synthetic method lambda$readSurvivalData$0(Lnet/minecraft/nbt/NbtCompound;)V to md66d4ed$simplebuilding$lambda$readSurvivalData$0$0 in simplebuilding.mixins.json:SurvivalTracerMixin from mod simplebuilding
[14:52:52] [main/DEBUG] (FabricLoader/Mixin) Mixing ServerPlayerMixin from fabric-events-interaction-v0.mixins.json into net.minecraft.server.network.ServerPlayerEntity
[14:52:52] [main/DEBUG] (FabricLoader/Mixin) Mixing ServerPlayerMixin from fabric-screen-handler-api-v1.mixins.json into net.minecraft.server.network.ServerPlayerEntity
[14:52:52] [main/DEBUG] (FabricLoader/Mixin) fabric-entity-events-v1.mixins.json:ServerPlayerMixin from mod fabric-entity-events-v1->@Inject::callOnKillForPlayer(Lnet/minecraft/entity/damage/DamageSource;Lorg/spongepowered/asm/mixin/injection/callback/CallbackInfo;)V doesn't use it's CallbackInfo
[14:52:52] [main/DEBUG] (FabricLoader/Mixin) fabric-entity-events-v1.mixins.json:ServerPlayerMixin from mod fabric-entity-events-v1->@Inject::callOnKillForPlayer(Lnet/minecraft/entity/damage/DamageSource;Lorg/spongepowered/asm/mixin/injection/callback/CallbackInfo;)V has 0 override(s) in child classes
[14:52:52] [main/DEBUG] (FabricLoader/Mixin) fabric-entity-events-v1.mixins.json:ServerPlayerMixin from mod fabric-entity-events-v1->@Inject::callOnKillForPlayer(Lnet/minecraft/entity/damage/DamageSource;Lorg/spongepowered/asm/mixin/injection/callback/CallbackInfo;)V won't be passed a CallbackInfo as a result
[14:52:52] [main/DEBUG] (FabricLoader/Mixin) fabric-entity-events-v1.mixins.json:ServerPlayerMixin from mod fabric-entity-events-v1->@Inject::notifyDeath(Lnet/minecraft/entity/damage/DamageSource;Lorg/spongepowered/asm/mixin/injection/callback/CallbackInfo;)V doesn't use it's CallbackInfo
[14:52:52] [main/DEBUG] (FabricLoader/Mixin) fabric-entity-events-v1.mixins.json:ServerPlayerMixin from mod fabric-entity-events-v1->@Inject::notifyDeath(Lnet/minecraft/entity/damage/DamageSource;Lorg/spongepowered/asm/mixin/injection/callback/CallbackInfo;)V has 0 override(s) in child classes
[14:52:52] [main/DEBUG] (FabricLoader/Mixin) fabric-entity-events-v1.mixins.json:ServerPlayerMixin from mod fabric-entity-events-v1->@Inject::notifyDeath(Lnet/minecraft/entity/damage/DamageSource;Lorg/spongepowered/asm/mixin/injection/callback/CallbackInfo;)V won't be passed a CallbackInfo as a result
[14:52:52] [main/DEBUG] (FabricLoader/Mixin) fabric-entity-events-v1.mixins.json:ServerPlayerMixin from mod fabric-entity-events-v1->@Inject::afterWorldChanged(Lnet/minecraft/server/world/ServerWorld;Lorg/spongepowered/asm/mixin/injection/callback/CallbackInfo;)V doesn't use it's CallbackInfo
[14:52:52] [main/DEBUG] (FabricLoader/Mixin) fabric-entity-events-v1.mixins.json:ServerPlayerMixin from mod fabric-entity-events-v1->@Inject::afterWorldChanged(Lnet/minecraft/server/world/ServerWorld;Lorg/spongepowered/asm/mixin/injection/callback/CallbackInfo;)V has 0 override(s) in child classes
[14:52:52] [main/DEBUG] (FabricLoader/Mixin) fabric-entity-events-v1.mixins.json:ServerPlayerMixin from mod fabric-entity-events-v1->@Inject::afterWorldChanged(Lnet/minecraft/server/world/ServerWorld;Lorg/spongepowered/asm/mixin/injection/callback/CallbackInfo;)V won't be passed a CallbackInfo as a result
[14:52:52] [main/DEBUG] (FabricLoader/Mixin) fabric-entity-events-v1.mixins.json:ServerPlayerMixin from mod fabric-entity-events-v1->@Inject::onCopyFrom(Lnet/minecraft/server/network/ServerPlayerEntity;ZLorg/spongepowered/asm/mixin/injection/callback/CallbackInfo;)V doesn't use it's CallbackInfo
[14:52:52] [main/DEBUG] (FabricLoader/Mixin) fabric-entity-events-v1.mixins.json:ServerPlayerMixin from mod fabric-entity-events-v1->@Inject::onCopyFrom(Lnet/minecraft/server/network/ServerPlayerEntity;ZLorg/spongepowered/asm/mixin/injection/callback/CallbackInfo;)V has 0 override(s) in child classes
[14:52:52] [main/DEBUG] (FabricLoader/Mixin) fabric-entity-events-v1.mixins.json:ServerPlayerMixin from mod fabric-entity-events-v1->@Inject::onCopyFrom(Lnet/minecraft/server/network/ServerPlayerEntity;ZLorg/spongepowered/asm/mixin/injection/callback/CallbackInfo;)V won't be passed a CallbackInfo as a result
[14:52:52] [main/DEBUG] (FabricLoader/Mixin) simplebuilding.mixins.json:SurvivalTracerMixin from mod simplebuilding->@Inject::onUpdateKilledAdvancementCriterion(Lnet/minecraft/entity/Entity;Lnet/minecraft/entity/damage/DamageSource;Lorg/spongepowered/asm/mixin/injection/callback/CallbackInfo;)V doesn't use it's CallbackInfo
[14:52:52] [main/DEBUG] (FabricLoader/Mixin) simplebuilding.mixins.json:SurvivalTracerMixin from mod simplebuilding->@Inject::onUpdateKilledAdvancementCriterion(Lnet/minecraft/entity/Entity;Lnet/minecraft/entity/damage/DamageSource;Lorg/spongepowered/asm/mixin/injection/callback/CallbackInfo;)V has 0 override(s) in child classes
[14:52:52] [main/DEBUG] (FabricLoader/Mixin) simplebuilding.mixins.json:SurvivalTracerMixin from mod simplebuilding->@Inject::onUpdateKilledAdvancementCriterion(Lnet/minecraft/entity/Entity;Lnet/minecraft/entity/damage/DamageSource;Lorg/spongepowered/asm/mixin/injection/callback/CallbackInfo;)V won't be passed a CallbackInfo as a result
[14:52:52] [main/DEBUG] (FabricLoader/Mixin) simplebuilding.mixins.json:SurvivalTracerMixin from mod simplebuilding->@Inject::simplebuilding$onTick(Lorg/spongepowered/asm/mixin/injection/callback/CallbackInfo;)V doesn't use it's CallbackInfo
[14:52:52] [main/DEBUG] (FabricLoader/Mixin) simplebuilding.mixins.json:SurvivalTracerMixin from mod simplebuilding->@Inject::simplebuilding$onTick(Lorg/spongepowered/asm/mixin/injection/callback/CallbackInfo;)V has 0 override(s) in child classes
[14:52:52] [main/DEBUG] (FabricLoader/Mixin) simplebuilding.mixins.json:SurvivalTracerMixin from mod simplebuilding->@Inject::simplebuilding$onTick(Lorg/spongepowered/asm/mixin/injection/callback/CallbackInfo;)V won't be passed a CallbackInfo as a result
[14:52:52] [main/DEBUG] (FabricLoader/Mixin) simplebuilding.mixins.json:SurvivalTracerMixin from mod simplebuilding->@Inject::writeSurvivalData(Lnet/minecraft/storage/WriteView;Lorg/spongepowered/asm/mixin/injection/callback/CallbackInfo;)V doesn't use it's CallbackInfo
[14:52:52] [main/DEBUG] (FabricLoader/Mixin) simplebuilding.mixins.json:SurvivalTracerMixin from mod simplebuilding->@Inject::writeSurvivalData(Lnet/minecraft/storage/WriteView;Lorg/spongepowered/asm/mixin/injection/callback/CallbackInfo;)V has 0 override(s) in child classes
[14:52:52] [main/DEBUG] (FabricLoader/Mixin) simplebuilding.mixins.json:SurvivalTracerMixin from mod simplebuilding->@Inject::writeSurvivalData(Lnet/minecraft/storage/WriteView;Lorg/spongepowered/asm/mixin/injection/callback/CallbackInfo;)V won't be passed a CallbackInfo as a result
[14:52:52] [main/DEBUG] (FabricLoader/Mixin) simplebuilding.mixins.json:SurvivalTracerMixin from mod simplebuilding->@Inject::readSurvivalData(Lnet/minecraft/storage/ReadView;Lorg/spongepowered/asm/mixin/injection/callback/CallbackInfo;)V doesn't use it's CallbackInfo
[14:52:52] [main/DEBUG] (FabricLoader/Mixin) simplebuilding.mixins.json:SurvivalTracerMixin from mod simplebuilding->@Inject::readSurvivalData(Lnet/minecraft/storage/ReadView;Lorg/spongepowered/asm/mixin/injection/callback/CallbackInfo;)V has 0 override(s) in child classes
[14:52:52] [main/DEBUG] (FabricLoader/Mixin) simplebuilding.mixins.json:SurvivalTracerMixin from mod simplebuilding->@Inject::readSurvivalData(Lnet/minecraft/storage/ReadView;Lorg/spongepowered/asm/mixin/injection/callback/CallbackInfo;)V won't be passed a CallbackInfo as a result
[14:52:52] [main/DEBUG] (FabricLoader/Mixin) simplebuilding.mixins.json:SurvivalTracerMixin from mod simplebuilding->@Inject::onRespawn(Lnet/minecraft/server/network/ServerPlayerEntity;ZLorg/spongepowered/asm/mixin/injection/callback/CallbackInfo;)V doesn't use it's CallbackInfo
[14:52:52] [main/DEBUG] (FabricLoader/Mixin) simplebuilding.mixins.json:SurvivalTracerMixin from mod simplebuilding->@Inject::onRespawn(Lnet/minecraft/server/network/ServerPlayerEntity;ZLorg/spongepowered/asm/mixin/injection/callback/CallbackInfo;)V has 0 override(s) in child classes
[14:52:52] [main/DEBUG] (FabricLoader/Mixin) simplebuilding.mixins.json:SurvivalTracerMixin from mod simplebuilding->@Inject::onRespawn(Lnet/minecraft/server/network/ServerPlayerEntity;ZLorg/spongepowered/asm/mixin/injection/callback/CallbackInfo;)V won't be passed a CallbackInfo as a result
[14:52:52] [main/DEBUG] (FabricLoader/Mixin) fabric-events-interaction-v0.mixins.json:ServerPlayerMixin from mod fabric-events-interaction-v0->@Inject::onPlayerInteractEntity(Lnet/minecraft/entity/Entity;Lorg/spongepowered/asm/mixin/injection/callback/CallbackInfo;)V does use it's CallbackInfo
[14:52:52] [main/DEBUG] (FabricLoader/Mixin) fabric-events-interaction-v0.mixins.json:ServerPlayerMixin from mod fabric-events-interaction-v0->@Inject::fakePlayerGameMode(Lnet/minecraft/world/GameMode;Lorg/spongepowered/asm/mixin/injection/callback/CallbackInfoReturnable;)V does use it's CallbackInfoReturnable
[14:52:52] [main/DEBUG] (FabricLoader/Mixin) fabric-screen-handler-api-v1.mixins.json:ServerPlayerMixin from mod fabric-screen-handler-api-v1->@Inject::fabric_storeOpenedScreenHandler(Lnet/minecraft/screen/NamedScreenHandlerFactory;Lorg/spongepowered/asm/mixin/injection/callback/CallbackInfoReturnable;)V doesn't use it's CallbackInfoReturnable
[14:52:52] [main/DEBUG] (FabricLoader/Mixin) fabric-screen-handler-api-v1.mixins.json:ServerPlayerMixin from mod fabric-screen-handler-api-v1->@Inject::fabric_storeOpenedScreenHandler(Lnet/minecraft/screen/NamedScreenHandlerFactory;Lorg/spongepowered/asm/mixin/injection/callback/CallbackInfoReturnable;)V has 0 override(s) in child classes
[14:52:52] [main/DEBUG] (FabricLoader/Mixin) fabric-screen-handler-api-v1.mixins.json:ServerPlayerMixin from mod fabric-screen-handler-api-v1->@Inject::fabric_storeOpenedScreenHandler(Lnet/minecraft/screen/NamedScreenHandlerFactory;Lorg/spongepowered/asm/mixin/injection/callback/CallbackInfoReturnable;)V won't be passed a CallbackInfoReturnable as a result
[14:52:52] [main/DEBUG] (FabricLoader/Mixin) Mixing BlockAttachedEntityTickMixin from simplebuilding.mixins.json into net.minecraft.entity.decoration.BlockAttachedEntity
[14:52:52] [main/DEBUG] (FabricLoader/Mixin) simplebuilding.mixins.json:BlockAttachedEntityTickMixin from mod simplebuilding->@Inject::simplebuilding$tickBrush(Lorg/spongepowered/asm/mixin/injection/callback/CallbackInfo;)V doesn't use it's CallbackInfo
[14:52:52] [main/DEBUG] (FabricLoader/Mixin) simplebuilding.mixins.json:BlockAttachedEntityTickMixin from mod simplebuilding->@Inject::simplebuilding$tickBrush(Lorg/spongepowered/asm/mixin/injection/callback/CallbackInfo;)V has 0 override(s) in child classes
[14:52:52] [main/DEBUG] (FabricLoader/Mixin) simplebuilding.mixins.json:BlockAttachedEntityTickMixin from mod simplebuilding->@Inject::simplebuilding$tickBrush(Lorg/spongepowered/asm/mixin/injection/callback/CallbackInfo;)V won't be passed a CallbackInfo as a result
[14:52:52] [main/DEBUG] (FabricLoader/Mixin) Mixing BreezeMixin from fabric-particles-v1.mixins.json into net.minecraft.entity.mob.BreezeEntity
[14:52:52] [main/DEBUG] (FabricLoader/Mixin) Mixing VillagerAccessor from fabric-content-registries-v0.mixins.json into net.minecraft.entity.passive.VillagerEntity
[14:52:52] [main/DEBUG] (FabricLoader/Mixin) Renaming @Accessor method fabric_setItemFoodValues(Ljava/util/Map;)V to fabric_setItemFoodValues$fabric-content-registries-v0_$md$66d4ed$0 in fabric-content-registries-v0.mixins.json:VillagerAccessor from mod fabric-content-registries-v0
[14:52:52] [main/DEBUG] (FabricLoader/Mixin) Mixing VillagerMixin from fabric-content-registries-v0.mixins.json into net.minecraft.entity.passive.VillagerEntity
[14:52:52] [main/DEBUG] (FabricLoader/Mixin) Mixing ItemFrameEntityMixin from simplebuilding.mixins.json into net.minecraft.entity.decoration.ItemFrameEntity
[14:52:52] [main/DEBUG] (FabricLoader/Mixin) simplebuilding.mixins.json:ItemFrameEntityMixin from mod simplebuilding->@Inject::simplebuilding$writeCustomData(Lnet/minecraft/storage/WriteView;Lorg/spongepowered/asm/mixin/injection/callback/CallbackInfo;)V doesn't use it's CallbackInfo
[14:52:52] [main/DEBUG] (FabricLoader/Mixin) simplebuilding.mixins.json:ItemFrameEntityMixin from mod simplebuilding->@Inject::simplebuilding$writeCustomData(Lnet/minecraft/storage/WriteView;Lorg/spongepowered/asm/mixin/injection/callback/CallbackInfo;)V has 0 override(s) in child classes
[14:52:52] [main/DEBUG] (FabricLoader/Mixin) simplebuilding.mixins.json:ItemFrameEntityMixin from mod simplebuilding->@Inject::simplebuilding$writeCustomData(Lnet/minecraft/storage/WriteView;Lorg/spongepowered/asm/mixin/injection/callback/CallbackInfo;)V won't be passed a CallbackInfo as a result
[14:52:52] [main/DEBUG] (FabricLoader/Mixin) simplebuilding.mixins.json:ItemFrameEntityMixin from mod simplebuilding->@Inject::simplebuilding$readCustomData(Lnet/minecraft/storage/ReadView;Lorg/spongepowered/asm/mixin/injection/callback/CallbackInfo;)V doesn't use it's CallbackInfo
[14:52:52] [main/DEBUG] (FabricLoader/Mixin) simplebuilding.mixins.json:ItemFrameEntityMixin from mod simplebuilding->@Inject::simplebuilding$readCustomData(Lnet/minecraft/storage/ReadView;Lorg/spongepowered/asm/mixin/injection/callback/CallbackInfo;)V has 0 override(s) in child classes
[14:52:52] [main/DEBUG] (FabricLoader/Mixin) simplebuilding.mixins.json:ItemFrameEntityMixin from mod simplebuilding->@Inject::simplebuilding$readCustomData(Lnet/minecraft/storage/ReadView;Lorg/spongepowered/asm/mixin/injection/callback/CallbackInfo;)V won't be passed a CallbackInfo as a result
[14:52:52] [main/DEBUG] (FabricLoader/Mixin) simplebuilding.mixins.json:ItemFrameEntityMixin from mod simplebuilding->@Inject::simplebuilding$preventDamageIfLocked(Lnet/minecraft/server/world/ServerWorld;Lnet/minecraft/entity/damage/DamageSource;FLorg/spongepowered/asm/mixin/injection/callback/CallbackInfoReturnable;)V does use it's CallbackInfoReturnable
[14:52:52] [main/DEBUG] (FabricLoader/Mixin) simplebuilding.mixins.json:ItemFrameEntityMixin from mod simplebuilding->@Inject::simplebuilding$onInteract(Lnet/minecraft/entity/player/PlayerEntity;Lnet/minecraft/util/Hand;Lorg/spongepowered/asm/mixin/injection/callback/CallbackInfoReturnable;)V does use it's CallbackInfoReturnable
[14:52:52] [main/DEBUG] (FabricLoader/Mixin) Mixing EntityDataSerializersAccessor from fabric-object-builder-v1.mixins.json into net.minecraft.entity.data.TrackedDataHandlerRegistry
[14:52:52] [main/DEBUG] (FabricLoader/Mixin) Renaming @Accessor method fabric_getDataHandlers()Lnet/minecraft/util/collection/Int2ObjectBiMap; to fabric_getDataHandlers$fabric-object-builder-api-v1_$md$66d4ed$0 in fabric-object-builder-v1.mixins.json:EntityDataSerializersAccessor from mod fabric-object-builder-api-v1
[14:52:52] [main/DEBUG] (FabricLoader/Mixin) Mixing EntityDataSerializersMixin from fabric-object-builder-v1.mixins.json into net.minecraft.entity.data.TrackedDataHandlerRegistry
[14:52:52] [main/DEBUG] (FabricLoader/Mixin) fabric-object-builder-v1.mixins.json:EntityDataSerializersMixin from mod fabric-object-builder-api-v1->@Inject::storeVanillaHandlers(Lorg/spongepowered/asm/mixin/injection/callback/CallbackInfo;)V doesn't use it's CallbackInfo
[14:52:52] [main/DEBUG] (FabricLoader/Mixin) fabric-object-builder-v1.mixins.json:EntityDataSerializersMixin from mod fabric-object-builder-api-v1->@Inject::onHeadRegister(Lnet/minecraft/entity/data/TrackedDataHandler;Lorg/spongepowered/asm/mixin/injection/callback/CallbackInfo;)V doesn't use it's CallbackInfo
[14:52:52] [main/DEBUG] (FabricLoader/Mixin) Mixing AttachmentTargetsMixin from fabric-data-attachment-api-v1.mixins.json into net.minecraft.world.chunk.Chunk
[14:52:52] [main/DEBUG] (FabricLoader/Mixin) Mixing ChunkAccessMixin from fabric-data-attachment-api-v1.mixins.json into net.minecraft.world.chunk.Chunk
[14:52:52] [main/DEBUG] (FabricLoader/Mixin) Mixing LevelChunkMixin from fabric-data-attachment-api-v1.mixins.json into net.minecraft.world.chunk.WorldChunk
[14:52:52] [main/DEBUG] (FabricLoader/Mixin) Renaming synthetic method lambda$fabric_syncChange$0(Lnet/fabricmc/fabric/api/attachment/v1/AttachmentType;Lnet/fabricmc/fabric/impl/attachment/sync/AttachmentChange;Lnet/minecraft/server/network/ServerPlayerEntity;)V to md66d4ed$fabric-data-attachment-api-v1$lambda$fabric_syncChange$0$0 in fabric-data-attachment-api-v1.mixins.json:LevelChunkMixin from mod fabric-data-attachment-api-v1
[14:52:52] [main/DEBUG] (FabricLoader/Mixin) Mixing LevelChunkMixin from fabric-lifecycle-events-v1.client.mixins.json into net.minecraft.world.chunk.WorldChunk
[14:52:52] [main/DEBUG] (FabricLoader/Mixin) fabric-data-attachment-api-v1.mixins.json:LevelChunkMixin from mod fabric-data-attachment-api-v1->@Inject::transferProtoChunkAttachment(Lnet/minecraft/server/world/ServerWorld;Lnet/minecraft/world/chunk/ProtoChunk;Lnet/minecraft/world/chunk/WorldChunk$EntityLoader;Lorg/spongepowered/asm/mixin/injection/callback/CallbackInfo;)V doesn't use it's CallbackInfo
[14:52:52] [main/DEBUG] (FabricLoader/Mixin) fabric-data-attachment-api-v1.mixins.json:LevelChunkMixin from mod fabric-data-attachment-api-v1->@Inject::transferProtoChunkAttachment(Lnet/minecraft/server/world/ServerWorld;Lnet/minecraft/world/chunk/ProtoChunk;Lnet/minecraft/world/chunk/WorldChunk$EntityLoader;Lorg/spongepowered/asm/mixin/injection/callback/CallbackInfo;)V has 0 override(s) in child classes
[14:52:52] [main/DEBUG] (FabricLoader/Mixin) fabric-data-attachment-api-v1.mixins.json:LevelChunkMixin from mod fabric-data-attachment-api-v1->@Inject::transferProtoChunkAttachment(Lnet/minecraft/server/world/ServerWorld;Lnet/minecraft/world/chunk/ProtoChunk;Lnet/minecraft/world/chunk/WorldChunk$EntityLoader;Lorg/spongepowered/asm/mixin/injection/callback/CallbackInfo;)V won't be passed a CallbackInfo as a result
[14:52:52] [main/DEBUG] (FabricLoader/Mixin) fabric-lifecycle-events-v1.client.mixins.json:LevelChunkMixin from mod fabric-lifecycle-events-v1->@Inject::onRemoveBlockEntity(Lnet/minecraft/block/entity/BlockEntity;Lorg/spongepowered/asm/mixin/injection/callback/CallbackInfo;)V doesn't use it's CallbackInfo
[14:52:52] [main/DEBUG] (FabricLoader/Mixin) fabric-lifecycle-events-v1.client.mixins.json:LevelChunkMixin from mod fabric-lifecycle-events-v1->@Inject::onRemoveBlockEntity(Lnet/minecraft/block/entity/BlockEntity;Lorg/spongepowered/asm/mixin/injection/callback/CallbackInfo;)V has 0 override(s) in child classes
[14:52:52] [main/DEBUG] (FabricLoader/Mixin) fabric-lifecycle-events-v1.client.mixins.json:LevelChunkMixin from mod fabric-lifecycle-events-v1->@Inject::onRemoveBlockEntity(Lnet/minecraft/block/entity/BlockEntity;Lorg/spongepowered/asm/mixin/injection/callback/CallbackInfo;)V won't be passed a CallbackInfo as a result
[14:52:52] [main/DEBUG] (FabricLoader/Mixin) fabric-lifecycle-events-v1.client.mixins.json:LevelChunkMixin from mod fabric-lifecycle-events-v1->@Inject::onRemoveBlockEntity(Lnet/minecraft/util/math/BlockPos;Lorg/spongepowered/asm/mixin/injection/callback/CallbackInfo;)V doesn't use it's CallbackInfo
[14:52:52] [main/DEBUG] (FabricLoader/Mixin) fabric-lifecycle-events-v1.client.mixins.json:LevelChunkMixin from mod fabric-lifecycle-events-v1->@Inject::onRemoveBlockEntity(Lnet/minecraft/util/math/BlockPos;Lorg/spongepowered/asm/mixin/injection/callback/CallbackInfo;)V has 0 override(s) in child classes
[14:52:52] [main/DEBUG] (FabricLoader/Mixin) fabric-lifecycle-events-v1.client.mixins.json:LevelChunkMixin from mod fabric-lifecycle-events-v1->@Inject::onRemoveBlockEntity(Lnet/minecraft/util/math/BlockPos;Lorg/spongepowered/asm/mixin/injection/callback/CallbackInfo;)V won't be passed a CallbackInfo as a result
[14:52:52] [main/DEBUG] (net.fabricmc.fabric.impl.object.builder.FabricTrackedDataRegistryImpl) Stored 39 vanilla handlers
[14:52:52] [main/DEBUG] (FabricLoader/Mixin) Mixing WardenMixin from fabric-particles-v1.mixins.json into net.minecraft.entity.mob.WardenEntity
[14:52:52] [main/DEBUG] (FabricLoader/Mixin) Mixing ItemContainerContentsAccessor from fabric-transfer-api-v1.mixins.json into net.minecraft.component.type.ContainerComponent
[14:52:52] [main/DEBUG] (FabricLoader/Mixin) Mixing LootTableAccessor from fabric-loot-api-v3.mixins.json into net.minecraft.loot.LootTable
[14:52:52] [main/DEBUG] (FabricLoader/Mixin) Mixing LootTableMixin from fabric-loot-api-v3.mixins.json into net.minecraft.loot.LootTable
[14:52:52] [main/DEBUG] (FabricLoader/Mixin) Mixing EnchantRandomlyFunctionMixin from fabric-item-api-v1.mixins.json into net.minecraft.loot.function.EnchantRandomlyLootFunction
[14:52:52] [main/DEBUG] (FabricLoader/Mixin) Mixing BowItemMixin from simplebuilding.mixins.json into net.minecraft.item.BowItem
[14:52:52] [main/DEBUG] (FabricLoader/Mixin) Renaming synthetic method lambda$new$0()Ljava/lang/Boolean; to md66d4ed$simplebuilding$lambda$new$0$0 in simplebuilding.mixins.json:BowItemMixin from mod simplebuilding
[14:52:52] [main/DEBUG] (FabricLoader/Mixin) simplebuilding.mixins.json:BowItemMixin from mod simplebuilding->@Inject::consumeArrowFromQuiver(Lnet/minecraft/item/ItemStack;Lnet/minecraft/world/World;Lnet/minecraft/entity/LivingEntity;ILorg/spongepowered/asm/mixin/injection/callback/CallbackInfoReturnable;)V does use it's CallbackInfoReturnable
[14:52:52] [main/DEBUG] (FabricLoader/Mixin) simplebuilding.mixins.json:BowItemMixin from mod simplebuilding->@Inject::consumeArrowFromQuiver(Lnet/minecraft/item/ItemStack;Lnet/minecraft/world/World;Lnet/minecraft/entity/LivingEntity;ILorg/spongepowered/asm/mixin/injection/callback/CallbackInfoReturnable;)V does use it's CallbackInfoReturnable
[14:52:52] [main/DEBUG] (FabricLoader/Mixin) simplebuilding.mixins.json:BowItemMixin from mod simplebuilding->@Inject::consumeArrowFromQuiver(Lnet/minecraft/item/ItemStack;Lnet/minecraft/world/World;Lnet/minecraft/entity/LivingEntity;ILorg/spongepowered/asm/mixin/injection/callback/CallbackInfoReturnable;)V does use it's CallbackInfoReturnable
[14:52:52] [main/DEBUG] (FabricLoader/Mixin) simplebuilding.mixins.json:BowItemMixin from mod simplebuilding->@Inject::consumeArrowFromQuiver(Lnet/minecraft/item/ItemStack;Lnet/minecraft/world/World;Lnet/minecraft/entity/LivingEntity;ILorg/spongepowered/asm/mixin/injection/callback/CallbackInfoReturnable;)V does use it's CallbackInfoReturnable
[14:52:52] [main/DEBUG] (FabricLoader/Mixin) Mixing HoneycombItemMixin from fabric-content-registries-v0.mixins.json into net.minecraft.item.HoneycombItem
[14:52:52] [main/DEBUG] (FabricLoader/Mixin) fabric-content-registries-v0.mixins.json:HoneycombItemMixin from mod fabric-content-registries-v0->@Inject::createUnwaxedToWaxedMap(Lorg/spongepowered/asm/mixin/injection/callback/CallbackInfoReturnable;)V does use it's CallbackInfoReturnable
[14:52:52] [main/DEBUG] (FabricLoader/Mixin) Mixing BrushItemMixin from fabric-particles-v1.mixins.json into net.minecraft.item.BrushItem
[14:52:52] [main/DEBUG] (FabricLoader/Mixin) Mixing BrushItemMixin from simplebuilding.mixins.json into net.minecraft.item.BrushItem
[14:52:52] [main/DEBUG] (FabricLoader/Mixin) Renaming synthetic method lambda$simplebuilding$allowBrushingFrames$1(Lnet/minecraft/util/hit/HitResult;Lnet/minecraft/entity/Entity;)Z to md66d4ed$simplebuilding$lambda$simplebuilding$allowBrushingFrames$1$0 in simplebuilding.mixins.json:BrushItemMixin from mod simplebuilding
[14:52:52] [main/DEBUG] (FabricLoader/Mixin) Renaming synthetic method lambda$simplebuilding$allowBrushingFrames$0(Lnet/minecraft/entity/Entity;)Z to md66d4ed$simplebuilding$lambda$simplebuilding$allowBrushingFrames$0$1 in simplebuilding.mixins.json:BrushItemMixin from mod simplebuilding
[14:52:52] [main/DEBUG] (FabricLoader/Mixin) simplebuilding.mixins.json:BrushItemMixin from mod simplebuilding->@Inject::simplebuilding$allowBrushingFrames(Lnet/minecraft/world/World;Lnet/minecraft/entity/LivingEntity;Lnet/minecraft/item/ItemStack;ILorg/spongepowered/asm/mixin/injection/callback/CallbackInfo;)V does use it's CallbackInfo
[14:52:53] [main/DEBUG] (FabricLoader/Mixin) Mixing EntitySelectorOptionsAccessor from fabric-command-api-v2.mixins.json into net.minecraft.command.EntitySelectorOptions
[14:52:53] [main/DEBUG] (FabricLoader/Mixin) Renaming @Invoker method callPutOption(Ljava/lang/String;Lnet/minecraft/command/EntitySelectorOptions$SelectorHandler;Ljava/util/function/Predicate;Lnet/minecraft/text/Text;)V to callPutOption$fabric-command-api-v2_$md$66d4ed$0 in fabric-command-api-v2.mixins.json:EntitySelectorOptionsAccessor from mod fabric-command-api-v2
[14:52:53] [main/DEBUG] (FabricLoader/Mixin) Mixing EntitySelectorParserMixin from fabric-command-api-v2.mixins.json into net.minecraft.command.EntitySelectorReader
[14:52:53] [main/DEBUG] (FabricLoader/Mixin) Generating mapped inner class net/minecraft/block/entity/ChiseledBookshelfBlockEntity$Anonymous$e6889316f09e4bb687eb0f41a1c23775 (originally net/fabricmc/fabric/mixin/transfer/ChiseledBookShelfBlockEntityMixin$1)
[14:52:53] [main/DEBUG] (FabricLoader/Mixin) Mixing SimpleContainerMixin from fabric-transfer-api-v1.mixins.json into net.minecraft.inventory.SimpleInventory
[14:52:53] [main/DEBUG] (FabricLoader/Mixin) Mixing CraftingRecipeMixin from fabric-item-api-v1.mixins.json into net.minecraft.recipe.CraftingRecipe
[14:52:53] [main/DEBUG] (FabricLoader/Mixin) Mixing ingredient.IngredientMixin from fabric-recipe-api-v1.mixins.json into net.minecraft.recipe.Ingredient
[14:52:53] [main/DEBUG] (FabricLoader/Mixin) Renaming synthetic method lambda$injectCodec$2(Lnet/minecraft/recipe/Ingredient;)Lcom/mojang/datafixers/util/Either; to md66d4ed$fabric-recipe-api-v1$lambda$injectCodec$2$0 in fabric-recipe-api-v1.mixins.json:ingredient.IngredientMixin from mod fabric-recipe-api-v1
[14:52:53] [main/DEBUG] (FabricLoader/Mixin) Renaming synthetic method lambda$injectCodec$1(Lcom/mojang/datafixers/util/Either;)Lnet/minecraft/recipe/Ingredient; to md66d4ed$fabric-recipe-api-v1$lambda$injectCodec$1$1 in fabric-recipe-api-v1.mixins.json:ingredient.IngredientMixin from mod fabric-recipe-api-v1
[14:52:53] [main/DEBUG] (FabricLoader/Mixin) Renaming synthetic method lambda$injectCodec$0(Lnet/minecraft/recipe/Ingredient;)Lnet/minecraft/recipe/Ingredient; to md66d4ed$fabric-recipe-api-v1$lambda$injectCodec$0$2 in fabric-recipe-api-v1.mixins.json:ingredient.IngredientMixin from mod fabric-recipe-api-v1
[14:52:53] [main/DEBUG] (FabricLoader/Mixin) fabric-recipe-api-v1.mixins.json:ingredient.IngredientMixin from mod fabric-recipe-api-v1->@Inject::injectCodec(Lorg/spongepowered/asm/mixin/injection/callback/CallbackInfo;)V doesn't use it's CallbackInfo
[14:52:53] [main/DEBUG] (FabricLoader/Mixin) fabric-recipe-api-v1.mixins.json:ingredient.IngredientMixin from mod fabric-recipe-api-v1->@Inject::onGetEntries(Lnet/minecraft/recipe/Ingredient;Lorg/spongepowered/asm/mixin/injection/callback/CallbackInfoReturnable;)V does use it's CallbackInfoReturnable
[14:52:53] [main/DEBUG] (FabricLoader/Mixin) fabric-recipe-api-v1.mixins.json:ingredient.IngredientMixin from mod fabric-recipe-api-v1->@Inject::onGetEntries(Lnet/minecraft/recipe/Ingredient;Lorg/spongepowered/asm/mixin/injection/callback/CallbackInfoReturnable;)V does use it's CallbackInfoReturnable
[14:52:53] [main/DEBUG] (FabricLoader/Mixin) fabric-recipe-api-v1.mixins.json:ingredient.IngredientMixin from mod fabric-recipe-api-v1->@Inject::onGetEntries(Lnet/minecraft/recipe/Ingredient;Lorg/spongepowered/asm/mixin/injection/callback/CallbackInfoReturnable;)V does use it's CallbackInfoReturnable
[14:52:53] [main/DEBUG] (FabricLoader/Mixin) fabric-recipe-api-v1.mixins.json:ingredient.IngredientMixin from mod fabric-recipe-api-v1->@Inject::onHeadEquals(Ljava/lang/Object;Lorg/spongepowered/asm/mixin/injection/callback/CallbackInfoReturnable;)V does use it's CallbackInfoReturnable
[14:52:53] [main/DEBUG] (FabricLoader/Mixin) Mixing ingredient.ShapelessRecipeMixin from fabric-recipe-api-v1.mixins.json into net.minecraft.recipe.ShapelessRecipe
[14:52:53] [main/DEBUG] (FabricLoader/Mixin) fabric-recipe-api-v1.mixins.json:ingredient.ShapelessRecipeMixin from mod fabric-recipe-api-v1->@Inject::cacheRequiresTesting(Ljava/lang/String;Lnet/minecraft/recipe/book/CraftingRecipeCategory;Lnet/minecraft/item/ItemStack;Ljava/util/List;Lorg/spongepowered/asm/mixin/injection/callback/CallbackInfo;)V doesn't use it's CallbackInfo
[14:52:53] [main/DEBUG] (FabricLoader/Mixin) fabric-recipe-api-v1.mixins.json:ingredient.ShapelessRecipeMixin from mod fabric-recipe-api-v1->@Inject::cacheRequiresTesting(Ljava/lang/String;Lnet/minecraft/recipe/book/CraftingRecipeCategory;Lnet/minecraft/item/ItemStack;Ljava/util/List;Lorg/spongepowered/asm/mixin/injection/callback/CallbackInfo;)V has 0 override(s) in child classes
[14:52:53] [main/DEBUG] (FabricLoader/Mixin) fabric-recipe-api-v1.mixins.json:ingredient.ShapelessRecipeMixin from mod fabric-recipe-api-v1->@Inject::cacheRequiresTesting(Ljava/lang/String;Lnet/minecraft/recipe/book/CraftingRecipeCategory;Lnet/minecraft/item/ItemStack;Ljava/util/List;Lorg/spongepowered/asm/mixin/injection/callback/CallbackInfo;)V won't be passed a CallbackInfo as a result
[14:52:53] [main/DEBUG] (FabricLoader/Mixin) fabric-recipe-api-v1.mixins.json:ingredient.ShapelessRecipeMixin from mod fabric-recipe-api-v1->@Inject::customIngredientMatch(Lnet/minecraft/recipe/input/CraftingRecipeInput;Lnet/minecraft/world/World;Lorg/spongepowered/asm/mixin/injection/callback/CallbackInfoReturnable;)V does use it's CallbackInfoReturnable
[14:52:53] [main/DEBUG] (FabricLoader/Mixin) Mixing ChunkStatusTasksMixin from fabric-lifecycle-events-v1.mixins.json into net.minecraft.world.chunk.ChunkGenerating
[14:52:53] [main/DEBUG] (FabricLoader/Mixin) fabric-lifecycle-events-v1.mixins.json:ChunkStatusTasksMixin from mod fabric-lifecycle-events-v1->@Inject::onChunkLoad(Lnet/minecraft/world/chunk/Chunk;Lnet/minecraft/world/chunk/ChunkGenerationContext;Lnet/minecraft/world/chunk/AbstractChunkHolder;Lorg/spongepowered/asm/mixin/injection/callback/CallbackInfoReturnable;)V does use it's CallbackInfoReturnable
[14:52:53] [main/DEBUG] (FabricLoader/Mixin) Mixing StructureTemplateManagerMixin from fabric-gametest-api-v1.mixins.json into net.minecraft.structure.StructureTemplateManager
[14:52:53] [main/DEBUG] (FabricLoader/Mixin) Renaming @Unique method streamTemplatesFromResource()Ljava/util/stream/Stream; to md66d4ed$fabric-gametest-api-v1$streamTemplatesFromResource$0 in fabric-gametest-api-v1.mixins.json:StructureTemplateManagerMixin from mod fabric-gametest-api-v1
[14:52:53] [main/DEBUG] (FabricLoader/Mixin) fabric-gametest-api-v1.mixins.json:StructureTemplateManagerMixin from mod fabric-gametest-api-v1->@Inject::addFabricTemplateProvider(Lnet/minecraft/resource/ResourceManager;Lnet/minecraft/world/level/storage/LevelStorage$Session;Lcom/mojang/datafixers/DataFixer;Lnet/minecraft/registry/RegistryEntryLookup;Lorg/spongepowered/asm/mixin/injection/callback/CallbackInfo;)V doesn't use it's CallbackInfo
[14:52:53] [main/DEBUG] (FabricLoader/Mixin) fabric-gametest-api-v1.mixins.json:StructureTemplateManagerMixin from mod fabric-gametest-api-v1->@Inject::addFabricTemplateProvider(Lnet/minecraft/resource/ResourceManager;Lnet/minecraft/world/level/storage/LevelStorage$Session;Lcom/mojang/datafixers/DataFixer;Lnet/minecraft/registry/RegistryEntryLookup;Lorg/spongepowered/asm/mixin/injection/callback/CallbackInfo;)V has 0 override(s) in child classes
[14:52:53] [main/DEBUG] (FabricLoader/Mixin) fabric-gametest-api-v1.mixins.json:StructureTemplateManagerMixin from mod fabric-gametest-api-v1->@Inject::addFabricTemplateProvider(Lnet/minecraft/resource/ResourceManager;Lnet/minecraft/world/level/storage/LevelStorage$Session;Lcom/mojang/datafixers/DataFixer;Lnet/minecraft/registry/RegistryEntryLookup;Lorg/spongepowered/asm/mixin/injection/callback/CallbackInfo;)V won't be passed a CallbackInfo as a result
[14:52:53] [main/DEBUG] (FabricLoader/Mixin) Mixing BiomeSourceMixin from fabric-biome-api-v1.mixins.json into net.minecraft.world.biome.source.BiomeSource
[14:52:53] [main/DEBUG] (FabricLoader/Mixin) Mixing MultiNoiseBiomeSourceMixin from fabric-biome-api-v1.mixins.json into net.minecraft.world.biome.source.MultiNoiseBiomeSource
[14:52:53] [main/DEBUG] (FabricLoader/Mixin) Mixing NetherBiomePresetMixin from fabric-biome-api-v1.mixins.json into net.minecraft.world.biome.source.MultiNoiseBiomeSourceParameterList$Preset$1
[14:52:53] [main/DEBUG] (FabricLoader/Mixin) fabric-biome-api-v1.mixins.json:NetherBiomePresetMixin from mod fabric-biome-api-v1->@Inject::apply(Ljava/util/function/Function;Lorg/spongepowered/asm/mixin/injection/callback/CallbackInfoReturnable;)V does use it's CallbackInfoReturnable
[14:52:53] [main/DEBUG] (FabricLoader/Mixin) Mixing RegistryOpsAccessor from fabric-resource-conditions-api-v1.mixins.json into net.minecraft.registry.RegistryOps
[14:52:53] [main/DEBUG] (FabricLoader/Mixin) Mixing TheEndBiomeSourceMixin from fabric-biome-api-v1.mixins.json into net.minecraft.world.biome.source.TheEndBiomeSource
[14:52:53] [main/DEBUG] (FabricLoader/Mixin) Renaming synthetic method lambda$init$1(Lnet/minecraft/registry/RegistryEntryLookup;)Lnet/fabricmc/fabric/impl/biome/TheEndBiomeData$Overrides; to md66d4ed$fabric-biome-api-v1$lambda$init$1$0 in fabric-biome-api-v1.mixins.json:TheEndBiomeSourceMixin from mod fabric-biome-api-v1
[14:52:53] [main/DEBUG] (FabricLoader/Mixin) Renaming synthetic method lambda$modifyCodec$0(Lcom/mojang/serialization/codecs/RecordCodecBuilder$Instance;)Lcom/mojang/datafixers/kinds/App; to md66d4ed$fabric-biome-api-v1$lambda$modifyCodec$0$1 in fabric-biome-api-v1.mixins.json:TheEndBiomeSourceMixin from mod fabric-biome-api-v1
[14:52:53] [main/DEBUG] (FabricLoader/Mixin) fabric-biome-api-v1.mixins.json:TheEndBiomeSourceMixin from mod fabric-biome-api-v1->@Inject::modifyCodec(Lorg/spongepowered/asm/mixin/injection/callback/CallbackInfo;)V doesn't use it's CallbackInfo
[14:52:53] [main/DEBUG] (FabricLoader/Mixin) fabric-biome-api-v1.mixins.json:TheEndBiomeSourceMixin from mod fabric-biome-api-v1->@Inject::rememberLookup(Lnet/minecraft/registry/RegistryEntryLookup;Lorg/spongepowered/asm/mixin/injection/callback/CallbackInfoReturnable;)V doesn't use it's CallbackInfoReturnable
[14:52:53] [main/DEBUG] (FabricLoader/Mixin) fabric-biome-api-v1.mixins.json:TheEndBiomeSourceMixin from mod fabric-biome-api-v1->@Inject::clearLookup(Lnet/minecraft/registry/RegistryEntryLookup;Lorg/spongepowered/asm/mixin/injection/callback/CallbackInfoReturnable;)V doesn't use it's CallbackInfoReturnable
[14:52:53] [main/DEBUG] (FabricLoader/Mixin) fabric-biome-api-v1.mixins.json:TheEndBiomeSourceMixin from mod fabric-biome-api-v1->@Inject::init(Lnet/minecraft/registry/entry/RegistryEntry;Lnet/minecraft/registry/entry/RegistryEntry;Lnet/minecraft/registry/entry/RegistryEntry;Lnet/minecraft/registry/entry/RegistryEntry;Lnet/minecraft/registry/entry/RegistryEntry;Lorg/spongepowered/asm/mixin/injection/callback/CallbackInfo;)V doesn't use it's CallbackInfo
[14:52:53] [main/DEBUG] (FabricLoader/Mixin) fabric-biome-api-v1.mixins.json:TheEndBiomeSourceMixin from mod fabric-biome-api-v1->@Inject::init(Lnet/minecraft/registry/entry/RegistryEntry;Lnet/minecraft/registry/entry/RegistryEntry;Lnet/minecraft/registry/entry/RegistryEntry;Lnet/minecraft/registry/entry/RegistryEntry;Lnet/minecraft/registry/entry/RegistryEntry;Lorg/spongepowered/asm/mixin/injection/callback/CallbackInfo;)V has 0 override(s) in child classes
[14:52:53] [main/DEBUG] (FabricLoader/Mixin) fabric-biome-api-v1.mixins.json:TheEndBiomeSourceMixin from mod fabric-biome-api-v1->@Inject::init(Lnet/minecraft/registry/entry/RegistryEntry;Lnet/minecraft/registry/entry/RegistryEntry;Lnet/minecraft/registry/entry/RegistryEntry;Lnet/minecraft/registry/entry/RegistryEntry;Lnet/minecraft/registry/entry/RegistryEntry;Lorg/spongepowered/asm/mixin/injection/callback/CallbackInfo;)V won't be passed a CallbackInfo as a result
[14:52:53] [main/DEBUG] (FabricLoader/Mixin) fabric-biome-api-v1.mixins.json:TheEndBiomeSourceMixin from mod fabric-biome-api-v1->@Inject::getWeightedEndBiome(IIILnet/minecraft/world/biome/source/util/MultiNoiseUtil$MultiNoiseSampler;Lorg/spongepowered/asm/mixin/injection/callback/CallbackInfoReturnable;)V does use it's CallbackInfoReturnable
[14:52:53] [main/DEBUG] (FabricLoader/Mixin) fabric-biome-api-v1.mixins.json:TheEndBiomeSourceMixin from mod fabric-biome-api-v1->@Inject::getWeightedEndBiome(IIILnet/minecraft/world/biome/source/util/MultiNoiseUtil$MultiNoiseSampler;Lorg/spongepowered/asm/mixin/injection/callback/CallbackInfoReturnable;)V does use it's CallbackInfoReturnable
[14:52:53] [main/DEBUG] (FabricLoader/Mixin) fabric-biome-api-v1.mixins.json:TheEndBiomeSourceMixin from mod fabric-biome-api-v1->@Inject::getWeightedEndBiome(IIILnet/minecraft/world/biome/source/util/MultiNoiseUtil$MultiNoiseSampler;Lorg/spongepowered/asm/mixin/injection/callback/CallbackInfoReturnable;)V does use it's CallbackInfoReturnable
[14:52:53] [main/DEBUG] (FabricLoader/Mixin) fabric-biome-api-v1.mixins.json:TheEndBiomeSourceMixin from mod fabric-biome-api-v1->@Inject::getWeightedEndBiome(IIILnet/minecraft/world/biome/source/util/MultiNoiseUtil$MultiNoiseSampler;Lorg/spongepowered/asm/mixin/injection/callback/CallbackInfoReturnable;)V does use it's CallbackInfoReturnable
[14:52:53] [main/DEBUG] (FabricLoader/Mixin) fabric-biome-api-v1.mixins.json:TheEndBiomeSourceMixin from mod fabric-biome-api-v1->@Inject::getWeightedEndBiome(IIILnet/minecraft/world/biome/source/util/MultiNoiseUtil$MultiNoiseSampler;Lorg/spongepowered/asm/mixin/injection/callback/CallbackInfoReturnable;)V does use it's CallbackInfoReturnable
[14:52:53] [main/DEBUG] (FabricLoader/Mixin) Mixing DebugLevelSourceAccessor from fabric-registry-sync-v0.mixins.json into net.minecraft.world.gen.chunk.DebugChunkGenerator
[14:52:53] [main/DEBUG] (FabricLoader/Mixin) Renaming @Accessor method setALL_BLOCKS(Ljava/util/List;)V to setALL_BLOCKS$fabric-registry-sync-v0_$md$66d4ed$0 in fabric-registry-sync-v0.mixins.json:DebugLevelSourceAccessor from mod fabric-registry-sync-v0
[14:52:53] [main/DEBUG] (FabricLoader/Mixin) Renaming @Accessor method setGRID_WIDTH(I)V to setGRID_WIDTH$fabric-registry-sync-v0_$md$66d4ed$1 in fabric-registry-sync-v0.mixins.json:DebugLevelSourceAccessor from mod fabric-registry-sync-v0
[14:52:53] [main/DEBUG] (FabricLoader/Mixin) Renaming @Accessor method setGRID_HEIGHT(I)V to setGRID_HEIGHT$fabric-registry-sync-v0_$md$66d4ed$2 in fabric-registry-sync-v0.mixins.json:DebugLevelSourceAccessor from mod fabric-registry-sync-v0
[14:52:53] [main/DEBUG] (FabricLoader/Mixin) Mixing GameRulesServiceGameRuleUpdateMixin from fabric-game-rule-api-v1.mixins.json into net.minecraft.server.dedicated.management.dispatch.GameRuleRpcDispatcher$RuleEntry
[14:52:53] [main/DEBUG] (FabricLoader/Mixin) Renaming synthetic method lambda$fabric_createTypedCodec$4(Lnet/minecraft/world/rule/GameRule;Lcom/mojang/serialization/codecs/RecordCodecBuilder$Instance;)Lcom/mojang/datafixers/kinds/App; to md66d4ed$fabric-game-rule-api-v1$lambda$fabric_createTypedCodec$4$0 in fabric-game-rule-api-v1.mixins.json:GameRulesServiceGameRuleUpdateMixin from mod fabric-game-rule-api-v1
[14:52:53] [main/DEBUG] (FabricLoader/Mixin) Renaming synthetic method lambda$fabric_createTypedCodec$3(Lnet/minecraft/world/rule/GameRule;Lnet/fabricmc/fabric/impl/gamerule/rpc/FabricGameRuleType;Ljava/lang/Object;)Lnet/minecraft/server/dedicated/management/dispatch/GameRuleRpcDispatcher$RuleEntry; to md66d4ed$fabric-game-rule-api-v1$lambda$fabric_createTypedCodec$3$1 in fabric-game-rule-api-v1.mixins.json:GameRulesServiceGameRuleUpdateMixin from mod fabric-game-rule-api-v1
[14:52:53] [main/DEBUG] (FabricLoader/Mixin) Renaming synthetic method lambda$fabric_createTypedCodec$2(Lnet/minecraft/server/dedicated/management/dispatch/GameRuleRpcDispatcher$RuleEntry;)Lnet/fabricmc/fabric/impl/gamerule/rpc/FabricGameRuleType; to md66d4ed$fabric-game-rule-api-v1$lambda$fabric_createTypedCodec$2$2 in fabric-game-rule-api-v1.mixins.json:GameRulesServiceGameRuleUpdateMixin from mod fabric-game-rule-api-v1
[14:52:53] [main/DEBUG] (FabricLoader/Mixin) Renaming synthetic method lambda$fabricTypeCodec$1(Lnet/minecraft/server/dedicated/management/dispatch/GameRuleRpcDispatcher$RuleEntry;)Lcom/mojang/datafixers/util/Either; to md66d4ed$fabric-game-rule-api-v1$lambda$fabricTypeCodec$1$3 in fabric-game-rule-api-v1.mixins.json:GameRulesServiceGameRuleUpdateMixin from mod fabric-game-rule-api-v1
[14:52:53] [main/DEBUG] (FabricLoader/Mixin) Renaming synthetic method lambda$fabricTypeCodec$0(Lcom/mojang/datafixers/util/Either;)Lnet/minecraft/server/dedicated/management/dispatch/GameRuleRpcDispatcher$RuleEntry; to md66d4ed$fabric-game-rule-api-v1$lambda$fabricTypeCodec$0$4 in fabric-game-rule-api-v1.mixins.json:GameRulesServiceGameRuleUpdateMixin from mod fabric-game-rule-api-v1
[14:52:53] [main/DEBUG] (FabricLoader/Mixin) fabric-game-rule-api-v1.mixins.json:GameRulesServiceGameRuleUpdateMixin from mod fabric-game-rule-api-v1->@Inject::updateFabricType(Lnet/minecraft/world/rule/GameRule;Ljava/lang/Object;Lorg/spongepowered/asm/mixin/injection/callback/CallbackInfo;)V doesn't use it's CallbackInfo
[14:52:53] [main/DEBUG] (FabricLoader/Mixin) Mixing client.item.BlockModelWrapperUnbakedMixin from fabric-renderer-api-v1.mixins.json into net.minecraft.client.render.item.model.BasicItemModel$Unbaked
[14:52:53] [main/DEBUG] (FabricLoader/Mixin) Mixing client.item.BlockModelWrapperMixin from fabric-renderer-api-v1.mixins.json into net.minecraft.client.render.item.model.BasicItemModel
[14:52:53] [main/DEBUG] (FabricLoader/Mixin) Renaming synthetic method lambda$fabric_setMesh$1(Lnet/minecraft/client/render/model/ErrorCollectingSpriteGetter;Lnet/fabricmc/fabric/api/renderer/v1/mesh/QuadView;)V to md66d4ed$fabric-renderer-api-v1$lambda$fabric_setMesh$1$0 in fabric-renderer-api-v1.mixins.json:client.item.BlockModelWrapperMixin from mod fabric-renderer-api-v1
[14:52:53] [main/DEBUG] (FabricLoader/Mixin) Renaming synthetic method lambda$onReturnUpdate$0(Lnet/minecraft/client/render/BlockRenderLayer;Lnet/fabricmc/fabric/api/renderer/v1/mesh/QuadAtlas;Lnet/minecraft/client/render/BlockRenderLayer;)Lnet/minecraft/client/render/RenderLayer; to md66d4ed$fabric-renderer-api-v1$lambda$onReturnUpdate$0$1 in fabric-renderer-api-v1.mixins.json:client.item.BlockModelWrapperMixin from mod fabric-renderer-api-v1
[14:52:53] [main/DEBUG] (FabricLoader/Mixin) fabric-renderer-api-v1.mixins.json:client.item.BlockModelWrapperMixin from mod fabric-renderer-api-v1->@Inject::onReturnUpdate(Lnet/minecraft/client/render/item/ItemRenderState;Lnet/minecraft/item/ItemStack;Lnet/minecraft/client/item/ItemModelManager;Lnet/minecraft/item/ItemDisplayContext;Lnet/minecraft/client/world/ClientWorld;Lnet/minecraft/util/HeldItemContext;ILorg/spongepowered/asm/mixin/injection/callback/CallbackInfo;)V doesn't use it's CallbackInfo
[14:52:53] [main/DEBUG] (FabricLoader/Mixin) fabric-renderer-api-v1.mixins.json:client.item.BlockModelWrapperMixin from mod fabric-renderer-api-v1->@Inject::onReturnUpdate(Lnet/minecraft/client/render/item/ItemRenderState;Lnet/minecraft/item/ItemStack;Lnet/minecraft/client/item/ItemModelManager;Lnet/minecraft/item/ItemDisplayContext;Lnet/minecraft/client/world/ClientWorld;Lnet/minecraft/util/HeldItemContext;ILorg/spongepowered/asm/mixin/injection/callback/CallbackInfo;)V has 0 override(s) in child classes
[14:52:53] [main/DEBUG] (FabricLoader/Mixin) fabric-renderer-api-v1.mixins.json:client.item.BlockModelWrapperMixin from mod fabric-renderer-api-v1->@Inject::onReturnUpdate(Lnet/minecraft/client/render/item/ItemRenderState;Lnet/minecraft/item/ItemStack;Lnet/minecraft/client/item/ItemModelManager;Lnet/minecraft/item/ItemDisplayContext;Lnet/minecraft/client/world/ClientWorld;Lnet/minecraft/util/HeldItemContext;ILorg/spongepowered/asm/mixin/injection/callback/CallbackInfo;)V won't be passed a CallbackInfo as a result
[14:52:53] [main/DEBUG] (FabricLoader/Mixin) Mixing SpecialModelRenderersMixin from fabric-rendering-v1.mixins.json into net.minecraft.client.render.item.model.special.SpecialModelTypes
[14:52:53] [main/DEBUG] (FabricLoader/Mixin) fabric-rendering-v1.mixins.json:SpecialModelRenderersMixin from mod fabric-rendering-v1->@Inject::onReturnClinit(Lorg/spongepowered/asm/mixin/injection/callback/CallbackInfo;)V doesn't use it's CallbackInfo
[14:52:53] [main/DEBUG] (FabricLoader/Mixin) Mixing SheetsMixin from fabric-object-builder-v1.client.mixins.json into net.minecraft.client.render.TexturedRenderLayers
[14:52:53] [main/DEBUG] (FabricLoader/Mixin) fabric-object-builder-v1.client.mixins.json:SheetsMixin from mod fabric-object-builder-api-v1->@Inject::onReturnClinit(Lorg/spongepowered/asm/mixin/injection/callback/CallbackInfo;)V doesn't use it's CallbackInfo
[14:52:53] [main/DEBUG] (FabricLoader/Mixin) Mixing RenderPipelineSnippetMixin from fabric-rendering-v1.mixins.json into com.mojang.blaze3d.pipeline.RenderPipeline$Snippet
[14:52:53] [main/DEBUG] (FabricLoader/Mixin) Mixing RenderPipelineMixin from fabric-rendering-v1.mixins.json into com.mojang.blaze3d.pipeline.RenderPipeline
[14:52:53] [main/DEBUG] (FabricLoader/Mixin) Mixing RenderPipelineBuilderMixin from fabric-rendering-v1.mixins.json into com.mojang.blaze3d.pipeline.RenderPipeline$Builder
[14:52:53] [main/DEBUG] (FabricLoader/Mixin) Renaming synthetic method lambda$copyUsePipelineDrawModeForGuiToSnippet$1(Lcom/llamalad7/mixinextras/injector/wrapoperation/Operation;Ljava/util/Optional;Ljava/util/Optional;Ljava/util/Optional;Ljava/util/Optional;Ljava/util/Optional;Ljava/util/Optional;Ljava/util/Optional;Ljava/util/Optional;Ljava/util/Optional;Ljava/util/Optional;Ljava/util/Optional;Ljava/util/Optional;Ljava/util/Optional;Ljava/util/Optional;Ljava/util/Optional;)Lcom/mojang/blaze3d/pipeline/RenderPipeline$Snippet; to md66d4ed$fabric-rendering-v1$lambda$copyUsePipelineDrawModeForGuiToSnippet$1$0 in fabric-rendering-v1.mixins.json:RenderPipelineBuilderMixin from mod fabric-rendering-v1
[14:52:53] [main/DEBUG] (FabricLoader/Mixin) Renaming synthetic method lambda$copyUsePipelineDrawModeForGuiFromSnippet$0(Ljava/lang/Boolean;)V to md66d4ed$fabric-rendering-v1$lambda$copyUsePipelineDrawModeForGuiFromSnippet$0$1 in fabric-rendering-v1.mixins.json:RenderPipelineBuilderMixin from mod fabric-rendering-v1
[14:52:53] [main/DEBUG] (FabricLoader/Mixin) fabric-rendering-v1.mixins.json:RenderPipelineBuilderMixin from mod fabric-rendering-v1->@Inject::copyUsePipelineDrawModeForGuiFromSnippet(Lcom/mojang/blaze3d/pipeline/RenderPipeline$Snippet;Lorg/spongepowered/asm/mixin/injection/callback/CallbackInfo;)V doesn't use it's CallbackInfo
[14:52:53] [main/DEBUG] (FabricLoader/Mixin) fabric-rendering-v1.mixins.json:RenderPipelineBuilderMixin from mod fabric-rendering-v1->@Inject::copyUsePipelineDrawModeForGuiFromSnippet(Lcom/mojang/blaze3d/pipeline/RenderPipeline$Snippet;Lorg/spongepowered/asm/mixin/injection/callback/CallbackInfo;)V has 0 override(s) in child classes
[14:52:53] [main/DEBUG] (FabricLoader/Mixin) fabric-rendering-v1.mixins.json:RenderPipelineBuilderMixin from mod fabric-rendering-v1->@Inject::copyUsePipelineDrawModeForGuiFromSnippet(Lcom/mojang/blaze3d/pipeline/RenderPipeline$Snippet;Lorg/spongepowered/asm/mixin/injection/callback/CallbackInfo;)V won't be passed a CallbackInfo as a result
[14:52:53] [main/DEBUG] (FabricLoader/Mixin) Mixing client.sprite.TextureAtlasMixin from fabric-renderer-api-v1.mixins.json into net.minecraft.client.texture.SpriteAtlasTexture
[14:52:53] [main/DEBUG] (FabricLoader/Mixin) fabric-renderer-api-v1.mixins.json:client.sprite.TextureAtlasMixin from mod fabric-renderer-api-v1->@Inject::uploadHook(Lnet/minecraft/client/texture/SpriteLoader$StitchResult;Lorg/spongepowered/asm/mixin/injection/callback/CallbackInfo;)V doesn't use it's CallbackInfo
[14:52:53] [main/DEBUG] (FabricLoader/Mixin) fabric-renderer-api-v1.mixins.json:client.sprite.TextureAtlasMixin from mod fabric-renderer-api-v1->@Inject::uploadHook(Lnet/minecraft/client/texture/SpriteLoader$StitchResult;Lorg/spongepowered/asm/mixin/injection/callback/CallbackInfo;)V has 0 override(s) in child classes
[14:52:53] [main/DEBUG] (FabricLoader/Mixin) fabric-renderer-api-v1.mixins.json:client.sprite.TextureAtlasMixin from mod fabric-renderer-api-v1->@Inject::uploadHook(Lnet/minecraft/client/texture/SpriteLoader$StitchResult;Lorg/spongepowered/asm/mixin/injection/callback/CallbackInfo;)V won't be passed a CallbackInfo as a result
[14:52:53] [main/DEBUG] (FabricLoader/Mixin) Mixing ItemRendererAccessor from fabric-renderer-indigo.mixins.json into net.minecraft.client.render.item.ItemRenderer
[14:52:53] [main/DEBUG] (FabricLoader/Mixin) Renaming @Invoker method fabric_getDynamicDisplayGlintConsumer(Lnet/minecraft/client/render/VertexConsumerProvider;Lnet/minecraft/client/render/RenderLayer;Lnet/minecraft/client/util/math/MatrixStack$Entry;)Lnet/minecraft/client/render/VertexConsumer; to fabric_getDynamicDisplayGlintConsumer$fabric-renderer-indigo_$md$66d4ed$0 in fabric-renderer-indigo.mixins.json:ItemRendererAccessor from mod fabric-renderer-indigo
[14:52:53] [main/DEBUG] (FabricLoader/Mixin) Mixing RenderStateMixin from fabric-rendering-v1.mixins.json into net.minecraft.client.render.block.entity.state.BlockEntityRenderState
[14:52:54] [main/DEBUG] (FabricLoader/Mixin) Mixing ModelMixin from fabric-rendering-v1.mixins.json into net.minecraft.client.model.Model
[14:52:54] [main/DEBUG] (FabricLoader/Mixin) Renaming synthetic method lambda$copyTransforms$0(Ljava/lang/String;Lnet/minecraft/client/model/ModelPart;)V to md66d4ed$fabric-rendering-v1$lambda$copyTransforms$0$0 in fabric-rendering-v1.mixins.json:ModelMixin from mod fabric-rendering-v1
[14:52:54] [main/DEBUG] (FabricLoader/Mixin) fabric-rendering-v1.mixins.json:ModelMixin from mod fabric-rendering-v1->@Inject::fillChildPartMap(Lnet/minecraft/client/model/ModelPart;Ljava/util/function/Function;Lorg/spongepowered/asm/mixin/injection/callback/CallbackInfo;)V doesn't use it's CallbackInfo
[14:52:54] [main/DEBUG] (FabricLoader/Mixin) fabric-rendering-v1.mixins.json:ModelMixin from mod fabric-rendering-v1->@Inject::fillChildPartMap(Lnet/minecraft/client/model/ModelPart;Ljava/util/function/Function;Lorg/spongepowered/asm/mixin/injection/callback/CallbackInfo;)V has 0 override(s) in child classes
[14:52:54] [main/DEBUG] (FabricLoader/Mixin) fabric-rendering-v1.mixins.json:ModelMixin from mod fabric-rendering-v1->@Inject::fillChildPartMap(Lnet/minecraft/client/model/ModelPart;Ljava/util/function/Function;Lorg/spongepowered/asm/mixin/injection/callback/CallbackInfo;)V won't be passed a CallbackInfo as a result
[14:52:54] [main/DEBUG] (FabricLoader/Mixin) Mixing KeyMappingAccessor from fabric-events-interaction-v0.client.mixins.json into net.minecraft.client.option.KeyBinding
[14:52:54] [main/DEBUG] (FabricLoader/Mixin) Mixing KeyMappingAccessor from fabric-key-binding-api-v1.mixins.json into net.minecraft.client.option.KeyBinding
[14:52:54] [main/DEBUG] (FabricLoader/Mixin) Mixing SpriteSourcesAccessor from fabric-rendering-v1.mixins.json into net.minecraft.client.texture.atlas.AtlasSourceManager
[14:52:54] [main/DEBUG] (FabricLoader/Mixin) Renaming @Accessor method getAtlasSourceCodecs()Lnet/minecraft/util/dynamic/Codecs$IdMapper; to getAtlasSourceCodecs$fabric-rendering-v1_$md$66d4ed$0 in fabric-rendering-v1.mixins.json:SpriteSourcesAccessor from mod fabric-rendering-v1
[14:52:54] [main/DEBUG] (FabricLoader/Mixin) Mixing ScreenAccessor from fabric-screen-api-v1.mixins.json into net.minecraft.client.gui.screen.Screen
[14:52:54] [main/DEBUG] (FabricLoader/Mixin) Mixing ScreenMixin from fabric-screen-api-v1.mixins.json into net.minecraft.client.gui.screen.Screen
[14:52:54] [main/DEBUG] (FabricLoader/Mixin) fabric-screen-api-v1.mixins.json:ScreenMixin from mod fabric-screen-api-v1->@Inject::renderWithTooltip(Lnet/minecraft/client/gui/DrawContext;IIFLorg/spongepowered/asm/mixin/injection/callback/CallbackInfo;)V doesn't use it's CallbackInfo
[14:52:54] [main/DEBUG] (FabricLoader/Mixin) fabric-screen-api-v1.mixins.json:ScreenMixin from mod fabric-screen-api-v1->@Inject::beforeInitScreen(IILorg/spongepowered/asm/mixin/injection/callback/CallbackInfo;)V doesn't use it's CallbackInfo
[14:52:54] [main/DEBUG] (FabricLoader/Mixin) fabric-screen-api-v1.mixins.json:ScreenMixin from mod fabric-screen-api-v1->@Inject::beforeInitScreen(IILorg/spongepowered/asm/mixin/injection/callback/CallbackInfo;)V has 0 override(s) in child classes
[14:52:54] [main/DEBUG] (FabricLoader/Mixin) fabric-screen-api-v1.mixins.json:ScreenMixin from mod fabric-screen-api-v1->@Inject::beforeInitScreen(IILorg/spongepowered/asm/mixin/injection/callback/CallbackInfo;)V won't be passed a CallbackInfo as a result
[14:52:54] [main/DEBUG] (FabricLoader/Mixin) fabric-screen-api-v1.mixins.json:ScreenMixin from mod fabric-screen-api-v1->@Inject::afterInitScreen(IILorg/spongepowered/asm/mixin/injection/callback/CallbackInfo;)V doesn't use it's CallbackInfo
[14:52:54] [main/DEBUG] (FabricLoader/Mixin) fabric-screen-api-v1.mixins.json:ScreenMixin from mod fabric-screen-api-v1->@Inject::afterInitScreen(IILorg/spongepowered/asm/mixin/injection/callback/CallbackInfo;)V has 0 override(s) in child classes
[14:52:54] [main/DEBUG] (FabricLoader/Mixin) fabric-screen-api-v1.mixins.json:ScreenMixin from mod fabric-screen-api-v1->@Inject::afterInitScreen(IILorg/spongepowered/asm/mixin/injection/callback/CallbackInfo;)V won't be passed a CallbackInfo as a result
[14:52:54] [main/DEBUG] (FabricLoader/Mixin) fabric-screen-api-v1.mixins.json:ScreenMixin from mod fabric-screen-api-v1->@Inject::beforeResizeScreen(IILorg/spongepowered/asm/mixin/injection/callback/CallbackInfo;)V doesn't use it's CallbackInfo
[14:52:54] [main/DEBUG] (FabricLoader/Mixin) fabric-screen-api-v1.mixins.json:ScreenMixin from mod fabric-screen-api-v1->@Inject::beforeResizeScreen(IILorg/spongepowered/asm/mixin/injection/callback/CallbackInfo;)V has 0 override(s) in child classes
[14:52:54] [main/DEBUG] (FabricLoader/Mixin) fabric-screen-api-v1.mixins.json:ScreenMixin from mod fabric-screen-api-v1->@Inject::beforeResizeScreen(IILorg/spongepowered/asm/mixin/injection/callback/CallbackInfo;)V won't be passed a CallbackInfo as a result
[14:52:54] [main/DEBUG] (FabricLoader/Mixin) fabric-screen-api-v1.mixins.json:ScreenMixin from mod fabric-screen-api-v1->@Inject::afterResizeScreen(IILorg/spongepowered/asm/mixin/injection/callback/CallbackInfo;)V doesn't use it's CallbackInfo
[14:52:54] [main/DEBUG] (FabricLoader/Mixin) fabric-screen-api-v1.mixins.json:ScreenMixin from mod fabric-screen-api-v1->@Inject::afterResizeScreen(IILorg/spongepowered/asm/mixin/injection/callback/CallbackInfo;)V has 0 override(s) in child classes
[14:52:54] [main/DEBUG] (FabricLoader/Mixin) fabric-screen-api-v1.mixins.json:ScreenMixin from mod fabric-screen-api-v1->@Inject::afterResizeScreen(IILorg/spongepowered/asm/mixin/injection/callback/CallbackInfo;)V won't be passed a CallbackInfo as a result
[14:52:54] [main/DEBUG] (FabricLoader/Mixin) Mixing ClientLevelMixin from fabric-lifecycle-events-v1.client.mixins.json into net.minecraft.client.world.ClientWorld
[14:52:54] [main/DEBUG] (FabricLoader/Mixin) Mixing ClientLevelMixin from fabric-rendering-v1.mixins.json into net.minecraft.client.world.ClientWorld
[14:52:54] [main/DEBUG] (FabricLoader/Mixin) Renaming synthetic method lambda$new$1(Lnet/minecraft/world/biome/ColorResolver;)Lnet/minecraft/client/world/BiomeColorCache; to md66d4ed$fabric-rendering-v1$lambda$new$1$0 in fabric-rendering-v1.mixins.json:ClientLevelMixin from mod fabric-rendering-v1
[14:52:54] [main/DEBUG] (FabricLoader/Mixin) Renaming synthetic method lambda$new$0(Lnet/minecraft/world/biome/ColorResolver;Lnet/minecraft/util/math/BlockPos;)I to md66d4ed$fabric-rendering-v1$lambda$new$0$1 in fabric-rendering-v1.mixins.json:ClientLevelMixin from mod fabric-rendering-v1
[14:52:54] [main/DEBUG] (FabricLoader/Mixin) fabric-lifecycle-events-v1.client.mixins.json:ClientLevelMixin from mod fabric-lifecycle-events-v1->@Inject::tickWorldAfterBlockEntities(Lorg/spongepowered/asm/mixin/injection/callback/CallbackInfo;)V doesn't use it's CallbackInfo
[14:52:54] [main/DEBUG] (FabricLoader/Mixin) fabric-lifecycle-events-v1.client.mixins.json:ClientLevelMixin from mod fabric-lifecycle-events-v1->@Inject::tickWorldAfterBlockEntities(Lorg/spongepowered/asm/mixin/injection/callback/CallbackInfo;)V has 0 override(s) in child classes
[14:52:54] [main/DEBUG] (FabricLoader/Mixin) fabric-lifecycle-events-v1.client.mixins.json:ClientLevelMixin from mod fabric-lifecycle-events-v1->@Inject::tickWorldAfterBlockEntities(Lorg/spongepowered/asm/mixin/injection/callback/CallbackInfo;)V won't be passed a CallbackInfo as a result
[14:52:54] [main/DEBUG] (FabricLoader/Mixin) fabric-lifecycle-events-v1.client.mixins.json:ClientLevelMixin from mod fabric-lifecycle-events-v1->@Inject::startWorldTick(Lorg/spongepowered/asm/mixin/injection/callback/CallbackInfo;)V doesn't use it's CallbackInfo
[14:52:54] [main/DEBUG] (FabricLoader/Mixin) fabric-lifecycle-events-v1.client.mixins.json:ClientLevelMixin from mod fabric-lifecycle-events-v1->@Inject::startWorldTick(Lorg/spongepowered/asm/mixin/injection/callback/CallbackInfo;)V has 0 override(s) in child classes
[14:52:54] [main/DEBUG] (FabricLoader/Mixin) fabric-lifecycle-events-v1.client.mixins.json:ClientLevelMixin from mod fabric-lifecycle-events-v1->@Inject::startWorldTick(Lorg/spongepowered/asm/mixin/injection/callback/CallbackInfo;)V won't be passed a CallbackInfo as a result
[14:52:54] [main/DEBUG] (FabricLoader/Mixin) fabric-rendering-v1.mixins.json:ClientLevelMixin from mod fabric-rendering-v1->@Inject::onResetChunkColor(Lnet/minecraft/util/math/ChunkPos;Lorg/spongepowered/asm/mixin/injection/callback/CallbackInfo;)V doesn't use it's CallbackInfo
[14:52:54] [main/DEBUG] (FabricLoader/Mixin) fabric-rendering-v1.mixins.json:ClientLevelMixin from mod fabric-rendering-v1->@Inject::onResetChunkColor(Lnet/minecraft/util/math/ChunkPos;Lorg/spongepowered/asm/mixin/injection/callback/CallbackInfo;)V has 0 override(s) in child classes
[14:52:54] [main/DEBUG] (FabricLoader/Mixin) fabric-rendering-v1.mixins.json:ClientLevelMixin from mod fabric-rendering-v1->@Inject::onResetChunkColor(Lnet/minecraft/util/math/ChunkPos;Lorg/spongepowered/asm/mixin/injection/callback/CallbackInfo;)V won't be passed a CallbackInfo as a result
[14:52:54] [main/DEBUG] (FabricLoader/Mixin) fabric-rendering-v1.mixins.json:ClientLevelMixin from mod fabric-rendering-v1->@Inject::onReloadColor(Lorg/spongepowered/asm/mixin/injection/callback/CallbackInfo;)V doesn't use it's CallbackInfo
[14:52:54] [main/DEBUG] (FabricLoader/Mixin) fabric-rendering-v1.mixins.json:ClientLevelMixin from mod fabric-rendering-v1->@Inject::onReloadColor(Lorg/spongepowered/asm/mixin/injection/callback/CallbackInfo;)V has 0 override(s) in child classes
[14:52:54] [main/DEBUG] (FabricLoader/Mixin) fabric-rendering-v1.mixins.json:ClientLevelMixin from mod fabric-rendering-v1->@Inject::onReloadColor(Lorg/spongepowered/asm/mixin/injection/callback/CallbackInfo;)V won't be passed a CallbackInfo as a result
[14:52:54] [main/DEBUG] (FabricLoader/Mixin) Mixing AccessorClickableWidget from mixins.modmenu.json into net.minecraft.client.gui.widget.ClickableWidget
[14:52:54] [main/DEBUG] (FabricLoader/Mixin) Mixing DefaultAttributesAccessor from fabric-object-builder-v1.mixins.json into net.minecraft.entity.attribute.DefaultAttributeRegistry
[14:52:54] [main/DEBUG] (FabricLoader/Mixin) Renaming @Accessor method getRegistry()Ljava/util/Map; to getRegistry$fabric-object-builder-api-v1_$md$66d4ed$0 in fabric-object-builder-v1.mixins.json:DefaultAttributesAccessor from mod fabric-object-builder-api-v1
[14:52:54] [main/DEBUG] (FabricLoader/Mixin) Mixing DefaultAttributesMixin from fabric-object-builder-v1.mixins.json into net.minecraft.entity.attribute.DefaultAttributeRegistry
[14:52:54] [main/DEBUG] (FabricLoader/Mixin) fabric-object-builder-v1.mixins.json:DefaultAttributesMixin from mod fabric-object-builder-api-v1->@Inject::injectAttributes(Lorg/spongepowered/asm/mixin/injection/callback/CallbackInfo;)V doesn't use it's CallbackInfo
[14:52:54] [Render thread/DEBUG] (FabricLoader/Mixin) Mixing MinecraftClientMixin from simplebuilding.client.mixins.json into net.minecraft.client.MinecraftClient
[14:52:54] [Render thread/DEBUG] (FabricLoader/Mixin) Mixing MinecraftMixin from fabric-events-interaction-v0.client.mixins.json into net.minecraft.client.MinecraftClient
[14:52:54] [Render thread/DEBUG] (FabricLoader/Mixin) Mixing MinecraftMixin from fabric-screen-api-v1.mixins.json into net.minecraft.client.MinecraftClient
[14:52:54] [Render thread/DEBUG] (FabricLoader/Mixin) Renaming @Unique field LOGGERLorg/slf4j/Logger; to fd66d4ed$fabric-screen-api-v1$LOGGER$0 in fabric-screen-api-v1.mixins.json:MinecraftMixin from mod fabric-screen-api-v1
[14:52:54] [Render thread/DEBUG] (FabricLoader/Mixin) Mixing MinecraftMixin from fabric-lifecycle-events-v1.client.mixins.json into net.minecraft.client.MinecraftClient
[14:52:54] [Render thread/DEBUG] (FabricLoader/Mixin) Mixing MinecraftMixin from fabric-registry-sync-v0.client.mixins.json into net.minecraft.client.MinecraftClient
[14:52:54] [Render thread/DEBUG] (FabricLoader/Mixin) Mixing accessor.MinecraftAccessor from fabric-networking-api-v1.client.mixins.json into net.minecraft.client.MinecraftClient
[14:52:54] [Render thread/DEBUG] (FabricLoader/Mixin) Mixing MinecraftMixin from fabric-data-generation-api-v1.client.mixins.json into net.minecraft.client.MinecraftClient
[14:52:54] [Render thread/DEBUG] (FabricLoader/Mixin) simplebuilding.client.mixins.json:MinecraftClientMixin from mod simplebuilding->@Inject::onDoItemPick(Lorg/spongepowered/asm/mixin/injection/callback/CallbackInfo;)V does use it's CallbackInfo
[14:52:54] [Render thread/DEBUG] (FabricLoader/Mixin) fabric-events-interaction-v0.client.mixins.json:MinecraftMixin from mod fabric-events-interaction-v0->@Inject::injectUseEntityCallback(Lorg/spongepowered/asm/mixin/injection/callback/CallbackInfo;)V does use it's CallbackInfo
[14:52:54] [Render thread/DEBUG] (FabricLoader/Mixin) fabric-events-interaction-v0.client.mixins.json:MinecraftMixin from mod fabric-events-interaction-v0->@Inject::injectHandleInputEventsForPreAttackCallback(Lorg/spongepowered/asm/mixin/injection/callback/CallbackInfo;)V doesn't use it's CallbackInfo
[14:52:54] [Render thread/DEBUG] (FabricLoader/Mixin) fabric-events-interaction-v0.client.mixins.json:MinecraftMixin from mod fabric-events-interaction-v0->@Inject::injectHandleInputEventsForPreAttackCallback(Lorg/spongepowered/asm/mixin/injection/callback/CallbackInfo;)V has 0 override(s) in child classes
[14:52:54] [Render thread/DEBUG] (FabricLoader/Mixin) fabric-events-interaction-v0.client.mixins.json:MinecraftMixin from mod fabric-events-interaction-v0->@Inject::injectHandleInputEventsForPreAttackCallback(Lorg/spongepowered/asm/mixin/injection/callback/CallbackInfo;)V won't be passed a CallbackInfo as a result
[14:52:54] [Render thread/DEBUG] (FabricLoader/Mixin) fabric-events-interaction-v0.client.mixins.json:MinecraftMixin from mod fabric-events-interaction-v0->@Inject::injectDoAttackForCancelling(Lorg/spongepowered/asm/mixin/injection/callback/CallbackInfoReturnable;)V does use it's CallbackInfoReturnable
[14:52:54] [Render thread/DEBUG] (FabricLoader/Mixin) fabric-events-interaction-v0.client.mixins.json:MinecraftMixin from mod fabric-events-interaction-v0->@Inject::injectHandleBlockBreakingForCancelling(ZLorg/spongepowered/asm/mixin/injection/callback/CallbackInfo;)V does use it's CallbackInfo
[14:52:54] [Render thread/DEBUG] (FabricLoader/Mixin) fabric-screen-api-v1.mixins.json:MinecraftMixin from mod fabric-screen-api-v1->@Inject::checkThreadOnDev(Lnet/minecraft/client/gui/screen/Screen;Lorg/spongepowered/asm/mixin/injection/callback/CallbackInfo;)V doesn't use it's CallbackInfo
[14:52:54] [Render thread/DEBUG] (FabricLoader/Mixin) fabric-screen-api-v1.mixins.json:MinecraftMixin from mod fabric-screen-api-v1->@Inject::checkThreadOnDev(Lnet/minecraft/client/gui/screen/Screen;Lorg/spongepowered/asm/mixin/injection/callback/CallbackInfo;)V has 0 override(s) in child classes
[14:52:54] [Render thread/DEBUG] (FabricLoader/Mixin) fabric-screen-api-v1.mixins.json:MinecraftMixin from mod fabric-screen-api-v1->@Inject::checkThreadOnDev(Lnet/minecraft/client/gui/screen/Screen;Lorg/spongepowered/asm/mixin/injection/callback/CallbackInfo;)V won't be passed a CallbackInfo as a result
[14:52:54] [Render thread/DEBUG] (FabricLoader/Mixin) fabric-screen-api-v1.mixins.json:MinecraftMixin from mod fabric-screen-api-v1->@Inject::onScreenRemove(Lnet/minecraft/client/gui/screen/Screen;Lorg/spongepowered/asm/mixin/injection/callback/CallbackInfo;)V doesn't use it's CallbackInfo
[14:52:54] [Render thread/DEBUG] (FabricLoader/Mixin) fabric-screen-api-v1.mixins.json:MinecraftMixin from mod fabric-screen-api-v1->@Inject::onScreenRemove(Lnet/minecraft/client/gui/screen/Screen;Lorg/spongepowered/asm/mixin/injection/callback/CallbackInfo;)V has 0 override(s) in child classes
[14:52:54] [Render thread/DEBUG] (FabricLoader/Mixin) fabric-screen-api-v1.mixins.json:MinecraftMixin from mod fabric-screen-api-v1->@Inject::onScreenRemove(Lnet/minecraft/client/gui/screen/Screen;Lorg/spongepowered/asm/mixin/injection/callback/CallbackInfo;)V won't be passed a CallbackInfo as a result
[14:52:54] [Render thread/DEBUG] (FabricLoader/Mixin) fabric-screen-api-v1.mixins.json:MinecraftMixin from mod fabric-screen-api-v1->@Inject::onScreenRemoveBecauseStopping(Lorg/spongepowered/asm/mixin/injection/callback/CallbackInfo;)V doesn't use it's CallbackInfo
[14:52:54] [Render thread/DEBUG] (FabricLoader/Mixin) fabric-screen-api-v1.mixins.json:MinecraftMixin from mod fabric-screen-api-v1->@Inject::onScreenRemoveBecauseStopping(Lorg/spongepowered/asm/mixin/injection/callback/CallbackInfo;)V has 0 override(s) in child classes
[14:52:54] [Render thread/DEBUG] (FabricLoader/Mixin) fabric-screen-api-v1.mixins.json:MinecraftMixin from mod fabric-screen-api-v1->@Inject::onScreenRemoveBecauseStopping(Lorg/spongepowered/asm/mixin/injection/callback/CallbackInfo;)V won't be passed a CallbackInfo as a result
[14:52:54] [Render thread/DEBUG] (FabricLoader/Mixin) fabric-screen-api-v1.mixins.json:MinecraftMixin from mod fabric-screen-api-v1->@Inject::beforeScreenTick(Lorg/spongepowered/asm/mixin/injection/callback/CallbackInfo;)V doesn't use it's CallbackInfo
[14:52:54] [Render thread/DEBUG] (FabricLoader/Mixin) fabric-screen-api-v1.mixins.json:MinecraftMixin from mod fabric-screen-api-v1->@Inject::beforeScreenTick(Lorg/spongepowered/asm/mixin/injection/callback/CallbackInfo;)V has 0 override(s) in child classes
[14:52:54] [Render thread/DEBUG] (FabricLoader/Mixin) fabric-screen-api-v1.mixins.json:MinecraftMixin from mod fabric-screen-api-v1->@Inject::beforeScreenTick(Lorg/spongepowered/asm/mixin/injection/callback/CallbackInfo;)V won't be passed a CallbackInfo as a result
[14:52:54] [Render thread/DEBUG] (FabricLoader/Mixin) fabric-screen-api-v1.mixins.json:MinecraftMixin from mod fabric-screen-api-v1->@Inject::afterScreenTick(Lorg/spongepowered/asm/mixin/injection/callback/CallbackInfo;)V doesn't use it's CallbackInfo
[14:52:54] [Render thread/DEBUG] (FabricLoader/Mixin) fabric-screen-api-v1.mixins.json:MinecraftMixin from mod fabric-screen-api-v1->@Inject::afterScreenTick(Lorg/spongepowered/asm/mixin/injection/callback/CallbackInfo;)V has 0 override(s) in child classes
[14:52:54] [Render thread/DEBUG] (FabricLoader/Mixin) fabric-screen-api-v1.mixins.json:MinecraftMixin from mod fabric-screen-api-v1->@Inject::afterScreenTick(Lorg/spongepowered/asm/mixin/injection/callback/CallbackInfo;)V won't be passed a CallbackInfo as a result
[14:52:54] [Render thread/DEBUG] (FabricLoader/Mixin) fabric-screen-api-v1.mixins.json:MinecraftMixin from mod fabric-screen-api-v1->@Inject::beforeLoadingScreenTick(Lorg/spongepowered/asm/mixin/injection/callback/CallbackInfo;)V doesn't use it's CallbackInfo
[14:52:54] [Render thread/DEBUG] (FabricLoader/Mixin) fabric-screen-api-v1.mixins.json:MinecraftMixin from mod fabric-screen-api-v1->@Inject::beforeLoadingScreenTick(Lorg/spongepowered/asm/mixin/injection/callback/CallbackInfo;)V has 0 override(s) in child classes
[14:52:54] [Render thread/DEBUG] (FabricLoader/Mixin) fabric-screen-api-v1.mixins.json:MinecraftMixin from mod fabric-screen-api-v1->@Inject::beforeLoadingScreenTick(Lorg/spongepowered/asm/mixin/injection/callback/CallbackInfo;)V won't be passed a CallbackInfo as a result
[14:52:54] [Render thread/DEBUG] (FabricLoader/Mixin) fabric-screen-api-v1.mixins.json:MinecraftMixin from mod fabric-screen-api-v1->@Inject::afterLoadingScreenTick(Lorg/spongepowered/asm/mixin/injection/callback/CallbackInfo;)V doesn't use it's CallbackInfo
[14:52:54] [Render thread/DEBUG] (FabricLoader/Mixin) fabric-screen-api-v1.mixins.json:MinecraftMixin from mod fabric-screen-api-v1->@Inject::afterLoadingScreenTick(Lorg/spongepowered/asm/mixin/injection/callback/CallbackInfo;)V has 0 override(s) in child classes
[14:52:54] [Render thread/DEBUG] (FabricLoader/Mixin) fabric-screen-api-v1.mixins.json:MinecraftMixin from mod fabric-screen-api-v1->@Inject::afterLoadingScreenTick(Lorg/spongepowered/asm/mixin/injection/callback/CallbackInfo;)V won't be passed a CallbackInfo as a result
[14:52:54] [Render thread/DEBUG] (FabricLoader/Mixin) fabric-lifecycle-events-v1.client.mixins.json:MinecraftMixin from mod fabric-lifecycle-events-v1->@Inject::onStartTick(Lorg/spongepowered/asm/mixin/injection/callback/CallbackInfo;)V doesn't use it's CallbackInfo
[14:52:54] [Render thread/DEBUG] (FabricLoader/Mixin) fabric-lifecycle-events-v1.client.mixins.json:MinecraftMixin from mod fabric-lifecycle-events-v1->@Inject::onStartTick(Lorg/spongepowered/asm/mixin/injection/callback/CallbackInfo;)V has 0 override(s) in child classes
[14:52:54] [Render thread/DEBUG] (FabricLoader/Mixin) fabric-lifecycle-events-v1.client.mixins.json:MinecraftMixin from mod fabric-lifecycle-events-v1->@Inject::onStartTick(Lorg/spongepowered/asm/mixin/injection/callback/CallbackInfo;)V won't be passed a CallbackInfo as a result
[14:52:54] [Render thread/DEBUG] (FabricLoader/Mixin) fabric-lifecycle-events-v1.client.mixins.json:MinecraftMixin from mod fabric-lifecycle-events-v1->@Inject::onEndTick(Lorg/spongepowered/asm/mixin/injection/callback/CallbackInfo;)V doesn't use it's CallbackInfo
[14:52:54] [Render thread/DEBUG] (FabricLoader/Mixin) fabric-lifecycle-events-v1.client.mixins.json:MinecraftMixin from mod fabric-lifecycle-events-v1->@Inject::onEndTick(Lorg/spongepowered/asm/mixin/injection/callback/CallbackInfo;)V has 0 override(s) in child classes
[14:52:54] [Render thread/DEBUG] (FabricLoader/Mixin) fabric-lifecycle-events-v1.client.mixins.json:MinecraftMixin from mod fabric-lifecycle-events-v1->@Inject::onEndTick(Lorg/spongepowered/asm/mixin/injection/callback/CallbackInfo;)V won't be passed a CallbackInfo as a result
[14:52:54] [Render thread/DEBUG] (FabricLoader/Mixin) fabric-lifecycle-events-v1.client.mixins.json:MinecraftMixin from mod fabric-lifecycle-events-v1->@Inject::onStopping(Lorg/spongepowered/asm/mixin/injection/callback/CallbackInfo;)V doesn't use it's CallbackInfo
[14:52:54] [Render thread/DEBUG] (FabricLoader/Mixin) fabric-lifecycle-events-v1.client.mixins.json:MinecraftMixin from mod fabric-lifecycle-events-v1->@Inject::onStopping(Lorg/spongepowered/asm/mixin/injection/callback/CallbackInfo;)V has 0 override(s) in child classes
[14:52:54] [Render thread/DEBUG] (FabricLoader/Mixin) fabric-lifecycle-events-v1.client.mixins.json:MinecraftMixin from mod fabric-lifecycle-events-v1->@Inject::onStopping(Lorg/spongepowered/asm/mixin/injection/callback/CallbackInfo;)V won't be passed a CallbackInfo as a result
[14:52:54] [Render thread/DEBUG] (FabricLoader/Mixin) fabric-lifecycle-events-v1.client.mixins.json:MinecraftMixin from mod fabric-lifecycle-events-v1->@Inject::onStart(Lorg/spongepowered/asm/mixin/injection/callback/CallbackInfo;)V doesn't use it's CallbackInfo
[14:52:54] [Render thread/DEBUG] (FabricLoader/Mixin) fabric-lifecycle-events-v1.client.mixins.json:MinecraftMixin from mod fabric-lifecycle-events-v1->@Inject::onStart(Lorg/spongepowered/asm/mixin/injection/callback/CallbackInfo;)V has 0 override(s) in child classes
[14:52:54] [Render thread/DEBUG] (FabricLoader/Mixin) fabric-lifecycle-events-v1.client.mixins.json:MinecraftMixin from mod fabric-lifecycle-events-v1->@Inject::onStart(Lorg/spongepowered/asm/mixin/injection/callback/CallbackInfo;)V won't be passed a CallbackInfo as a result
[14:52:54] [Render thread/DEBUG] (FabricLoader/Mixin) fabric-lifecycle-events-v1.client.mixins.json:MinecraftMixin from mod fabric-lifecycle-events-v1->@Inject::afterClientWorldChange(Lnet/minecraft/client/world/ClientWorld;Lorg/spongepowered/asm/mixin/injection/callback/CallbackInfo;)V doesn't use it's CallbackInfo
[14:52:54] [Render thread/DEBUG] (FabricLoader/Mixin) fabric-lifecycle-events-v1.client.mixins.json:MinecraftMixin from mod fabric-lifecycle-events-v1->@Inject::afterClientWorldChange(Lnet/minecraft/client/world/ClientWorld;Lorg/spongepowered/asm/mixin/injection/callback/CallbackInfo;)V has 0 override(s) in child classes
[14:52:54] [Render thread/DEBUG] (FabricLoader/Mixin) fabric-lifecycle-events-v1.client.mixins.json:MinecraftMixin from mod fabric-lifecycle-events-v1->@Inject::afterClientWorldChange(Lnet/minecraft/client/world/ClientWorld;Lorg/spongepowered/asm/mixin/injection/callback/CallbackInfo;)V won't be passed a CallbackInfo as a result
[14:52:54] [Render thread/DEBUG] (FabricLoader/Mixin) fabric-registry-sync-v0.client.mixins.json:MinecraftMixin from mod fabric-registry-sync-v0->@Inject::disconnectAfter(Lnet/minecraft/client/gui/screen/Screen;ZLorg/spongepowered/asm/mixin/injection/callback/CallbackInfo;)V doesn't use it's CallbackInfo
[14:52:54] [Render thread/DEBUG] (FabricLoader/Mixin) fabric-registry-sync-v0.client.mixins.json:MinecraftMixin from mod fabric-registry-sync-v0->@Inject::disconnectAfter(Lnet/minecraft/client/gui/screen/Screen;ZLorg/spongepowered/asm/mixin/injection/callback/CallbackInfo;)V has 0 override(s) in child classes
[14:52:54] [Render thread/DEBUG] (FabricLoader/Mixin) fabric-registry-sync-v0.client.mixins.json:MinecraftMixin from mod fabric-registry-sync-v0->@Inject::disconnectAfter(Lnet/minecraft/client/gui/screen/Screen;ZLorg/spongepowered/asm/mixin/injection/callback/CallbackInfo;)V won't be passed a CallbackInfo as a result
[14:52:54] [Render thread/DEBUG] (FabricLoader/Mixin) fabric-registry-sync-v0.client.mixins.json:MinecraftMixin from mod fabric-registry-sync-v0->@Inject::afterModInit(Lorg/spongepowered/asm/mixin/injection/callback/CallbackInfo;)V doesn't use it's CallbackInfo
[14:52:54] [Render thread/DEBUG] (FabricLoader/Mixin) fabric-registry-sync-v0.client.mixins.json:MinecraftMixin from mod fabric-registry-sync-v0->@Inject::afterModInit(Lorg/spongepowered/asm/mixin/injection/callback/CallbackInfo;)V has 0 override(s) in child classes
[14:52:54] [Render thread/DEBUG] (FabricLoader/Mixin) fabric-registry-sync-v0.client.mixins.json:MinecraftMixin from mod fabric-registry-sync-v0->@Inject::afterModInit(Lorg/spongepowered/asm/mixin/injection/callback/CallbackInfo;)V won't be passed a CallbackInfo as a result
[14:52:54] [Render thread/DEBUG] (FabricLoader/Mixin) fabric-data-generation-api-v1.client.mixins.json:MinecraftMixin from mod fabric-data-generation-api-v1->@Inject::main(Lorg/spongepowered/asm/mixin/injection/callback/CallbackInfo;)V doesn't use it's CallbackInfo
[14:52:54] [Render thread/DEBUG] (FabricLoader/Mixin) fabric-data-generation-api-v1.client.mixins.json:MinecraftMixin from mod fabric-data-generation-api-v1->@Inject::main(Lorg/spongepowered/asm/mixin/injection/callback/CallbackInfo;)V has 0 override(s) in child classes
[14:52:54] [Render thread/DEBUG] (FabricLoader/Mixin) fabric-data-generation-api-v1.client.mixins.json:MinecraftMixin from mod fabric-data-generation-api-v1->@Inject::main(Lorg/spongepowered/asm/mixin/injection/callback/CallbackInfo;)V won't be passed a CallbackInfo as a result
[14:52:54] [Render thread/DEBUG] (FabricLoader/Mixin) Mixing MixinTitleScreen from mixins.modmenu.json into net.minecraft.client.gui.screen.TitleScreen
[14:52:54] [Render thread/DEBUG] (FabricLoader/Mixin) Mixing MixinGameMenu from mixins.modmenu.json into net.minecraft.client.gui.screen.GameMenuScreen
[14:52:54] [Render thread/DEBUG] (FabricLoader/Mixin) Renaming @Accessor method getCUSTOM_OPTIONS_TOOLTIP()Lnet/minecraft/client/gui/tooltip/Tooltip; to getCUSTOM_OPTIONS_TOOLTIP$modmenu_$md$66d4ed$0 in mixins.modmenu.json:MixinGameMenu from mod modmenu
[14:52:54] [Render thread/DEBUG] (FabricLoader/Mixin) Renaming synthetic method lambda$onInitWidgets$2(Lnet/minecraft/client/gui/widget/ButtonWidget;)V to md66d4ed$modmenu$lambda$onInitWidgets$2$1 in mixins.modmenu.json:MixinGameMenu from mod modmenu
[14:52:54] [Render thread/DEBUG] (FabricLoader/Mixin) Renaming synthetic method lambda$onInitWidgets$1(Lnet/minecraft/client/gui/widget/Widget;)V to md66d4ed$modmenu$lambda$onInitWidgets$1$2 in mixins.modmenu.json:MixinGameMenu from mod modmenu
[14:52:54] [Render thread/DEBUG] (FabricLoader/Mixin) Renaming synthetic method lambda$onInitWidgets$0(Lnet/minecraft/client/gui/widget/Widget;)Z to md66d4ed$modmenu$lambda$onInitWidgets$0$3 in mixins.modmenu.json:MixinGameMenu from mod modmenu
[14:52:54] [Render thread/DEBUG] (FabricLoader/Mixin) mixins.modmenu.json:MixinGameMenu from mod modmenu->@Inject::onInitWidgets(Lorg/spongepowered/asm/mixin/injection/callback/CallbackInfo;Lnet/minecraft/client/gui/widget/GridWidget;)V doesn't use it's CallbackInfo
[14:52:54] [Render thread/DEBUG] (FabricLoader/Mixin) mixins.modmenu.json:MixinGameMenu from mod modmenu->@Inject::onInitWidgets(Lorg/spongepowered/asm/mixin/injection/callback/CallbackInfo;Lnet/minecraft/client/gui/widget/GridWidget;)V has 0 override(s) in child classes
[14:52:54] [Render thread/DEBUG] (FabricLoader/Mixin) mixins.modmenu.json:MixinGameMenu from mod modmenu->@Inject::onInitWidgets(Lorg/spongepowered/asm/mixin/injection/callback/CallbackInfo;Lnet/minecraft/client/gui/widget/GridWidget;)V won't be passed a CallbackInfo as a result
[14:52:54] [Render thread/DEBUG] (FabricLoader/Mixin) Mixing InventoryScreenMixin from simplebuilding.client.mixins.json into net.minecraft.client.gui.screen.ingame.InventoryScreen
[14:52:54] [Render thread/DEBUG] (FabricLoader/Mixin) Renaming synthetic method lambda$initTrimUI$0(Lnet/minecraft/client/gui/widget/ButtonWidget;)V to md66d4ed$simplebuilding$lambda$initTrimUI$0$0 in simplebuilding.client.mixins.json:InventoryScreenMixin from mod simplebuilding
[14:52:54] [Render thread/DEBUG] (FabricLoader/Mixin) simplebuilding.client.mixins.json:InventoryScreenMixin from mod simplebuilding->@Inject::initTrimUI(Lorg/spongepowered/asm/mixin/injection/callback/CallbackInfo;)V doesn't use it's CallbackInfo
[14:52:54] [Render thread/DEBUG] (FabricLoader/Mixin) simplebuilding.client.mixins.json:InventoryScreenMixin from mod simplebuilding->@Inject::initTrimUI(Lorg/spongepowered/asm/mixin/injection/callback/CallbackInfo;)V has 0 override(s) in child classes
[14:52:54] [Render thread/DEBUG] (FabricLoader/Mixin) simplebuilding.client.mixins.json:InventoryScreenMixin from mod simplebuilding->@Inject::initTrimUI(Lorg/spongepowered/asm/mixin/injection/callback/CallbackInfo;)V won't be passed a CallbackInfo as a result
[14:52:54] [Render thread/DEBUG] (FabricLoader/Mixin) simplebuilding.client.mixins.json:InventoryScreenMixin from mod simplebuilding->@Inject::renderTrimStats(Lnet/minecraft/client/gui/DrawContext;IIFLorg/spongepowered/asm/mixin/injection/callback/CallbackInfo;)V doesn't use it's CallbackInfo
[14:52:54] [Render thread/DEBUG] (FabricLoader/Mixin) simplebuilding.client.mixins.json:InventoryScreenMixin from mod simplebuilding->@Inject::renderTrimStats(Lnet/minecraft/client/gui/DrawContext;IIFLorg/spongepowered/asm/mixin/injection/callback/CallbackInfo;)V has 0 override(s) in child classes
[14:52:54] [Render thread/DEBUG] (FabricLoader/Mixin) simplebuilding.client.mixins.json:InventoryScreenMixin from mod simplebuilding->@Inject::renderTrimStats(Lnet/minecraft/client/gui/DrawContext;IIFLorg/spongepowered/asm/mixin/injection/callback/CallbackInfo;)V won't be passed a CallbackInfo as a result
[14:52:54] [Render thread/DEBUG] (FabricLoader/Mixin) Mixing HandledScreenMixin from simplebuilding.client.mixins.json into net.minecraft.client.gui.screen.ingame.HandledScreen
[14:52:54] [Render thread/DEBUG] (FabricLoader/Mixin) Mixing AbstractContainerScreenMixin from fabric-screen-api-v1.mixins.json into net.minecraft.client.gui.screen.ingame.HandledScreen
[14:52:54] [Render thread/DEBUG] (FabricLoader/Mixin) simplebuilding.client.mixins.json:HandledScreenMixin from mod simplebuilding->@Inject::simplebuilding$addCustomBundleHandler(Lorg/spongepowered/asm/mixin/injection/callback/CallbackInfo;)V doesn't use it's CallbackInfo
[14:52:54] [Render thread/DEBUG] (FabricLoader/Mixin) simplebuilding.client.mixins.json:HandledScreenMixin from mod simplebuilding->@Inject::simplebuilding$addCustomBundleHandler(Lorg/spongepowered/asm/mixin/injection/callback/CallbackInfo;)V has 0 override(s) in child classes
[14:52:54] [Render thread/DEBUG] (FabricLoader/Mixin) simplebuilding.client.mixins.json:HandledScreenMixin from mod simplebuilding->@Inject::simplebuilding$addCustomBundleHandler(Lorg/spongepowered/asm/mixin/injection/callback/CallbackInfo;)V won't be passed a CallbackInfo as a result
[14:52:54] [Render thread/DEBUG] (FabricLoader/Mixin) fabric-screen-api-v1.mixins.json:AbstractContainerScreenMixin from mod fabric-screen-api-v1->@Inject::callSuperMouseReleased(Lnet/minecraft/client/gui/Click;Lorg/spongepowered/asm/mixin/injection/callback/CallbackInfoReturnable;)V does use it's CallbackInfoReturnable
[14:52:54] [Render thread/DEBUG] (FabricLoader/Mixin) fabric-screen-api-v1.mixins.json:AbstractContainerScreenMixin from mod fabric-screen-api-v1->@Inject::callSuperMouseReleased(Lnet/minecraft/client/gui/Click;DDLorg/spongepowered/asm/mixin/injection/callback/CallbackInfoReturnable;)V does use it's CallbackInfoReturnable
[14:52:54] [Render thread/DEBUG] (FabricLoader/Mixin) Mixing KeyedClientResourceReloadListenerMixin from fabric-resource-loader-v1.client.mixins.json into net.minecraft.client.resource.PeriodicNotificationManager
[14:52:54] [Render thread/DEBUG] (FabricLoader/Mixin) Mixing BuiltInPackSourceMixin from fabric-resource-loader-v1.client.mixins.json into net.minecraft.resource.VanillaResourcePackProvider
[14:52:54] [Render thread/DEBUG] (FabricLoader/Mixin) fabric-resource-loader-v1.client.mixins.json:BuiltInPackSourceMixin from mod fabric-resource-loader-v1->@Inject::addBuiltinResourcePacks(Ljava/util/function/Consumer;Lorg/spongepowered/asm/mixin/injection/callback/CallbackInfo;)V doesn't use it's CallbackInfo
[14:52:54] [Render thread/DEBUG] (FabricLoader/Mixin) fabric-resource-loader-v1.client.mixins.json:BuiltInPackSourceMixin from mod fabric-resource-loader-v1->@Inject::addBuiltinResourcePacks(Ljava/util/function/Consumer;Lorg/spongepowered/asm/mixin/injection/callback/CallbackInfo;)V has 0 override(s) in child classes
[14:52:54] [Render thread/DEBUG] (FabricLoader/Mixin) fabric-resource-loader-v1.client.mixins.json:BuiltInPackSourceMixin from mod fabric-resource-loader-v1->@Inject::addBuiltinResourcePacks(Ljava/util/function/Consumer;Lorg/spongepowered/asm/mixin/injection/callback/CallbackInfo;)V won't be passed a CallbackInfo as a result
[14:52:54] [Render thread/DEBUG] (FabricLoader/Mixin) Mixing PackRepositoryMixin from fabric-resource-loader-v1.mixins.json into net.minecraft.resource.ResourcePackManager
[14:52:54] [Render thread/DEBUG] (FabricLoader/Mixin) Renaming synthetic method lambda$handleAutoDisable$0(Ljava/util/Set;Lnet/minecraft/resource/ResourcePackProfile;)Z to md66d4ed$fabric-resource-loader-v1$lambda$handleAutoDisable$0$0 in fabric-resource-loader-v1.mixins.json:PackRepositoryMixin from mod fabric-resource-loader-v1
[14:52:54] [Render thread/DEBUG] (FabricLoader/Mixin) fabric-resource-loader-v1.mixins.json:PackRepositoryMixin from mod fabric-resource-loader-v1->@Inject::construct([Lnet/minecraft/resource/ResourcePackProvider;Lorg/spongepowered/asm/mixin/injection/callback/CallbackInfo;)V doesn't use it's CallbackInfo
[14:52:54] [Render thread/DEBUG] (FabricLoader/Mixin) fabric-resource-loader-v1.mixins.json:PackRepositoryMixin from mod fabric-resource-loader-v1->@Inject::construct([Lnet/minecraft/resource/ResourcePackProvider;Lorg/spongepowered/asm/mixin/injection/callback/CallbackInfo;)V has 0 override(s) in child classes
[14:52:54] [Render thread/DEBUG] (FabricLoader/Mixin) fabric-resource-loader-v1.mixins.json:PackRepositoryMixin from mod fabric-resource-loader-v1->@Inject::construct([Lnet/minecraft/resource/ResourcePackProvider;Lorg/spongepowered/asm/mixin/injection/callback/CallbackInfo;)V won't be passed a CallbackInfo as a result
[14:52:54] [Render thread/DEBUG] (FabricLoader/Mixin) fabric-resource-loader-v1.mixins.json:PackRepositoryMixin from mod fabric-resource-loader-v1->@Inject::handleAutoEnableDisable(Ljava/util/Collection;Lorg/spongepowered/asm/mixin/injection/callback/CallbackInfoReturnable;)V doesn't use it's CallbackInfoReturnable
[14:52:54] [Render thread/DEBUG] (FabricLoader/Mixin) fabric-resource-loader-v1.mixins.json:PackRepositoryMixin from mod fabric-resource-loader-v1->@Inject::handleAutoEnableDisable(Ljava/util/Collection;Lorg/spongepowered/asm/mixin/injection/callback/CallbackInfoReturnable;)V has 0 override(s) in child classes
[14:52:54] [Render thread/DEBUG] (FabricLoader/Mixin) fabric-resource-loader-v1.mixins.json:PackRepositoryMixin from mod fabric-resource-loader-v1->@Inject::handleAutoEnableDisable(Ljava/util/Collection;Lorg/spongepowered/asm/mixin/injection/callback/CallbackInfoReturnable;)V won't be passed a CallbackInfoReturnable as a result
[14:52:54] [Render thread/DEBUG] (FabricLoader/Mixin) fabric-resource-loader-v1.mixins.json:PackRepositoryMixin from mod fabric-resource-loader-v1->@Inject::handleAutoEnable(Ljava/lang/String;Lorg/spongepowered/asm/mixin/injection/callback/CallbackInfoReturnable;)V doesn't use it's CallbackInfoReturnable
[14:52:54] [Render thread/DEBUG] (FabricLoader/Mixin) fabric-resource-loader-v1.mixins.json:PackRepositoryMixin from mod fabric-resource-loader-v1->@Inject::handleAutoEnable(Ljava/lang/String;Lorg/spongepowered/asm/mixin/injection/callback/CallbackInfoReturnable;)V has 0 override(s) in child classes
[14:52:54] [Render thread/DEBUG] (FabricLoader/Mixin) fabric-resource-loader-v1.mixins.json:PackRepositoryMixin from mod fabric-resource-loader-v1->@Inject::handleAutoEnable(Ljava/lang/String;Lorg/spongepowered/asm/mixin/injection/callback/CallbackInfoReturnable;)V won't be passed a CallbackInfoReturnable as a result
[14:52:54] [Render thread/DEBUG] (FabricLoader/Mixin) fabric-resource-loader-v1.mixins.json:PackRepositoryMixin from mod fabric-resource-loader-v1->@Inject::handleAutoDisable(Ljava/lang/String;Lorg/spongepowered/asm/mixin/injection/callback/CallbackInfoReturnable;)V doesn't use it's CallbackInfoReturnable
[14:52:54] [Render thread/DEBUG] (FabricLoader/Mixin) fabric-resource-loader-v1.mixins.json:PackRepositoryMixin from mod fabric-resource-loader-v1->@Inject::handleAutoDisable(Ljava/lang/String;Lorg/spongepowered/asm/mixin/injection/callback/CallbackInfoReturnable;)V has 0 override(s) in child classes
[14:52:54] [Render thread/DEBUG] (FabricLoader/Mixin) fabric-resource-loader-v1.mixins.json:PackRepositoryMixin from mod fabric-resource-loader-v1->@Inject::handleAutoDisable(Ljava/lang/String;Lorg/spongepowered/asm/mixin/injection/callback/CallbackInfoReturnable;)V won't be passed a CallbackInfoReturnable as a result
[14:52:54] [Render thread/INFO] (com.mojang.authlib.yggdrasil.YggdrasilAuthenticationService) Environment: Environment[sessionHost=https://sessionserver.mojang.com, servicesHost=https://api.minecraftservices.com, profilesHost=https://api.mojang.com, name=PROD]
[14:52:54] [Yggdrasil Key Fetcher/DEBUG] (com.mojang.authlib.minecraft.client.MinecraftClient) Connecting to https://api.minecraftservices.com/publickeys
[14:52:54] [Download-1/DEBUG] (com.mojang.authlib.minecraft.client.MinecraftClient) Connecting to https://sessionserver.mojang.com/session/minecraft/profile/171ff2bee1133c14a48220b6c4712810?unsigned=false
[14:52:54] [Render thread/INFO] (net.minecraft.client.MinecraftClient) Setting user: Player274
[14:52:54] [Download-2/DEBUG] (com.mojang.authlib.minecraft.client.MinecraftClient) Connecting to https://api.minecraftservices.com/player/attributes
[14:52:54] [Render thread/DEBUG] (FabricLoader/Entrypoint) Iterating over entrypoint 'main'
[14:52:54] [Render thread/DEBUG] (FabricLoader/Mixin) Mixing ServerConfigurationPacketListenerImplMixin from fabric-networking-api-v1.mixins.json into net.minecraft.server.network.ServerConfigurationNetworkHandler
[14:52:54] [Render thread/DEBUG] (FabricLoader/Mixin) Renaming synthetic method lambda$bindChannelInfo$0(Lnet/minecraft/network/RegistryByteBuf;)Lnet/minecraft/network/RegistryByteBuf; to md66d4ed$fabric-networking-api-v1$lambda$bindChannelInfo$0$0 in fabric-networking-api-v1.mixins.json:ServerConfigurationPacketListenerImplMixin from mod fabric-networking-api-v1
[14:52:54] [Render thread/DEBUG] (FabricLoader/Mixin) Mixing ServerConfigurationPacketListenerImplMixin from fabric-resource-loader-v1.mixins.json into net.minecraft.server.network.ServerConfigurationNetworkHandler
[14:52:54] [Render thread/DEBUG] (FabricLoader/Mixin) fabric-networking-api-v1.mixins.json:ServerConfigurationPacketListenerImplMixin from mod fabric-networking-api-v1->@Inject::initAddon(Lorg/spongepowered/asm/mixin/injection/callback/CallbackInfo;)V doesn't use it's CallbackInfo
[14:52:54] [Render thread/DEBUG] (FabricLoader/Mixin) fabric-networking-api-v1.mixins.json:ServerConfigurationPacketListenerImplMixin from mod fabric-networking-api-v1->@Inject::initAddon(Lorg/spongepowered/asm/mixin/injection/callback/CallbackInfo;)V has 0 override(s) in child classes
[14:52:54] [Render thread/DEBUG] (FabricLoader/Mixin) fabric-networking-api-v1.mixins.json:ServerConfigurationPacketListenerImplMixin from mod fabric-networking-api-v1->@Inject::initAddon(Lorg/spongepowered/asm/mixin/injection/callback/CallbackInfo;)V won't be passed a CallbackInfo as a result
[14:52:54] [Render thread/DEBUG] (FabricLoader/Mixin) fabric-networking-api-v1.mixins.json:ServerConfigurationPacketListenerImplMixin from mod fabric-networking-api-v1->@Inject::onClientReady(Lorg/spongepowered/asm/mixin/injection/callback/CallbackInfo;)V does use it's CallbackInfo
[14:52:54] [Render thread/DEBUG] (FabricLoader/Mixin) Mixing sync.ServerCommonPacketListenerImplAccessor from fabric-recipe-api-v1.mixins.json into net.minecraft.server.network.ServerCommonNetworkHandler
[14:52:54] [Render thread/DEBUG] (FabricLoader/Mixin) Mixing ServerCommonPacketListenerImplMixin from fabric-networking-api-v1.mixins.json into net.minecraft.server.network.ServerCommonNetworkHandler
[14:52:54] [Render thread/DEBUG] (FabricLoader/Mixin) Mixing accessor.ServerCommonPacketListenerImplAccessor from fabric-networking-api-v1.mixins.json into net.minecraft.server.network.ServerCommonNetworkHandler
[14:52:54] [Render thread/DEBUG] (FabricLoader/Mixin) fabric-networking-api-v1.mixins.json:ServerCommonPacketListenerImplMixin from mod fabric-networking-api-v1->@Inject::handleCustomPayloadReceivedAsync(Lnet/minecraft/network/packet/c2s/common/CustomPayloadC2SPacket;Lorg/spongepowered/asm/mixin/injection/callback/CallbackInfo;)V does use it's CallbackInfo
[14:52:54] [Render thread/DEBUG] (FabricLoader/Mixin) fabric-networking-api-v1.mixins.json:ServerCommonPacketListenerImplMixin from mod fabric-networking-api-v1->@Inject::onPlayPong(Lnet/minecraft/network/packet/c2s/common/CommonPongC2SPacket;Lorg/spongepowered/asm/mixin/injection/callback/CallbackInfo;)V doesn't use it's CallbackInfo
[14:52:54] [Render thread/DEBUG] (FabricLoader/Mixin) fabric-networking-api-v1.mixins.json:ServerCommonPacketListenerImplMixin from mod fabric-networking-api-v1->@Inject::onPlayPong(Lnet/minecraft/network/packet/c2s/common/CommonPongC2SPacket;Lorg/spongepowered/asm/mixin/injection/callback/CallbackInfo;)V has 0 override(s) in child classes
[14:52:54] [Render thread/DEBUG] (FabricLoader/Mixin) fabric-networking-api-v1.mixins.json:ServerCommonPacketListenerImplMixin from mod fabric-networking-api-v1->@Inject::onPlayPong(Lnet/minecraft/network/packet/c2s/common/CommonPongC2SPacket;Lorg/spongepowered/asm/mixin/injection/callback/CallbackInfo;)V won't be passed a CallbackInfo as a result
[14:52:54] [Render thread/DEBUG] (FabricLoader/Mixin) Unexpected: Registered method getConnection()Lnet/minecraft/network/ClientConnection; in net.minecraft.server.network.ServerCommonNetworkHandler was not merged
[14:52:54] [Render thread/DEBUG] (FabricLoader/Mixin) Mixing MinecraftServerMixin from fabric-resource-loader-v1.mixins.json into net.minecraft.server.MinecraftServer
[14:52:54] [Render thread/DEBUG] (FabricLoader/Mixin) Renaming synthetic method lambda$init$0(Lnet/minecraft/resource/ResourcePack;)Ljava/util/stream/Stream; to md66d4ed$fabric-resource-loader-v1$lambda$init$0$0 in fabric-resource-loader-v1.mixins.json:MinecraftServerMixin from mod fabric-resource-loader-v1
[14:52:54] [Render thread/DEBUG] (FabricLoader/Mixin) Mixing MinecraftServerMixin from fabric-game-rule-api-v1.mixins.json into net.minecraft.server.MinecraftServer
[14:52:54] [Render thread/DEBUG] (FabricLoader/Mixin) Mixing MinecraftServerMixin from fabric-lifecycle-events-v1.mixins.json into net.minecraft.server.MinecraftServer
[14:52:54] [Render thread/DEBUG] (FabricLoader/Mixin) Renaming synthetic method lambda$endResourceReload$0(Ljava/lang/Void;Ljava/lang/Throwable;)Ljava/lang/Void; to md66d4ed$fabric-lifecycle-events-v1$lambda$endResourceReload$0$1 in fabric-lifecycle-events-v1.mixins.json:MinecraftServerMixin from mod fabric-lifecycle-events-v1
[14:52:54] [Render thread/DEBUG] (FabricLoader/Mixin) Mixing MinecraftServerMixin from fabric-message-api-v1.mixins.json into net.minecraft.server.MinecraftServer
[14:52:54] [Render thread/DEBUG] (FabricLoader/Mixin) Renaming synthetic method lambda$onGetChatDecorator$0(Lnet/minecraft/server/network/ServerPlayerEntity;Lnet/minecraft/text/Text;)Lnet/minecraft/text/Text; to md66d4ed$fabric-message-api-v1$lambda$onGetChatDecorator$0$2 in fabric-message-api-v1.mixins.json:MinecraftServerMixin from mod fabric-message-api-v1
[14:52:54] [Render thread/DEBUG] (FabricLoader/Mixin) Mixing modification.MinecraftServerMixin from fabric-biome-api-v1.mixins.json into net.minecraft.server.MinecraftServer
[14:52:54] [Render thread/DEBUG] (FabricLoader/Mixin) fabric-resource-loader-v1.mixins.json:MinecraftServerMixin from mod fabric-resource-loader-v1->@Inject::init(Ljava/lang/Thread;Lnet/minecraft/world/level/storage/LevelStorage$Session;Lnet/minecraft/resource/ResourcePackManager;Lnet/minecraft/server/SaveLoader;Ljava/net/Proxy;Lcom/mojang/datafixers/DataFixer;Lnet/minecraft/util/ApiServices;Lnet/minecraft/world/chunk/ChunkLoadProgress;Lorg/spongepowered/asm/mixin/injection/callback/CallbackInfo;)V doesn't use it's CallbackInfo
[14:52:54] [Render thread/DEBUG] (FabricLoader/Mixin) fabric-resource-loader-v1.mixins.json:MinecraftServerMixin from mod fabric-resource-loader-v1->@Inject::init(Ljava/lang/Thread;Lnet/minecraft/world/level/storage/LevelStorage$Session;Lnet/minecraft/resource/ResourcePackManager;Lnet/minecraft/server/SaveLoader;Ljava/net/Proxy;Lcom/mojang/datafixers/DataFixer;Lnet/minecraft/util/ApiServices;Lnet/minecraft/world/chunk/ChunkLoadProgress;Lorg/spongepowered/asm/mixin/injection/callback/CallbackInfo;)V has 0 override(s) in child classes
[14:52:54] [Render thread/DEBUG] (FabricLoader/Mixin) fabric-resource-loader-v1.mixins.json:MinecraftServerMixin from mod fabric-resource-loader-v1->@Inject::init(Ljava/lang/Thread;Lnet/minecraft/world/level/storage/LevelStorage$Session;Lnet/minecraft/resource/ResourcePackManager;Lnet/minecraft/server/SaveLoader;Ljava/net/Proxy;Lcom/mojang/datafixers/DataFixer;Lnet/minecraft/util/ApiServices;Lnet/minecraft/world/chunk/ChunkLoadProgress;Lorg/spongepowered/asm/mixin/injection/callback/CallbackInfo;)V won't be passed a CallbackInfo as a result
[14:52:54] [Render thread/DEBUG] (FabricLoader/Mixin) fabric-game-rule-api-v1.mixins.json:MinecraftServerMixin from mod fabric-game-rule-api-v1->@Inject::handleGameRuleUpdate(Lnet/minecraft/world/rule/GameRule;Ljava/lang/Object;Lorg/spongepowered/asm/mixin/injection/callback/CallbackInfo;)V doesn't use it's CallbackInfo
[14:52:54] [Render thread/DEBUG] (FabricLoader/Mixin) fabric-game-rule-api-v1.mixins.json:MinecraftServerMixin from mod fabric-game-rule-api-v1->@Inject::handleGameRuleUpdate(Lnet/minecraft/world/rule/GameRule;Ljava/lang/Object;Lorg/spongepowered/asm/mixin/injection/callback/CallbackInfo;)V has 0 override(s) in child classes
[14:52:54] [Render thread/DEBUG] (FabricLoader/Mixin) fabric-game-rule-api-v1.mixins.json:MinecraftServerMixin from mod fabric-game-rule-api-v1->@Inject::handleGameRuleUpdate(Lnet/minecraft/world/rule/GameRule;Ljava/lang/Object;Lorg/spongepowered/asm/mixin/injection/callback/CallbackInfo;)V won't be passed a CallbackInfo as a result
[14:52:54] [Render thread/DEBUG] (FabricLoader/Mixin) fabric-lifecycle-events-v1.mixins.json:MinecraftServerMixin from mod fabric-lifecycle-events-v1->@Inject::beforeSetupServer(Lorg/spongepowered/asm/mixin/injection/callback/CallbackInfo;)V doesn't use it's CallbackInfo
[14:52:54] [Render thread/DEBUG] (FabricLoader/Mixin) fabric-lifecycle-events-v1.mixins.json:MinecraftServerMixin from mod fabric-lifecycle-events-v1->@Inject::beforeSetupServer(Lorg/spongepowered/asm/mixin/injection/callback/CallbackInfo;)V has 0 override(s) in child classes
[14:52:54] [Render thread/DEBUG] (FabricLoader/Mixin) fabric-lifecycle-events-v1.mixins.json:MinecraftServerMixin from mod fabric-lifecycle-events-v1->@Inject::beforeSetupServer(Lorg/spongepowered/asm/mixin/injection/callback/CallbackInfo;)V won't be passed a CallbackInfo as a result
[14:52:54] [Render thread/DEBUG] (FabricLoader/Mixin) fabric-lifecycle-events-v1.mixins.json:MinecraftServerMixin from mod fabric-lifecycle-events-v1->@Inject::afterSetupServer(Lorg/spongepowered/asm/mixin/injection/callback/CallbackInfo;)V doesn't use it's CallbackInfo
[14:52:54] [Render thread/DEBUG] (FabricLoader/Mixin) fabric-lifecycle-events-v1.mixins.json:MinecraftServerMixin from mod fabric-lifecycle-events-v1->@Inject::afterSetupServer(Lorg/spongepowered/asm/mixin/injection/callback/CallbackInfo;)V has 0 override(s) in child classes
[14:52:54] [Render thread/DEBUG] (FabricLoader/Mixin) fabric-lifecycle-events-v1.mixins.json:MinecraftServerMixin from mod fabric-lifecycle-events-v1->@Inject::afterSetupServer(Lorg/spongepowered/asm/mixin/injection/callback/CallbackInfo;)V won't be passed a CallbackInfo as a result
[14:52:54] [Render thread/DEBUG] (FabricLoader/Mixin) fabric-lifecycle-events-v1.mixins.json:MinecraftServerMixin from mod fabric-lifecycle-events-v1->@Inject::beforeShutdownServer(Lorg/spongepowered/asm/mixin/injection/callback/CallbackInfo;)V doesn't use it's CallbackInfo
[14:52:54] [Render thread/DEBUG] (FabricLoader/Mixin) fabric-lifecycle-events-v1.mixins.json:MinecraftServerMixin from mod fabric-lifecycle-events-v1->@Inject::beforeShutdownServer(Lorg/spongepowered/asm/mixin/injection/callback/CallbackInfo;)V has 0 override(s) in child classes
[14:52:54] [Render thread/DEBUG] (FabricLoader/Mixin) fabric-lifecycle-events-v1.mixins.json:MinecraftServerMixin from mod fabric-lifecycle-events-v1->@Inject::beforeShutdownServer(Lorg/spongepowered/asm/mixin/injection/callback/CallbackInfo;)V won't be passed a CallbackInfo as a result
[14:52:54] [Render thread/DEBUG] (FabricLoader/Mixin) fabric-lifecycle-events-v1.mixins.json:MinecraftServerMixin from mod fabric-lifecycle-events-v1->@Inject::afterShutdownServer(Lorg/spongepowered/asm/mixin/injection/callback/CallbackInfo;)V doesn't use it's CallbackInfo
[14:52:54] [Render thread/DEBUG] (FabricLoader/Mixin) fabric-lifecycle-events-v1.mixins.json:MinecraftServerMixin from mod fabric-lifecycle-events-v1->@Inject::afterShutdownServer(Lorg/spongepowered/asm/mixin/injection/callback/CallbackInfo;)V has 0 override(s) in child classes
[14:52:54] [Render thread/DEBUG] (FabricLoader/Mixin) fabric-lifecycle-events-v1.mixins.json:MinecraftServerMixin from mod fabric-lifecycle-events-v1->@Inject::afterShutdownServer(Lorg/spongepowered/asm/mixin/injection/callback/CallbackInfo;)V won't be passed a CallbackInfo as a result
[14:52:54] [Render thread/DEBUG] (FabricLoader/Mixin) fabric-lifecycle-events-v1.mixins.json:MinecraftServerMixin from mod fabric-lifecycle-events-v1->@Inject::onStartTick(Ljava/util/function/BooleanSupplier;Lorg/spongepowered/asm/mixin/injection/callback/CallbackInfo;)V doesn't use it's CallbackInfo
[14:52:54] [Render thread/DEBUG] (FabricLoader/Mixin) fabric-lifecycle-events-v1.mixins.json:MinecraftServerMixin from mod fabric-lifecycle-events-v1->@Inject::onStartTick(Ljava/util/function/BooleanSupplier;Lorg/spongepowered/asm/mixin/injection/callback/CallbackInfo;)V has 0 override(s) in child classes
[14:52:54] [Render thread/DEBUG] (FabricLoader/Mixin) fabric-lifecycle-events-v1.mixins.json:MinecraftServerMixin from mod fabric-lifecycle-events-v1->@Inject::onStartTick(Ljava/util/function/BooleanSupplier;Lorg/spongepowered/asm/mixin/injection/callback/CallbackInfo;)V won't be passed a CallbackInfo as a result
[14:52:54] [Render thread/DEBUG] (FabricLoader/Mixin) fabric-lifecycle-events-v1.mixins.json:MinecraftServerMixin from mod fabric-lifecycle-events-v1->@Inject::onEndTick(Ljava/util/function/BooleanSupplier;Lorg/spongepowered/asm/mixin/injection/callback/CallbackInfo;)V doesn't use it's CallbackInfo
[14:52:54] [Render thread/DEBUG] (FabricLoader/Mixin) fabric-lifecycle-events-v1.mixins.json:MinecraftServerMixin from mod fabric-lifecycle-events-v1->@Inject::onEndTick(Ljava/util/function/BooleanSupplier;Lorg/spongepowered/asm/mixin/injection/callback/CallbackInfo;)V has 0 override(s) in child classes
[14:52:54] [Render thread/DEBUG] (FabricLoader/Mixin) fabric-lifecycle-events-v1.mixins.json:MinecraftServerMixin from mod fabric-lifecycle-events-v1->@Inject::onEndTick(Ljava/util/function/BooleanSupplier;Lorg/spongepowered/asm/mixin/injection/callback/CallbackInfo;)V won't be passed a CallbackInfo as a result
[14:52:54] [Render thread/DEBUG] (FabricLoader/Mixin) fabric-lifecycle-events-v1.mixins.json:MinecraftServerMixin from mod fabric-lifecycle-events-v1->@Inject::onUnloadWorldAtShutdown(Lorg/spongepowered/asm/mixin/injection/callback/CallbackInfo;)V doesn't use it's CallbackInfo
[14:52:54] [Render thread/DEBUG] (FabricLoader/Mixin) fabric-lifecycle-events-v1.mixins.json:MinecraftServerMixin from mod fabric-lifecycle-events-v1->@Inject::onUnloadWorldAtShutdown(Lorg/spongepowered/asm/mixin/injection/callback/CallbackInfo;)V has 0 override(s) in child classes
[14:52:54] [Render thread/DEBUG] (FabricLoader/Mixin) fabric-lifecycle-events-v1.mixins.json:MinecraftServerMixin from mod fabric-lifecycle-events-v1->@Inject::onUnloadWorldAtShutdown(Lorg/spongepowered/asm/mixin/injection/callback/CallbackInfo;)V won't be passed a CallbackInfo as a result
[14:52:54] [Render thread/DEBUG] (FabricLoader/Mixin) fabric-lifecycle-events-v1.mixins.json:MinecraftServerMixin from mod fabric-lifecycle-events-v1->@Inject::startResourceReload(Ljava/util/Collection;Lorg/spongepowered/asm/mixin/injection/callback/CallbackInfoReturnable;)V doesn't use it's CallbackInfoReturnable
[14:52:54] [Render thread/DEBUG] (FabricLoader/Mixin) fabric-lifecycle-events-v1.mixins.json:MinecraftServerMixin from mod fabric-lifecycle-events-v1->@Inject::startResourceReload(Ljava/util/Collection;Lorg/spongepowered/asm/mixin/injection/callback/CallbackInfoReturnable;)V has 0 override(s) in child classes
[14:52:54] [Render thread/DEBUG] (FabricLoader/Mixin) fabric-lifecycle-events-v1.mixins.json:MinecraftServerMixin from mod fabric-lifecycle-events-v1->@Inject::startResourceReload(Ljava/util/Collection;Lorg/spongepowered/asm/mixin/injection/callback/CallbackInfoReturnable;)V won't be passed a CallbackInfoReturnable as a result
[14:52:54] [Render thread/DEBUG] (FabricLoader/Mixin) fabric-lifecycle-events-v1.mixins.json:MinecraftServerMixin from mod fabric-lifecycle-events-v1->@Inject::endResourceReload(Ljava/util/Collection;Lorg/spongepowered/asm/mixin/injection/callback/CallbackInfoReturnable;)V does use it's CallbackInfoReturnable
[14:52:54] [Render thread/DEBUG] (FabricLoader/Mixin) fabric-lifecycle-events-v1.mixins.json:MinecraftServerMixin from mod fabric-lifecycle-events-v1->@Inject::startSave(ZZZLorg/spongepowered/asm/mixin/injection/callback/CallbackInfoReturnable;)V doesn't use it's CallbackInfoReturnable
[14:52:54] [Render thread/DEBUG] (FabricLoader/Mixin) fabric-lifecycle-events-v1.mixins.json:MinecraftServerMixin from mod fabric-lifecycle-events-v1->@Inject::startSave(ZZZLorg/spongepowered/asm/mixin/injection/callback/CallbackInfoReturnable;)V has 0 override(s) in child classes
[14:52:54] [Render thread/DEBUG] (FabricLoader/Mixin) fabric-lifecycle-events-v1.mixins.json:MinecraftServerMixin from mod fabric-lifecycle-events-v1->@Inject::startSave(ZZZLorg/spongepowered/asm/mixin/injection/callback/CallbackInfoReturnable;)V won't be passed a CallbackInfoReturnable as a result
[14:52:54] [Render thread/DEBUG] (FabricLoader/Mixin) fabric-lifecycle-events-v1.mixins.json:MinecraftServerMixin from mod fabric-lifecycle-events-v1->@Inject::endSave(ZZZLorg/spongepowered/asm/mixin/injection/callback/CallbackInfoReturnable;)V doesn't use it's CallbackInfoReturnable
[14:52:54] [Render thread/DEBUG] (FabricLoader/Mixin) fabric-lifecycle-events-v1.mixins.json:MinecraftServerMixin from mod fabric-lifecycle-events-v1->@Inject::endSave(ZZZLorg/spongepowered/asm/mixin/injection/callback/CallbackInfoReturnable;)V has 0 override(s) in child classes
[14:52:54] [Render thread/DEBUG] (FabricLoader/Mixin) fabric-lifecycle-events-v1.mixins.json:MinecraftServerMixin from mod fabric-lifecycle-events-v1->@Inject::endSave(ZZZLorg/spongepowered/asm/mixin/injection/callback/CallbackInfoReturnable;)V won't be passed a CallbackInfoReturnable as a result
[14:52:54] [Render thread/DEBUG] (FabricLoader/Mixin) fabric-message-api-v1.mixins.json:MinecraftServerMixin from mod fabric-message-api-v1->@Inject::onGetChatDecorator(Lorg/spongepowered/asm/mixin/injection/callback/CallbackInfoReturnable;)V does use it's CallbackInfoReturnable
[14:52:54] [Render thread/DEBUG] (FabricLoader/Mixin) fabric-biome-api-v1.mixins.json:modification.MinecraftServerMixin from mod fabric-biome-api-v1->@Inject::finalizeWorldGen(Lorg/spongepowered/asm/mixin/injection/callback/CallbackInfo;)V doesn't use it's CallbackInfo
[14:52:54] [Render thread/DEBUG] (FabricLoader/Mixin) fabric-biome-api-v1.mixins.json:modification.MinecraftServerMixin from mod fabric-biome-api-v1->@Inject::finalizeWorldGen(Lorg/spongepowered/asm/mixin/injection/callback/CallbackInfo;)V has 0 override(s) in child classes
[14:52:54] [Render thread/DEBUG] (FabricLoader/Mixin) fabric-biome-api-v1.mixins.json:modification.MinecraftServerMixin from mod fabric-biome-api-v1->@Inject::finalizeWorldGen(Lorg/spongepowered/asm/mixin/injection/callback/CallbackInfo;)V won't be passed a CallbackInfo as a result
[14:52:54] [Render thread/DEBUG] (io.netty.util.internal.InternalThreadLocalMap) -Dio.netty.threadLocalMap.stringBuilder.initialSize: 1024
[14:52:54] [Render thread/DEBUG] (io.netty.util.internal.InternalThreadLocalMap) -Dio.netty.threadLocalMap.stringBuilder.maxSize: 4096
[14:52:54] [Render thread/DEBUG] (io.netty.buffer.AdaptiveByteBufAllocator) -Dio.netty.allocator.useCachedMagazinesForNonEventLoopThreads: false
[14:52:54] [Render thread/DEBUG] (io.netty.util.internal.PlatformDependent0) Java version: 21
[14:52:54] [Render thread/DEBUG] (io.netty.util.internal.PlatformDependent0) -Dio.netty.noUnsafe: false
[14:52:54] [Render thread/DEBUG] (io.netty.util.internal.PlatformDependent0) sun.misc.Unsafe.theUnsafe: available
[14:52:54] [Render thread/DEBUG] (io.netty.util.internal.PlatformDependent0) sun.misc.Unsafe base methods: all available
[14:52:54] [Render thread/DEBUG] (io.netty.util.internal.PlatformDependent0) java.nio.Buffer.address: available
[14:52:54] [Render thread/DEBUG] (io.netty.util.internal.PlatformDependent0) direct buffer constructor: unavailable: Reflective setAccessible(true) disabled
[14:52:54] [Render thread/DEBUG] (io.netty.util.internal.PlatformDependent0) java.nio.Bits.unaligned: available, true
[14:52:54] [Render thread/DEBUG] (io.netty.util.internal.PlatformDependent0) jdk.internal.misc.Unsafe.allocateUninitializedArray(int): unavailable: symbolic reference class is not accessible: class jdk.internal.misc.Unsafe, from class io.netty.util.internal.PlatformDependent0 (unnamed module @1ba9117e)
[14:52:54] [Render thread/DEBUG] (io.netty.util.internal.PlatformDependent0) java.nio.DirectByteBuffer.<init>(long, {int,long}): unavailable
[14:52:54] [Render thread/DEBUG] (io.netty.util.internal.PlatformDependent) sun.misc.Unsafe: available
[14:52:54] [Render thread/DEBUG] (io.netty.util.internal.PlatformDependent) -Dio.netty.tmpdir: C:\Users\oussa\AppData\Local\Temp (java.io.tmpdir)
[14:52:54] [Render thread/DEBUG] (io.netty.util.internal.PlatformDependent) -Dio.netty.bitMode: 64 (sun.arch.data.model)
[14:52:54] [Render thread/DEBUG] (io.netty.util.internal.PlatformDependent) Platform: Windows
[14:52:54] [Render thread/DEBUG] (io.netty.util.internal.PlatformDependent) -Dio.netty.maxDirectMemory: -1 bytes
[14:52:54] [Render thread/DEBUG] (io.netty.util.internal.CleanerJava9) java.nio.ByteBuffer.cleaner(): available
[14:52:54] [Render thread/DEBUG] (io.netty.util.internal.PlatformDependent) -Dio.netty.noPreferDirect: false
[14:52:54] [Render thread/DEBUG] (io.netty.util.internal.PlatformDependent) -Dio.netty.jfr.enabled: true
[14:52:54] [Render thread/DEBUG] (io.netty.util.Recycler) -Dio.netty.recycler.maxCapacityPerThread: 4096
[14:52:54] [Render thread/DEBUG] (io.netty.util.Recycler) -Dio.netty.recycler.ratio: 8
[14:52:54] [Render thread/DEBUG] (io.netty.util.Recycler) -Dio.netty.recycler.chunkSize: 32
[14:52:54] [Render thread/DEBUG] (io.netty.util.Recycler) -Dio.netty.recycler.blocking: false
[14:52:54] [Render thread/DEBUG] (io.netty.util.Recycler) -Dio.netty.recycler.batchFastThreadLocalOnly: true
[14:52:54] [Render thread/DEBUG] (io.netty.buffer.ByteBufUtil) -Dio.netty.allocator.type: adaptive
[14:52:54] [Render thread/DEBUG] (io.netty.buffer.ByteBufUtil) -Dio.netty.threadLocalDirectBufferSize: 0
[14:52:54] [Render thread/DEBUG] (io.netty.buffer.ByteBufUtil) -Dio.netty.maxThreadLocalCharBufferSize: 16384
[14:52:54] [Render thread/DEBUG] (FabricLoader/Mixin) Mixing VarIntAccessor from fabric-data-attachment-api-v1.mixins.json into net.minecraft.network.encoding.VarInts
[14:52:54] [Render thread/DEBUG] (FabricLoader/Mixin) Renaming @Accessor method getMaxByteSize()I to getMaxByteSize$fabric-data-attachment-api-v1_$md$66d4ed$0 in fabric-data-attachment-api-v1.mixins.json:VarIntAccessor from mod fabric-data-attachment-api-v1
[14:52:54] [Render thread/DEBUG] (FabricLoader/Mixin) Mixing ServerboundCustomPayloadPacketAccessor from fabric-data-attachment-api-v1.mixins.json into net.minecraft.network.packet.c2s.common.CustomPayloadC2SPacket
[14:52:54] [Render thread/DEBUG] (FabricLoader/Mixin) Mixing ServerboundCustomPayloadPacketMixin from fabric-networking-api-v1.mixins.json into net.minecraft.network.packet.c2s.common.CustomPayloadC2SPacket
[14:52:54] [Render thread/DEBUG] (FabricLoader/Mixin) Renaming synthetic method lambda$wrapCodec$0(Lnet/minecraft/network/PacketByteBuf;Lnet/minecraft/util/Identifier;)Lnet/minecraft/network/packet/CustomPayload$Type; to md66d4ed$fabric-networking-api-v1$lambda$wrapCodec$0$0 in fabric-networking-api-v1.mixins.json:ServerboundCustomPayloadPacketMixin from mod fabric-networking-api-v1
[14:52:54] [Yggdrasil Key Fetcher/ERROR] (com.mojang.authlib.yggdrasil.YggdrasilServicesKeyInfo) Failed to request yggdrasil public key
com.mojang.authlib.exceptions.MinecraftClientException: Failed to read from https://api.minecraftservices.com/publickeys due to Address already in use: getsockopt
	at knot//com.mojang.authlib.minecraft.client.MinecraftClient.readInputStream(MinecraftClient.java:111)
	at knot//com.mojang.authlib.minecraft.client.MinecraftClient.get(MinecraftClient.java:56)
	at knot//com.mojang.authlib.yggdrasil.YggdrasilServicesKeyInfo.fetch(YggdrasilServicesKeyInfo.java:114)
	at knot//com.mojang.authlib.yggdrasil.YggdrasilServicesKeyInfo$1.run(YggdrasilServicesKeyInfo.java:89)
	at java.base/java.util.concurrent.Executors$RunnableAdapter.call(Executors.java:572)
	at java.base/java.util.concurrent.FutureTask.run(FutureTask.java:317)
	at java.base/java.util.concurrent.ScheduledThreadPoolExecutor$ScheduledFutureTask.run(ScheduledThreadPoolExecutor.java:304)
	at java.base/java.util.concurrent.ThreadPoolExecutor.runWorker(ThreadPoolExecutor.java:1144)
	at java.base/java.util.concurrent.ThreadPoolExecutor$Worker.run(ThreadPoolExecutor.java:642)
	at java.base/java.lang.Thread.run(Thread.java:1583)
Caused by: java.net.BindException: Address already in use: getsockopt
	at java.base/sun.nio.ch.Net.pollConnect(Native Method)
	at java.base/sun.nio.ch.Net.pollConnectNow(Net.java:682)
	at java.base/sun.nio.ch.NioSocketImpl.timedFinishConnect(NioSocketImpl.java:542)
	at java.base/sun.nio.ch.NioSocketImpl.connect(NioSocketImpl.java:592)
	at java.base/java.net.SocksSocketImpl.connect(SocksSocketImpl.java:327)
	at java.base/java.net.Socket.connect(Socket.java:751)
	at java.base/sun.security.ssl.SSLSocketImpl.connect(SSLSocketImpl.java:304)
	at java.base/sun.net.NetworkClient.doConnect(NetworkClient.java:178)
	at java.base/sun.net.www.http.HttpClient.openServer(HttpClient.java:531)
	at java.base/sun.net.www.http.HttpClient.openServer(HttpClient.java:636)
	at java.base/sun.net.www.protocol.https.HttpsClient.<init>(HttpsClient.java:264)
	at java.base/sun.net.www.protocol.https.HttpsClient.New(HttpsClient.java:377)
	at java.base/sun.net.www.protocol.https.AbstractDelegateHttpsURLConnection.getNewHttpClient(AbstractDelegateHttpsURLConnection.java:193)
	at java.base/sun.net.www.protocol.http.HttpURLConnection.plainConnect0(HttpURLConnection.java:1302)
	at java.base/sun.net.www.protocol.http.HttpURLConnection.plainConnect(HttpURLConnection.java:1143)
	at java.base/sun.net.www.protocol.https.AbstractDelegateHttpsURLConnection.connect(AbstractDelegateHttpsURLConnection.java:179)
	at java.base/sun.net.www.protocol.http.HttpURLConnection.getInputStream0(HttpURLConnection.java:1705)
	at java.base/sun.net.www.protocol.http.HttpURLConnection.getInputStream(HttpURLConnection.java:1629)
	at java.base/java.net.HttpURLConnection.getResponseCode(HttpURLConnection.java:531)
	at java.base/sun.net.www.protocol.https.HttpsURLConnectionImpl.getResponseCode(HttpsURLConnectionImpl.java:307)
	at knot//com.mojang.authlib.minecraft.client.MinecraftClient.readInputStream(MinecraftClient.java:82)
	... 9 more
[14:52:54] [Render thread/DEBUG] (FabricLoader/Mixin) Mixing CustomPayloadPacketCodecMixin from fabric-networking-api-v1.mixins.json into net.minecraft.network.packet.CustomPayload$1
[14:52:54] [Render thread/DEBUG] (FabricLoader/Mixin) Mixing FileToIdConverterAccessor from fabric-loot-api-v3.mixins.json into net.minecraft.resource.ResourceFinder
[14:52:54] [Render thread/DEBUG] (FabricLoader/Mixin) Mixing FileToIdConverterAccessor from fabric-resource-conditions-api-v1.mixins.json into net.minecraft.resource.ResourceFinder
[14:52:54] [Render thread/DEBUG] (FabricLoader/Mixin) Unexpected: Registered method getDirectoryName()Ljava/lang/String; in net.minecraft.resource.ResourceFinder was not merged
[14:52:54] [Render thread/DEBUG] (FabricLoader/Mixin) Mixing LootTableBuilderMixin from fabric-loot-api-v2.mixins.json into net.minecraft.loot.LootTable$Builder
[14:52:54] [Render thread/DEBUG] (FabricLoader/Mixin) Mixing LootTableBuilderMixin from fabric-loot-api-v3.mixins.json into net.minecraft.loot.LootTable$Builder
[14:52:54] [Render thread/INFO] (simplebuilding) Starting Simplebuilding initialization...
[14:52:54] [Render thread/INFO] (simplebuilding) Registering Screen Handlers for simplebuilding
[14:52:54] [Render thread/INFO] (simplebuilding) Registering Item Groups for simplebuilding
[14:52:54] [Render thread/INFO] (simplebuilding) Registering Mod Blocks for simplebuilding
[14:52:54] [Render thread/INFO] (simplebuilding) Registering Mod Items for simplebuilding
[14:52:54] [Render thread/DEBUG] (FabricLoader/Mixin) Mixing DataProviderMixin from fabric-data-generation-api-v1.mixins.json into net.minecraft.data.DataProvider
[14:52:54] [Render thread/DEBUG] (FabricLoader/Mixin) Mixing DataProviderMixin from fabric-resource-conditions-api-v1.mixins.json into net.minecraft.data.DataProvider
[14:52:54] [Render thread/DEBUG] (FabricLoader/Mixin) fabric-data-generation-api-v1.mixins.json:DataProviderMixin from mod fabric-data-generation-api-v1->@Inject::addFabricKeySortOrders(Lit/unimi/dsi/fastutil/objects/Object2IntOpenHashMap;Lorg/spongepowered/asm/mixin/injection/callback/CallbackInfo;)V doesn't use it's CallbackInfo
[14:52:54] [Render thread/DEBUG] (FabricLoader/Mixin) fabric-resource-conditions-api-v1.mixins.json:DataProviderMixin from mod fabric-resource-conditions-api-v1->@Inject::fabric_injectResourceConditionsSortOrder(Lit/unimi/dsi/fastutil/objects/Object2IntOpenHashMap;Lorg/spongepowered/asm/mixin/injection/callback/CallbackInfo;)V doesn't use it's CallbackInfo
[14:52:54] [Render thread/DEBUG] (FabricLoader/Mixin) Mixing loot.BlockLootSubProviderAccessor from fabric-data-generation-api-v1.mixins.json into net.minecraft.data.loottable.BlockLootTableGenerator
[14:52:54] [Render thread/DEBUG] (FabricLoader/Mixin) Mixing loot.BlockLootSubProviderMixin from fabric-data-generation-api-v1.mixins.json into net.minecraft.data.loottable.BlockLootTableGenerator
[14:52:54] [Render thread/INFO] (simplebuilding) Registering Custom Trade Offers for simplebuilding
[14:52:54] [Render thread/DEBUG] (FabricLoader/Mixin) Mixing VillagerTradesEmeraldsForVillagerTypeItemMixin from fabric-object-builder-v1.mixins.json into net.minecraft.village.TradeOffers$TypeAwareBuyForOneEmeraldFactory
[14:52:54] [Render thread/INFO] (simplebuilding) Registering Data Component Types for simplebuilding
[14:52:54] [Render thread/INFO] (simplebuilding) Registering Mod Enchantment Effects for simplebuilding
[14:52:54] [Render thread/INFO] (simplebuilding) Registering Recipes for simplebuilding
[14:52:54] [Render thread/DEBUG] (FabricLoader/Mixin) Mixing ServerGamePacketListenerImplMixin from fabric-networking-api-v1.mixins.json into net.minecraft.server.network.ServerPlayNetworkHandler
[14:52:54] [Render thread/DEBUG] (FabricLoader/Mixin) Mixing ServerGamePacketListenerImplMixin from fabric-events-interaction-v0.mixins.json into net.minecraft.server.network.ServerPlayNetworkHandler
[14:52:54] [Render thread/DEBUG] (FabricLoader/Mixin) fabric-networking-api-v1.mixins.json:ServerGamePacketListenerImplMixin from mod fabric-networking-api-v1->@Inject::initAddon(Lorg/spongepowered/asm/mixin/injection/callback/CallbackInfo;)V doesn't use it's CallbackInfo
[14:52:54] [Render thread/DEBUG] (FabricLoader/Mixin) fabric-networking-api-v1.mixins.json:ServerGamePacketListenerImplMixin from mod fabric-networking-api-v1->@Inject::initAddon(Lorg/spongepowered/asm/mixin/injection/callback/CallbackInfo;)V has 0 override(s) in child classes
[14:52:54] [Render thread/DEBUG] (FabricLoader/Mixin) fabric-networking-api-v1.mixins.json:ServerGamePacketListenerImplMixin from mod fabric-networking-api-v1->@Inject::initAddon(Lorg/spongepowered/asm/mixin/injection/callback/CallbackInfo;)V won't be passed a CallbackInfo as a result
[14:52:54] [Render thread/DEBUG] (FabricLoader/Mixin) fabric-networking-api-v1.mixins.json:ServerGamePacketListenerImplMixin from mod fabric-networking-api-v1->@Inject::handleCustomPayloadReceivedAsync(Lnet/minecraft/network/packet/c2s/common/CustomPayloadC2SPacket;Lorg/spongepowered/asm/mixin/injection/callback/CallbackInfo;)V does use it's CallbackInfo
[14:52:54] [Download-1/DEBUG] (com.mojang.authlib.yggdrasil.YggdrasilMinecraftSessionService) Couldn't fetch profile properties for 171ff2be-e113-3c14-a482-20b6c4712810 as the profile does not exist
[14:52:54] [Render thread/DEBUG] (FabricLoader/Entrypoint) Iterating over entrypoint 'client'
[14:52:54] [Render thread/DEBUG] (FabricLoader/Mixin) Mixing ClientTooltipComponentMixin from fabric-resource-loader-v1.client.mixins.json into net.minecraft.client.gui.tooltip.TooltipComponent
[14:52:54] [Render thread/DEBUG] (FabricLoader/Mixin) Mixing ClientTooltipComponentMixin from fabric-rendering-v1.mixins.json into net.minecraft.client.gui.tooltip.TooltipComponent
[14:52:54] [Render thread/DEBUG] (FabricLoader/Mixin) fabric-resource-loader-v1.client.mixins.json:ClientTooltipComponentMixin from mod fabric-resource-loader-v1->@Inject::onCreate(Lnet/minecraft/item/tooltip/TooltipData;Lorg/spongepowered/asm/mixin/injection/callback/CallbackInfoReturnable;)V does use it's CallbackInfoReturnable
[14:52:54] [Render thread/DEBUG] (FabricLoader/Mixin) fabric-rendering-v1.mixins.json:ClientTooltipComponentMixin from mod fabric-rendering-v1->@Inject::convertCustomTooltipData(Lnet/minecraft/item/tooltip/TooltipData;Lorg/spongepowered/asm/mixin/injection/callback/CallbackInfoReturnable;)V does use it's CallbackInfoReturnable
[14:52:54] [Download-2/ERROR] (net.minecraft.client.MinecraftClient) Failed to fetch user properties
com.mojang.authlib.exceptions.InvalidCredentialsException: Status: 401
	at knot//com.mojang.authlib.exceptions.MinecraftClientHttpException.toAuthenticationException(MinecraftClientHttpException.java:59)
	at knot//com.mojang.authlib.yggdrasil.YggdrasilUserApiService.fetchProperties(YggdrasilUserApiService.java:150)
	at knot//net.minecraft.client.MinecraftClient.method_55608(MinecraftClient.java:457)
	at java.base/java.util.concurrent.CompletableFuture$AsyncSupply.run(CompletableFuture.java:1768)
	at java.base/java.util.concurrent.ThreadPoolExecutor.runWorker(ThreadPoolExecutor.java:1144)
	at java.base/java.util.concurrent.ThreadPoolExecutor$Worker.run(ThreadPoolExecutor.java:642)
	at java.base/java.lang.Thread.run(Thread.java:1583)
Caused by: com.mojang.authlib.exceptions.MinecraftClientHttpException: Status: 401
	at knot//com.mojang.authlib.minecraft.client.MinecraftClient.readInputStream(MinecraftClient.java:103)
	at knot//com.mojang.authlib.minecraft.client.MinecraftClient.get(MinecraftClient.java:56)
	at knot//com.mojang.authlib.yggdrasil.YggdrasilUserApiService.fetchProperties(YggdrasilUserApiService.java:121)
	... 5 more
[14:52:54] [Render thread/DEBUG] (FabricLoader/Mixin) Mixing KeyMappingCategoryMixin from fabric-key-binding-api-v1.mixins.json into net.minecraft.client.option.KeyBinding$Category
[14:52:54] [Render thread/DEBUG] (FabricLoader/Mixin) fabric-key-binding-api-v1.mixins.json:KeyMappingCategoryMixin from mod fabric-key-binding-api-v1->@Inject::onReturnRegister(Lnet/minecraft/util/Identifier;Lorg/spongepowered/asm/mixin/injection/callback/CallbackInfoReturnable;)V doesn't use it's CallbackInfoReturnable
[14:52:54] [Render thread/DEBUG] (FabricLoader/Mixin) Mixing GuiGraphicsMixin from fabric-rendering-v1.mixins.json into net.minecraft.client.gui.DrawContext
[14:52:54] [Render thread/DEBUG] (FabricLoader/Mixin) fabric-rendering-v1.mixins.json:GuiGraphicsMixin from mod fabric-rendering-v1->@Inject::drawStackOverlay(Lnet/minecraft/client/font/TextRenderer;Lnet/minecraft/item/ItemStack;IILjava/lang/String;Lorg/spongepowered/asm/mixin/injection/callback/CallbackInfo;)V doesn't use it's CallbackInfo
[14:52:54] [Render thread/DEBUG] (FabricLoader/Mixin) fabric-rendering-v1.mixins.json:GuiGraphicsMixin from mod fabric-rendering-v1->@Inject::drawStackOverlay(Lnet/minecraft/client/font/TextRenderer;Lnet/minecraft/item/ItemStack;IILjava/lang/String;Lorg/spongepowered/asm/mixin/injection/callback/CallbackInfo;)V has 0 override(s) in child classes
[14:52:54] [Render thread/DEBUG] (FabricLoader/Mixin) fabric-rendering-v1.mixins.json:GuiGraphicsMixin from mod fabric-rendering-v1->@Inject::drawStackOverlay(Lnet/minecraft/client/font/TextRenderer;Lnet/minecraft/item/ItemStack;IILjava/lang/String;Lorg/spongepowered/asm/mixin/injection/callback/CallbackInfo;)V won't be passed a CallbackInfo as a result
[14:52:54] [Render thread/DEBUG] (FabricLoader/Mixin) fabric-rendering-v1.mixins.json:GuiGraphicsMixin from mod fabric-rendering-v1->@Inject::drawStackOverlay(Lnet/minecraft/client/font/TextRenderer;Lnet/minecraft/item/ItemStack;IILjava/lang/String;Lorg/spongepowered/asm/mixin/injection/callback/CallbackInfo;)V doesn't use it's CallbackInfo
[14:52:54] [Render thread/DEBUG] (FabricLoader/Mixin) fabric-rendering-v1.mixins.json:GuiGraphicsMixin from mod fabric-rendering-v1->@Inject::drawStackOverlay(Lnet/minecraft/client/font/TextRenderer;Lnet/minecraft/item/ItemStack;IILjava/lang/String;Lorg/spongepowered/asm/mixin/injection/callback/CallbackInfo;)V has 0 override(s) in child classes
[14:52:54] [Render thread/DEBUG] (FabricLoader/Mixin) fabric-rendering-v1.mixins.json:GuiGraphicsMixin from mod fabric-rendering-v1->@Inject::drawStackOverlay(Lnet/minecraft/client/font/TextRenderer;Lnet/minecraft/item/ItemStack;IILjava/lang/String;Lorg/spongepowered/asm/mixin/injection/callback/CallbackInfo;)V won't be passed a CallbackInfo as a result
[14:52:54] [Render thread/DEBUG] (FabricLoader/Mixin) Mixing RenderStateMixin from fabric-rendering-v1.mixins.json into net.minecraft.client.render.state.OutlineRenderState
[14:52:54] [Render thread/DEBUG] (FabricLoader/Mixin) Mixing ClientPacketListenerMixin from fabric-message-api-v1.client.mixins.json into net.minecraft.client.network.ClientPlayNetworkHandler
[14:52:54] [Render thread/DEBUG] (FabricLoader/Mixin) Mixing ClientPacketListenerMixin from fabric-networking-api-v1.client.mixins.json into net.minecraft.client.network.ClientPlayNetworkHandler
[14:52:54] [Render thread/DEBUG] (FabricLoader/Mixin) Mixing sync.ClientPacketListenerMixin from fabric-recipe-api-v1.client.mixins.json into net.minecraft.client.network.ClientPlayNetworkHandler
[14:52:54] [Render thread/DEBUG] (FabricLoader/Mixin) Mixing ClientPacketListenerMixin from fabric-data-attachment-api-v1.client.mixins.json into net.minecraft.client.network.ClientPlayNetworkHandler
[14:52:54] [Render thread/DEBUG] (FabricLoader/Mixin) Mixing ClientPacketListenerMixin from fabric-command-api-v2.client.mixins.json into net.minecraft.client.network.ClientPlayNetworkHandler
[14:52:54] [Render thread/DEBUG] (FabricLoader/Mixin) Mixing ClientPacketListenerMixin from fabric-lifecycle-events-v1.client.mixins.json into net.minecraft.client.network.ClientPlayNetworkHandler
[14:52:54] [Render thread/DEBUG] (FabricLoader/Mixin) fabric-message-api-v1.client.mixins.json:ClientPacketListenerMixin from mod fabric-message-api-v1->@Inject::fabric_allowSendChatMessage(Ljava/lang/String;Lorg/spongepowered/asm/mixin/injection/callback/CallbackInfo;)V does use it's CallbackInfo
[14:52:54] [Render thread/DEBUG] (FabricLoader/Mixin) fabric-message-api-v1.client.mixins.json:ClientPacketListenerMixin from mod fabric-message-api-v1->@Inject::fabric_allowSendCommandMessage(Ljava/lang/String;Lorg/spongepowered/asm/mixin/injection/callback/CallbackInfo;)V does use it's CallbackInfo
[14:52:54] [Render thread/DEBUG] (FabricLoader/Mixin) fabric-networking-api-v1.client.mixins.json:ClientPacketListenerMixin from mod fabric-networking-api-v1->@Inject::initAddon(Lorg/spongepowered/asm/mixin/injection/callback/CallbackInfo;)V doesn't use it's CallbackInfo
[14:52:54] [Render thread/DEBUG] (FabricLoader/Mixin) fabric-networking-api-v1.client.mixins.json:ClientPacketListenerMixin from mod fabric-networking-api-v1->@Inject::initAddon(Lorg/spongepowered/asm/mixin/injection/callback/CallbackInfo;)V has 0 override(s) in child classes
[14:52:54] [Render thread/DEBUG] (FabricLoader/Mixin) fabric-networking-api-v1.client.mixins.json:ClientPacketListenerMixin from mod fabric-networking-api-v1->@Inject::initAddon(Lorg/spongepowered/asm/mixin/injection/callback/CallbackInfo;)V won't be passed a CallbackInfo as a result
[14:52:54] [Render thread/DEBUG] (FabricLoader/Mixin) fabric-networking-api-v1.client.mixins.json:ClientPacketListenerMixin from mod fabric-networking-api-v1->@Inject::handleServerPlayReady(Lnet/minecraft/network/packet/s2c/play/GameJoinS2CPacket;Lorg/spongepowered/asm/mixin/injection/callback/CallbackInfo;)V doesn't use it's CallbackInfo
[14:52:54] [Render thread/DEBUG] (FabricLoader/Mixin) fabric-networking-api-v1.client.mixins.json:ClientPacketListenerMixin from mod fabric-networking-api-v1->@Inject::handleServerPlayReady(Lnet/minecraft/network/packet/s2c/play/GameJoinS2CPacket;Lorg/spongepowered/asm/mixin/injection/callback/CallbackInfo;)V has 0 override(s) in child classes
[14:52:54] [Render thread/DEBUG] (FabricLoader/Mixin) fabric-networking-api-v1.client.mixins.json:ClientPacketListenerMixin from mod fabric-networking-api-v1->@Inject::handleServerPlayReady(Lnet/minecraft/network/packet/s2c/play/GameJoinS2CPacket;Lorg/spongepowered/asm/mixin/injection/callback/CallbackInfo;)V won't be passed a CallbackInfo as a result
[14:52:54] [Render thread/DEBUG] (FabricLoader/Mixin) fabric-command-api-v2.client.mixins.json:ClientPacketListenerMixin from mod fabric-command-api-v2->@Inject::onGameJoin(Lnet/minecraft/network/packet/s2c/play/GameJoinS2CPacket;Lorg/spongepowered/asm/mixin/injection/callback/CallbackInfo;)V doesn't use it's CallbackInfo
[14:52:54] [Render thread/DEBUG] (FabricLoader/Mixin) fabric-command-api-v2.client.mixins.json:ClientPacketListenerMixin from mod fabric-command-api-v2->@Inject::onGameJoin(Lnet/minecraft/network/packet/s2c/play/GameJoinS2CPacket;Lorg/spongepowered/asm/mixin/injection/callback/CallbackInfo;)V has 0 override(s) in child classes
[14:52:54] [Render thread/DEBUG] (FabricLoader/Mixin) fabric-command-api-v2.client.mixins.json:ClientPacketListenerMixin from mod fabric-command-api-v2->@Inject::onGameJoin(Lnet/minecraft/network/packet/s2c/play/GameJoinS2CPacket;Lorg/spongepowered/asm/mixin/injection/callback/CallbackInfo;)V won't be passed a CallbackInfo as a result
[14:52:54] [Render thread/DEBUG] (FabricLoader/Mixin) fabric-command-api-v2.client.mixins.json:ClientPacketListenerMixin from mod fabric-command-api-v2->@Inject::onOnCommandTree(Lnet/minecraft/network/packet/s2c/play/CommandTreeS2CPacket;Lorg/spongepowered/asm/mixin/injection/callback/CallbackInfo;)V doesn't use it's CallbackInfo
[14:52:54] [Render thread/DEBUG] (FabricLoader/Mixin) fabric-command-api-v2.client.mixins.json:ClientPacketListenerMixin from mod fabric-command-api-v2->@Inject::onOnCommandTree(Lnet/minecraft/network/packet/s2c/play/CommandTreeS2CPacket;Lorg/spongepowered/asm/mixin/injection/callback/CallbackInfo;)V has 0 override(s) in child classes
[14:52:54] [Render thread/DEBUG] (FabricLoader/Mixin) fabric-command-api-v2.client.mixins.json:ClientPacketListenerMixin from mod fabric-command-api-v2->@Inject::onOnCommandTree(Lnet/minecraft/network/packet/s2c/play/CommandTreeS2CPacket;Lorg/spongepowered/asm/mixin/injection/callback/CallbackInfo;)V won't be passed a CallbackInfo as a result
[14:52:54] [Render thread/DEBUG] (FabricLoader/Mixin) fabric-command-api-v2.client.mixins.json:ClientPacketListenerMixin from mod fabric-command-api-v2->@Inject::setLastReceivedCommandsPacket(Lnet/minecraft/network/packet/s2c/play/CommandTreeS2CPacket;Lorg/spongepowered/asm/mixin/injection/callback/CallbackInfo;)V doesn't use it's CallbackInfo
[14:52:54] [Render thread/DEBUG] (FabricLoader/Mixin) fabric-command-api-v2.client.mixins.json:ClientPacketListenerMixin from mod fabric-command-api-v2->@Inject::setLastReceivedCommandsPacket(Lnet/minecraft/network/packet/s2c/play/CommandTreeS2CPacket;Lorg/spongepowered/asm/mixin/injection/callback/CallbackInfo;)V has 0 override(s) in child classes
[14:52:54] [Render thread/DEBUG] (FabricLoader/Mixin) fabric-command-api-v2.client.mixins.json:ClientPacketListenerMixin from mod fabric-command-api-v2->@Inject::setLastReceivedCommandsPacket(Lnet/minecraft/network/packet/s2c/play/CommandTreeS2CPacket;Lorg/spongepowered/asm/mixin/injection/callback/CallbackInfo;)V won't be passed a CallbackInfo as a result
[14:52:54] [Render thread/DEBUG] (FabricLoader/Mixin) fabric-command-api-v2.client.mixins.json:ClientPacketListenerMixin from mod fabric-command-api-v2->@Inject::onSendCommand(Ljava/lang/String;Lnet/minecraft/client/gui/screen/Screen;Lorg/spongepowered/asm/mixin/injection/callback/CallbackInfo;)V does use it's CallbackInfo
[14:52:54] [Render thread/DEBUG] (FabricLoader/Mixin) fabric-command-api-v2.client.mixins.json:ClientPacketListenerMixin from mod fabric-command-api-v2->@Inject::onSendCommand(Ljava/lang/String;Lorg/spongepowered/asm/mixin/injection/callback/CallbackInfo;)V does use it's CallbackInfo
[14:52:54] [Render thread/DEBUG] (FabricLoader/Mixin) fabric-lifecycle-events-v1.client.mixins.json:ClientPacketListenerMixin from mod fabric-lifecycle-events-v1->@Inject::onPlayerRespawn(Lnet/minecraft/network/packet/s2c/play/PlayerRespawnS2CPacket;Lorg/spongepowered/asm/mixin/injection/callback/CallbackInfo;)V doesn't use it's CallbackInfo
[14:52:54] [Render thread/DEBUG] (FabricLoader/Mixin) fabric-lifecycle-events-v1.client.mixins.json:ClientPacketListenerMixin from mod fabric-lifecycle-events-v1->@Inject::onPlayerRespawn(Lnet/minecraft/network/packet/s2c/play/PlayerRespawnS2CPacket;Lorg/spongepowered/asm/mixin/injection/callback/CallbackInfo;)V has 0 override(s) in child classes
[14:52:54] [Render thread/DEBUG] (FabricLoader/Mixin) fabric-lifecycle-events-v1.client.mixins.json:ClientPacketListenerMixin from mod fabric-lifecycle-events-v1->@Inject::onPlayerRespawn(Lnet/minecraft/network/packet/s2c/play/PlayerRespawnS2CPacket;Lorg/spongepowered/asm/mixin/injection/callback/CallbackInfo;)V won't be passed a CallbackInfo as a result
[14:52:54] [Render thread/DEBUG] (FabricLoader/Mixin) fabric-lifecycle-events-v1.client.mixins.json:ClientPacketListenerMixin from mod fabric-lifecycle-events-v1->@Inject::onGameJoin(Lnet/minecraft/network/packet/s2c/play/GameJoinS2CPacket;Lorg/spongepowered/asm/mixin/injection/callback/CallbackInfo;)V doesn't use it's CallbackInfo
[14:52:54] [Render thread/DEBUG] (FabricLoader/Mixin) fabric-lifecycle-events-v1.client.mixins.json:ClientPacketListenerMixin from mod fabric-lifecycle-events-v1->@Inject::onGameJoin(Lnet/minecraft/network/packet/s2c/play/GameJoinS2CPacket;Lorg/spongepowered/asm/mixin/injection/callback/CallbackInfo;)V has 0 override(s) in child classes
[14:52:54] [Render thread/DEBUG] (FabricLoader/Mixin) fabric-lifecycle-events-v1.client.mixins.json:ClientPacketListenerMixin from mod fabric-lifecycle-events-v1->@Inject::onGameJoin(Lnet/minecraft/network/packet/s2c/play/GameJoinS2CPacket;Lorg/spongepowered/asm/mixin/injection/callback/CallbackInfo;)V won't be passed a CallbackInfo as a result
[14:52:54] [Render thread/DEBUG] (FabricLoader/Mixin) fabric-lifecycle-events-v1.client.mixins.json:ClientPacketListenerMixin from mod fabric-lifecycle-events-v1->@Inject::onClearWorld(Lorg/spongepowered/asm/mixin/injection/callback/CallbackInfo;)V doesn't use it's CallbackInfo
[14:52:54] [Render thread/DEBUG] (FabricLoader/Mixin) fabric-lifecycle-events-v1.client.mixins.json:ClientPacketListenerMixin from mod fabric-lifecycle-events-v1->@Inject::onClearWorld(Lorg/spongepowered/asm/mixin/injection/callback/CallbackInfo;)V has 0 override(s) in child classes
[14:52:54] [Render thread/DEBUG] (FabricLoader/Mixin) fabric-lifecycle-events-v1.client.mixins.json:ClientPacketListenerMixin from mod fabric-lifecycle-events-v1->@Inject::onClearWorld(Lorg/spongepowered/asm/mixin/injection/callback/CallbackInfo;)V won't be passed a CallbackInfo as a result
[14:52:54] [Render thread/DEBUG] (FabricLoader/Mixin) fabric-lifecycle-events-v1.client.mixins.json:ClientPacketListenerMixin from mod fabric-lifecycle-events-v1->@Inject::invokeTagsLoaded(Lnet/minecraft/network/packet/s2c/common/SynchronizeTagsS2CPacket;Lorg/spongepowered/asm/mixin/injection/callback/CallbackInfo;)V doesn't use it's CallbackInfo
[14:52:54] [Render thread/DEBUG] (FabricLoader/Mixin) fabric-lifecycle-events-v1.client.mixins.json:ClientPacketListenerMixin from mod fabric-lifecycle-events-v1->@Inject::invokeTagsLoaded(Lnet/minecraft/network/packet/s2c/common/SynchronizeTagsS2CPacket;Lorg/spongepowered/asm/mixin/injection/callback/CallbackInfo;)V has 0 override(s) in child classes
[14:52:54] [Render thread/DEBUG] (FabricLoader/Mixin) fabric-lifecycle-events-v1.client.mixins.json:ClientPacketListenerMixin from mod fabric-lifecycle-events-v1->@Inject::invokeTagsLoaded(Lnet/minecraft/network/packet/s2c/common/SynchronizeTagsS2CPacket;Lorg/spongepowered/asm/mixin/injection/callback/CallbackInfo;)V won't be passed a CallbackInfo as a result
[14:52:54] [Render thread/DEBUG] (FabricLoader/Mixin) Mixing accessor.ClientCommonPacketListenerImplAccessor from fabric-networking-api-v1.client.mixins.json into net.minecraft.client.network.ClientCommonNetworkHandler
[14:52:54] [Render thread/DEBUG] (FabricLoader/Mixin) Mixing ClientCommonPacketListenerImplMixin from fabric-networking-api-v1.client.mixins.json into net.minecraft.client.network.ClientCommonNetworkHandler
[14:52:54] [Render thread/DEBUG] (FabricLoader/Mixin) fabric-networking-api-v1.client.mixins.json:ClientCommonPacketListenerImplMixin from mod fabric-networking-api-v1->@Inject::onCustomPayload(Lnet/minecraft/network/packet/s2c/common/CustomPayloadS2CPacket;Lorg/spongepowered/asm/mixin/injection/callback/CallbackInfo;)V does use it's CallbackInfo
[14:52:54] [Render thread/DEBUG] (FabricLoader/Mixin) Mixing SoundInstanceMixin from fabric-sound-api-v1.mixins.json into net.minecraft.client.sound.SoundInstance
[14:52:54] [Render thread/DEBUG] (FabricLoader/Mixin) Mixing SmithingScreenMixin from simplebuilding.client.mixins.json into net.minecraft.client.gui.screen.ingame.SmithingScreen
[14:52:54] [Render thread/DEBUG] (FabricLoader/Mixin) Renaming synthetic method lambda$tryAddStack$3(Ljava/util/List;Lnet/minecraft/item/Item;)V to md66d4ed$simplebuilding$lambda$tryAddStack$3$0 in simplebuilding.client.mixins.json:SmithingScreenMixin from mod simplebuilding
[14:52:54] [Render thread/DEBUG] (FabricLoader/Mixin) Renaming synthetic method lambda$tryAddStack$2(Lnet/minecraft/util/Identifier;Lnet/minecraft/registry/Registry;)Ljava/util/Optional; to md66d4ed$simplebuilding$lambda$tryAddStack$2$1 in simplebuilding.client.mixins.json:SmithingScreenMixin from mod simplebuilding
[14:52:54] [Render thread/DEBUG] (FabricLoader/Mixin) Renaming synthetic method lambda$simplebuilding$addAnimatedReferenceButton$1(Lnet/minecraft/client/gui/widget/ButtonWidget;)V to md66d4ed$simplebuilding$lambda$simplebuilding$addAnimatedReferenceButton$1$2 in simplebuilding.client.mixins.json:SmithingScreenMixin from mod simplebuilding
[14:52:54] [Render thread/DEBUG] (FabricLoader/Mixin) Renaming synthetic method lambda$simplebuilding$addAnimatedReferenceButton$0(Ljava/util/List;Lnet/minecraft/registry/entry/RegistryEntry;)V to md66d4ed$simplebuilding$lambda$simplebuilding$addAnimatedReferenceButton$0$3 in simplebuilding.client.mixins.json:SmithingScreenMixin from mod simplebuilding
[14:52:54] [Render thread/DEBUG] (FabricLoader/Mixin) simplebuilding.client.mixins.json:SmithingScreenMixin from mod simplebuilding->@Inject::simplebuilding$addAnimatedReferenceButton(Lorg/spongepowered/asm/mixin/injection/callback/CallbackInfo;)V doesn't use it's CallbackInfo
[14:52:54] [Render thread/DEBUG] (FabricLoader/Mixin) simplebuilding.client.mixins.json:SmithingScreenMixin from mod simplebuilding->@Inject::simplebuilding$addAnimatedReferenceButton(Lorg/spongepowered/asm/mixin/injection/callback/CallbackInfo;)V has 0 override(s) in child classes
[14:52:54] [Render thread/DEBUG] (FabricLoader/Mixin) simplebuilding.client.mixins.json:SmithingScreenMixin from mod simplebuilding->@Inject::simplebuilding$addAnimatedReferenceButton(Lorg/spongepowered/asm/mixin/injection/callback/CallbackInfo;)V won't be passed a CallbackInfo as a result
[14:52:54] [Render thread/DEBUG] (FabricLoader/Mixin) Mixing RenderStateMixin from fabric-rendering-v1.mixins.json into net.minecraft.client.render.entity.state.EntityRenderState
[14:52:54] [Render thread/INFO] (net.fabricmc.fabric.impl.client.indigo.Indigo) [Indigo] Registering Indigo renderer!
[14:52:55] [Render thread/INFO] (Mod Menu/Update Checker) Checking mod updates...
[14:52:55] [Render thread/DEBUG] (FabricLoader/Mixin) Mixing ingredient.ConnectionMixin from fabric-recipe-api-v1.mixins.json into net.minecraft.network.ClientConnection
[14:52:55] [Render thread/DEBUG] (FabricLoader/Mixin) Mixing sync.ConnectionMixin from fabric-recipe-api-v1.mixins.json into net.minecraft.network.ClientConnection
[14:52:55] [Render thread/DEBUG] (FabricLoader/Mixin) Mixing ConnectionMixin from fabric-data-attachment-api-v1.mixins.json into net.minecraft.network.ClientConnection
[14:52:55] [Render thread/DEBUG] (FabricLoader/Mixin) Mixing ConnectionMixin from fabric-networking-api-v1.mixins.json into net.minecraft.network.ClientConnection
[14:52:55] [Render thread/DEBUG] (FabricLoader/Mixin) Renaming synthetic method lambda$fabric_getPendingChannelsNames$2(Lnet/minecraft/network/NetworkPhase;)Ljava/util/Collection; to md66d4ed$fabric-networking-api-v1$lambda$fabric_getPendingChannelsNames$2$0 in fabric-networking-api-v1.mixins.json:ConnectionMixin from mod fabric-networking-api-v1
[14:52:55] [Render thread/DEBUG] (FabricLoader/Mixin) Renaming synthetic method lambda$injectFabricPacketSlitterHandlerOutbound$1(Lnet/fabricmc/fabric/impl/networking/PayloadTypeRegistryImpl;Lio/netty/channel/ChannelHandlerContext;)V to md66d4ed$fabric-networking-api-v1$lambda$injectFabricPacketSlitterHandlerOutbound$1$1 in fabric-networking-api-v1.mixins.json:ConnectionMixin from mod fabric-networking-api-v1
[14:52:55] [Render thread/DEBUG] (FabricLoader/Mixin) Renaming synthetic method lambda$injectFabricPacketSlitterHandlerInbound$0(Lnet/fabricmc/fabric/impl/networking/PayloadTypeRegistryImpl;Lnet/minecraft/network/state/NetworkState;Lio/netty/channel/ChannelHandlerContext;)V to md66d4ed$fabric-networking-api-v1$lambda$injectFabricPacketSlitterHandlerInbound$0$2 in fabric-networking-api-v1.mixins.json:ConnectionMixin from mod fabric-networking-api-v1
[14:52:55] [Render thread/DEBUG] (FabricLoader/Mixin) fabric-networking-api-v1.mixins.json:ConnectionMixin from mod fabric-networking-api-v1->@Inject::initAddedFields(Lnet/minecraft/network/NetworkSide;Lorg/spongepowered/asm/mixin/injection/callback/CallbackInfo;)V doesn't use it's CallbackInfo
[14:52:55] [Render thread/DEBUG] (FabricLoader/Mixin) fabric-networking-api-v1.mixins.json:ConnectionMixin from mod fabric-networking-api-v1->@Inject::initAddedFields(Lnet/minecraft/network/NetworkSide;Lorg/spongepowered/asm/mixin/injection/callback/CallbackInfo;)V has 0 override(s) in child classes
[14:52:55] [Render thread/DEBUG] (FabricLoader/Mixin) fabric-networking-api-v1.mixins.json:ConnectionMixin from mod fabric-networking-api-v1->@Inject::initAddedFields(Lnet/minecraft/network/NetworkSide;Lorg/spongepowered/asm/mixin/injection/callback/CallbackInfo;)V won't be passed a CallbackInfo as a result
[14:52:55] [Render thread/DEBUG] (FabricLoader/Mixin) fabric-networking-api-v1.mixins.json:ConnectionMixin from mod fabric-networking-api-v1->@Inject::checkPacket(Lnet/minecraft/network/packet/Packet;Lio/netty/channel/ChannelFutureListener;ZLorg/spongepowered/asm/mixin/injection/callback/CallbackInfo;)V doesn't use it's CallbackInfo
[14:52:55] [Render thread/DEBUG] (FabricLoader/Mixin) fabric-networking-api-v1.mixins.json:ConnectionMixin from mod fabric-networking-api-v1->@Inject::checkPacket(Lnet/minecraft/network/packet/Packet;Lio/netty/channel/ChannelFutureListener;ZLorg/spongepowered/asm/mixin/injection/callback/CallbackInfo;)V has 0 override(s) in child classes
[14:52:55] [Render thread/DEBUG] (FabricLoader/Mixin) fabric-networking-api-v1.mixins.json:ConnectionMixin from mod fabric-networking-api-v1->@Inject::checkPacket(Lnet/minecraft/network/packet/Packet;Lio/netty/channel/ChannelFutureListener;ZLorg/spongepowered/asm/mixin/injection/callback/CallbackInfo;)V won't be passed a CallbackInfo as a result
[14:52:55] [Render thread/DEBUG] (FabricLoader/Mixin) fabric-networking-api-v1.mixins.json:ConnectionMixin from mod fabric-networking-api-v1->@Inject::checkPacket(Lnet/minecraft/network/packet/Packet;Lio/netty/channel/ChannelFutureListener;ZLorg/spongepowered/asm/mixin/injection/callback/CallbackInfo;)V doesn't use it's CallbackInfo
[14:52:55] [Render thread/DEBUG] (FabricLoader/Mixin) fabric-networking-api-v1.mixins.json:ConnectionMixin from mod fabric-networking-api-v1->@Inject::checkPacket(Lnet/minecraft/network/packet/Packet;Lio/netty/channel/ChannelFutureListener;ZLorg/spongepowered/asm/mixin/injection/callback/CallbackInfo;)V has 0 override(s) in child classes
[14:52:55] [Render thread/DEBUG] (FabricLoader/Mixin) fabric-networking-api-v1.mixins.json:ConnectionMixin from mod fabric-networking-api-v1->@Inject::checkPacket(Lnet/minecraft/network/packet/Packet;Lio/netty/channel/ChannelFutureListener;ZLorg/spongepowered/asm/mixin/injection/callback/CallbackInfo;)V won't be passed a CallbackInfo as a result
[14:52:55] [Render thread/DEBUG] (FabricLoader/Mixin) fabric-networking-api-v1.mixins.json:ConnectionMixin from mod fabric-networking-api-v1->@Inject::unwatchAddon(Lnet/minecraft/network/state/NetworkState;Lnet/minecraft/network/listener/PacketListener;Lorg/spongepowered/asm/mixin/injection/callback/CallbackInfo;)V doesn't use it's CallbackInfo
[14:52:55] [Render thread/DEBUG] (FabricLoader/Mixin) fabric-networking-api-v1.mixins.json:ConnectionMixin from mod fabric-networking-api-v1->@Inject::unwatchAddon(Lnet/minecraft/network/state/NetworkState;Lnet/minecraft/network/listener/PacketListener;Lorg/spongepowered/asm/mixin/injection/callback/CallbackInfo;)V has 0 override(s) in child classes
[14:52:55] [Render thread/DEBUG] (FabricLoader/Mixin) fabric-networking-api-v1.mixins.json:ConnectionMixin from mod fabric-networking-api-v1->@Inject::unwatchAddon(Lnet/minecraft/network/state/NetworkState;Lnet/minecraft/network/listener/PacketListener;Lorg/spongepowered/asm/mixin/injection/callback/CallbackInfo;)V won't be passed a CallbackInfo as a result
[14:52:55] [Render thread/DEBUG] (FabricLoader/Mixin) fabric-networking-api-v1.mixins.json:ConnectionMixin from mod fabric-networking-api-v1->@Inject::disconnectAddon(Lio/netty/channel/ChannelHandlerContext;Lorg/spongepowered/asm/mixin/injection/callback/CallbackInfo;)V doesn't use it's CallbackInfo
[14:52:55] [Render thread/DEBUG] (FabricLoader/Mixin) fabric-networking-api-v1.mixins.json:ConnectionMixin from mod fabric-networking-api-v1->@Inject::disconnectAddon(Lio/netty/channel/ChannelHandlerContext;Lorg/spongepowered/asm/mixin/injection/callback/CallbackInfo;)V has 0 override(s) in child classes
[14:52:55] [Render thread/DEBUG] (FabricLoader/Mixin) fabric-networking-api-v1.mixins.json:ConnectionMixin from mod fabric-networking-api-v1->@Inject::disconnectAddon(Lio/netty/channel/ChannelHandlerContext;Lorg/spongepowered/asm/mixin/injection/callback/CallbackInfo;)V won't be passed a CallbackInfo as a result
[14:52:55] [Render thread/DEBUG] (FabricLoader/Mixin) fabric-networking-api-v1.mixins.json:ConnectionMixin from mod fabric-networking-api-v1->@Inject::disconnectAddon(Lorg/spongepowered/asm/mixin/injection/callback/CallbackInfo;)V doesn't use it's CallbackInfo
[14:52:55] [Render thread/DEBUG] (FabricLoader/Mixin) fabric-networking-api-v1.mixins.json:ConnectionMixin from mod fabric-networking-api-v1->@Inject::disconnectAddon(Lorg/spongepowered/asm/mixin/injection/callback/CallbackInfo;)V has 0 override(s) in child classes
[14:52:55] [Render thread/DEBUG] (FabricLoader/Mixin) fabric-networking-api-v1.mixins.json:ConnectionMixin from mod fabric-networking-api-v1->@Inject::disconnectAddon(Lorg/spongepowered/asm/mixin/injection/callback/CallbackInfo;)V won't be passed a CallbackInfo as a result
[14:52:55] [Render thread/DEBUG] (FabricLoader/Mixin) Mixing accessor.ClientHandshakePacketListenerImplAccessor from fabric-networking-api-v1.client.mixins.json into net.minecraft.client.network.ClientLoginNetworkHandler
[14:52:55] [Render thread/DEBUG] (FabricLoader/Mixin) Mixing ClientHandshakePacketListenerImplMixin from fabric-networking-api-v1.client.mixins.json into net.minecraft.client.network.ClientLoginNetworkHandler
[14:52:55] [Render thread/DEBUG] (FabricLoader/Mixin) fabric-networking-api-v1.client.mixins.json:ClientHandshakePacketListenerImplMixin from mod fabric-networking-api-v1->@Inject::initAddon(Lorg/spongepowered/asm/mixin/injection/callback/CallbackInfo;)V doesn't use it's CallbackInfo
[14:52:55] [Render thread/DEBUG] (FabricLoader/Mixin) fabric-networking-api-v1.client.mixins.json:ClientHandshakePacketListenerImplMixin from mod fabric-networking-api-v1->@Inject::initAddon(Lorg/spongepowered/asm/mixin/injection/callback/CallbackInfo;)V has 0 override(s) in child classes
[14:52:55] [Render thread/DEBUG] (FabricLoader/Mixin) fabric-networking-api-v1.client.mixins.json:ClientHandshakePacketListenerImplMixin from mod fabric-networking-api-v1->@Inject::initAddon(Lorg/spongepowered/asm/mixin/injection/callback/CallbackInfo;)V won't be passed a CallbackInfo as a result
[14:52:55] [Render thread/DEBUG] (FabricLoader/Mixin) fabric-networking-api-v1.client.mixins.json:ClientHandshakePacketListenerImplMixin from mod fabric-networking-api-v1->@Inject::handleQueryRequest(Lnet/minecraft/network/packet/s2c/login/LoginQueryRequestS2CPacket;Lorg/spongepowered/asm/mixin/injection/callback/CallbackInfo;)V does use it's CallbackInfo
[14:52:55] [Render thread/DEBUG] (FabricLoader/Mixin) Mixing ClientConfigurationPacketListenerImplMixin from fabric-networking-api-v1.client.mixins.json into net.minecraft.client.network.ClientConfigurationNetworkHandler
[14:52:55] [Render thread/DEBUG] (FabricLoader/Mixin) Mixing sync.ClientConfigurationPacketListenerImplMixin from fabric-recipe-api-v1.client.mixins.json into net.minecraft.client.network.ClientConfigurationNetworkHandler
[14:52:55] [Render thread/DEBUG] (FabricLoader/Mixin) Mixing ClientConfigurationPacketListenerImplMixin from fabric-lifecycle-events-v1.client.mixins.json into net.minecraft.client.network.ClientConfigurationNetworkHandler
[14:52:55] [Render thread/DEBUG] (FabricLoader/Mixin) Mixing accessor.ClientConfigurationPacketListenerImplAccessor from fabric-networking-api-v1.client.mixins.json into net.minecraft.client.network.ClientConfigurationNetworkHandler
[14:52:55] [Render thread/DEBUG] (FabricLoader/Mixin) fabric-networking-api-v1.client.mixins.json:ClientConfigurationPacketListenerImplMixin from mod fabric-networking-api-v1->@Inject::initAddon(Lorg/spongepowered/asm/mixin/injection/callback/CallbackInfo;)V doesn't use it's CallbackInfo
[14:52:55] [Render thread/DEBUG] (FabricLoader/Mixin) fabric-networking-api-v1.client.mixins.json:ClientConfigurationPacketListenerImplMixin from mod fabric-networking-api-v1->@Inject::initAddon(Lorg/spongepowered/asm/mixin/injection/callback/CallbackInfo;)V has 0 override(s) in child classes
[14:52:55] [Render thread/DEBUG] (FabricLoader/Mixin) fabric-networking-api-v1.client.mixins.json:ClientConfigurationPacketListenerImplMixin from mod fabric-networking-api-v1->@Inject::initAddon(Lorg/spongepowered/asm/mixin/injection/callback/CallbackInfo;)V won't be passed a CallbackInfo as a result
[14:52:55] [Render thread/DEBUG] (FabricLoader/Mixin) fabric-networking-api-v1.client.mixins.json:ClientConfigurationPacketListenerImplMixin from mod fabric-networking-api-v1->@Inject::handleComplete(Lnet/minecraft/network/packet/s2c/config/ReadyS2CPacket;Lorg/spongepowered/asm/mixin/injection/callback/CallbackInfo;)V doesn't use it's CallbackInfo
[14:52:55] [Render thread/DEBUG] (FabricLoader/Mixin) fabric-networking-api-v1.client.mixins.json:ClientConfigurationPacketListenerImplMixin from mod fabric-networking-api-v1->@Inject::handleComplete(Lnet/minecraft/network/packet/s2c/config/ReadyS2CPacket;Lorg/spongepowered/asm/mixin/injection/callback/CallbackInfo;)V has 0 override(s) in child classes
[14:52:55] [Render thread/DEBUG] (FabricLoader/Mixin) fabric-networking-api-v1.client.mixins.json:ClientConfigurationPacketListenerImplMixin from mod fabric-networking-api-v1->@Inject::handleComplete(Lnet/minecraft/network/packet/s2c/config/ReadyS2CPacket;Lorg/spongepowered/asm/mixin/injection/callback/CallbackInfo;)V won't be passed a CallbackInfo as a result
[14:52:55] [Render thread/DEBUG] (FabricLoader/Mixin) fabric-recipe-api-v1.client.mixins.json:sync.ClientConfigurationPacketListenerImplMixin from mod fabric-recipe-api-v1->@Inject::sendSupportedRecipeSerializers(Lnet/minecraft/network/packet/s2c/config/SelectKnownPacksS2CPacket;Lorg/spongepowered/asm/mixin/injection/callback/CallbackInfo;)V doesn't use it's CallbackInfo
[14:52:55] [Render thread/DEBUG] (FabricLoader/Mixin) fabric-recipe-api-v1.client.mixins.json:sync.ClientConfigurationPacketListenerImplMixin from mod fabric-recipe-api-v1->@Inject::sendSupportedRecipeSerializers(Lnet/minecraft/network/packet/s2c/config/SelectKnownPacksS2CPacket;Lorg/spongepowered/asm/mixin/injection/callback/CallbackInfo;)V has 0 override(s) in child classes
[14:52:55] [Render thread/DEBUG] (FabricLoader/Mixin) fabric-recipe-api-v1.client.mixins.json:sync.ClientConfigurationPacketListenerImplMixin from mod fabric-recipe-api-v1->@Inject::sendSupportedRecipeSerializers(Lnet/minecraft/network/packet/s2c/config/SelectKnownPacksS2CPacket;Lorg/spongepowered/asm/mixin/injection/callback/CallbackInfo;)V won't be passed a CallbackInfo as a result
[14:52:55] [Render thread/DEBUG] (FabricLoader/Mixin) fabric-lifecycle-events-v1.client.mixins.json:ClientConfigurationPacketListenerImplMixin from mod fabric-lifecycle-events-v1->@Inject::invokeTagsLoaded(Lnet/minecraft/resource/ResourceFactory;Lorg/spongepowered/asm/mixin/injection/callback/CallbackInfoReturnable;)V does use it's CallbackInfoReturnable
[14:52:55] [Worker-Main-1/DEBUG] (Mod Menu/Update Checker) Hash for fabric-renderer-api-v1 is bfb80bb76574755d2a295dd7bdaf84f10e5b3ff9b0d0132510f77fcc7905ccd55c2a2245164b937ea18c873064768f7ffbdd0f2ce516ac73eb584ecb57cfd6a8
[14:52:55] [Worker-Main-1/DEBUG] (Mod Menu/Update Checker) Hash for fabric-transfer-api-v1 is 5fae4497b10cc234bbc78bf59122a5a551dced88946532dd06abc2904112cbba3cf5f8f85b3ea09a79f26988a4d0a6416fad5bd14a4030b9e943452f32727bcb
[14:52:55] [Worker-Main-1/DEBUG] (Mod Menu/Update Checker) Hash for fabric-object-builder-api-v1 is 4053f53d6b9993f0afb6e863647f65ffcec2b4ac6f566bf97df1855010cee87a65a1cf3a10781017afb0eac7d78ef882f4cb32c6df1175de0576287a7f486e87
[14:52:55] [Worker-Main-1/DEBUG] (Mod Menu/Update Checker) Hash for fabric-dimensions-v1 is 0a6437bb9c2801c72216395b5209c53cca00efff989e48ef2b975a61ce423898ff729191d333c8bb2b90392f92c88d6aad47c4eea0213586ae468a59455f37f3
[14:52:55] [Worker-Main-1/DEBUG] (Mod Menu/Update Checker) Hash for fabric-client-gametest-api-v1 is e225e008fdd648e702032a8f1c488624ed2ec7e05ab70522b6a047e8d7eb19ee495afb30327adccf7e0e502f805c82fde81a5008357b8629de294d62a59d69bf
[14:52:55] [Worker-Main-1/DEBUG] (Mod Menu/Update Checker) Hash for fabric-game-rule-api-v1 is c7d4ed0b3fe2ee7b33581dc4a3d4711054aeceafe97ddd28407e17b38fc4c3483fac7d5e3490d91a4e6402892d3a5dd2d8a3d3208ff0df3517a68e884b515192
[14:52:55] [Worker-Main-1/DEBUG] (Mod Menu/Update Checker) Hash for fabric-api-base is b46ac5157bfe2a503eeaa7686d58d5df645d63545584b2a3adbf46ed596a0fbeacb401603586e82a14435512d9c66528f0f90e4cefbb14ce93f369c00a3381d3
[14:52:55] [Worker-Main-1/DEBUG] (Mod Menu/Update Checker) Hash for fabric-resource-conditions-api-v1 is 754bdaec595bc48976bba47c4019fe5276c5d3975ae0892e6653a04e701e03af49b2f84d5c598f5e1e9618494b35b14ed9df55b193394f217881af9f5d60a0c5
[14:52:55] [Worker-Main-1/DEBUG] (Mod Menu/Update Checker) Hash for fabric-sound-api-v1 is 70a9d10af9c37cf9a75c2e5d9acffeb55b6ed816fb2e1a9b1cc418325d0193e254310acc29d0e5af72c65776bc411447707baf6f928293d4857ca2ca47880e18
[14:52:55] [Worker-Main-1/DEBUG] (Mod Menu/Update Checker) Hash for fabric-model-loading-api-v1 is c33d09a1367b53da4ffea445e6dbb8e52f0d29fa2a0639af9d375ad8b3aa7b8a83856fb407cdaa4d2680c9469ef31debcf24f38c1fee70261362da6d7c75eb73
[14:52:55] [Worker-Main-1/DEBUG] (Mod Menu/Update Checker) Hash for mixinextras is 662569eac1cf6cee5e8ce56925b2cf522e6c35279094b8b518b679d59cb1f453c34b91eecdd3226cafb4b4063044b418d25ce6ffaea410c7ac2670180533c30a
[14:52:55] [Worker-Main-1/DEBUG] (Mod Menu/Update Checker) Hash for fabric-data-attachment-api-v1 is 65d90c9d8007b447678a542aa463657c01bd32b7db31e6ee24823b58050552f8caf2ce14196e13228ed8dacb84bfb28a595b9688668f39ec676cd6d833cedebe
[14:52:55] [Worker-Main-1/DEBUG] (Mod Menu/Update Checker) Hash for fabric-rendering-fluids-v1 is 1412af6076c8def12bd8f756d912a89162d4b2995d7ad49de733ea217f2f5d1ef33ede8cea9f8f187e7cbec52647babe347d2d23156e9022a1c30963d0531b25
[14:52:55] [Worker-Main-1/DEBUG] (Mod Menu/Update Checker) Hash for fabric-lifecycle-events-v1 is 7a06eaf923775cf0d43fef2887ec173dd594978a33d0cfc129740c070f81eb64be7d6fd2a8ee0b4031588a13269d6c4f22d37596204d61bfae2b7011c79f1795
[14:52:55] [Worker-Main-1/DEBUG] (Mod Menu/Update Checker) Hash for fabric-particles-v1 is 145eecfd4ff1c7204f9aaecf77c8e632c7ad18784487d075d3b62a38a020802a8fa12e7cb2278f25da82243805d3936555d172028402fc495eed6c5ef517a850
[14:52:55] [Worker-Main-1/DEBUG] (Mod Menu/Update Checker) Hash for fabric-data-generation-api-v1 is 1665e5d9f2cb1d62eaa69f935a89a62580a87a39cb395f844c0de5084d70186d2adeb3be978ed483f363d30455b2f2ecd5cec337f404773143e11d02e3ec7468
[14:52:55] [Worker-Main-1/DEBUG] (Mod Menu/Update Checker) Hash for fabric-api-lookup-api-v1 is 9e1c38c3ee293b1bc29331a9d61ad9141b707f21555e38ef56381e9ccd280253f41056da1b86db7f3a4ebb6739e47c4021216dd5d6f0b92044d96a5efc84564e
[14:52:55] [Worker-Main-1/DEBUG] (Mod Menu/Update Checker) Hash for fabric-screen-handler-api-v1 is fdea0aac545f8a8392a284ab39eac378e956005a31c5ee35ca40e32bbe1ba3add98937b883ebbf70ee687fe2e1d9c57e5f351989493b5172f8b1978eaf76844c
[14:52:55] [Worker-Main-1/DEBUG] (Mod Menu/Update Checker) Hash for fabric-command-api-v2 is 5066994dd1a219304655c4efdf7235a1c461cd2c5780761de5371aca3d763e818d8e42d07b312a84c53ed5edf58d329aa60502228111db4deb3ef273c37844c8
[14:52:55] [Render thread/DEBUG] (FabricLoader/Mixin) Mixing BlockStateModelUnbakedMixin from fabric-model-loading-api-v1.mixins.json into net.minecraft.client.render.model.BlockStateModel$Unbaked
[14:52:55] [Worker-Main-1/DEBUG] (Mod Menu/Update Checker) Hash for modmenu is bcf633dfceb9e5fc47e1d7c6c4d280e25969253a8ad8db74a5590aa594c91684fb0813574dc732a8a4c2b19d5dfe0c388f8ecf5703e1ef633ce5d3cc56578cae
[14:52:55] [Worker-Main-1/DEBUG] (Mod Menu/Update Checker) Hash for fabric-block-api-v1 is c8c9d87750cd9959813672e134cc25c0b604098a528f6d8762b35da84957aecdf894906f1c0a5031abc6c899b2a4549b098f9213414b039d3c193cf20ddcb03f
[14:52:55] [Worker-Main-1/DEBUG] (Mod Menu/Update Checker) Hash for cloth-basic-math is 95ce8f14b93be1b22064d48944140ce2baebe624b3e92d3eca27dc251d67c83a3e7d509be4b84070044b6ebf55d633d9168a505cbf19c09d0189f9135912b28c
[14:52:55] [Worker-Main-1/DEBUG] (Mod Menu/Update Checker) Hash for fabric-tag-api-v1 is 056bb3dcae1e2bd08318f01fea3bd95bb4f984221e6c171bca0fe038e6441c1eadc67834150818c774aff924869868771328a13641b06ebe89ecf5c7688da16b
[14:52:55] [Worker-Main-1/DEBUG] (Mod Menu/Update Checker) Hash for fabric-screen-api-v1 is ce6e9555b5d774d9e01f9a4567b64942bdb47242bc96901fb132940390c16471a0cb7e8f58cb4cf1379ae189da5edef020d5c6c226d353326e86da47a73b74f6
[14:52:55] [Render thread/DEBUG] (FabricLoader/Mixin) Mixing client.block.model.BlockStateModelMixin from fabric-renderer-api-v1.mixins.json into net.minecraft.client.render.model.BlockStateModel
[14:52:55] [Worker-Main-1/DEBUG] (Mod Menu/Update Checker) Hash for fabric-renderer-indigo is bf4995759bbd3d055421572c2a3655fdd75978dc0cae3e2ade3f6d0b215b0c97e43fff94fa7ab59414a5b052f226bb508fdc21f0940722a6e23ab31d91aa7bae
[14:52:55] [Worker-Main-1/DEBUG] (Mod Menu/Update Checker) Hash for fabric-convention-tags-v2 is ae64162838ad93b10adff9a001a8b3e8722b9a20cb4309d3f20d6c5cda81a1744ebbe7dd1f962ceaf708bfe545c5e5472caafad5284feadbf751451527e7630a
[14:52:55] [Worker-Main-1/DEBUG] (Mod Menu/Update Checker) Hash for fabric-api is 3906bf437d0b9c98609e4751fe2521b9fa5fc45cb4a1dc3d0d026b8b64bb8e0f14f878d7912f03df315257658bbda05462c9c40318f83ef400470c84ca477f3a
[14:52:55] [Worker-Main-1/DEBUG] (Mod Menu/Update Checker) Hash for fabric-events-interaction-v0 is 5c992982a491d2d28beb2332edd3c39bd44f8adac487a3bc4c3e525d50d4e042809c04eb85c684c6ef4628f0cc9cb93554b01bfbcf013998286abed639b87136
[14:52:55] [Worker-Main-1/DEBUG] (Mod Menu/Update Checker) Hash for fabric-item-api-v1 is c40d3d9e3ed0238b4a3ae14e84a2c6846184e9d4a861b834112f8c8b7e23de67c2938ff409cd40a6dc9520fe1327fac5020d3b09f6231509b58d0a96ada89bd8
[14:52:55] [Worker-Main-1/DEBUG] (Mod Menu/Update Checker) Hash for fabric-crash-report-info-v1 is 2548928d1b0b168741b42a2da6e452966e9314a535c99e10346556d1befcecaf1e23de99c414b93d336466ee00dae9aa15b86d871051cdced537cecf53bb0021
[14:52:55] [Render thread/DEBUG] (FabricLoader/Mixin) Mixing client.block.model.SingleVariantMixin from fabric-renderer-api-v1.mixins.json into net.minecraft.client.render.model.SimpleBlockStateModel
[14:52:55] [Worker-Main-1/DEBUG] (Mod Menu/Update Checker) Hash for fabric-item-group-api-v1 is 9939c34263e5c42713ff27798889f1db532c9a220b5c86292f419bc1f096d06a7bbed1f7fe4b85ae4250249cb0c6288116f1d0dfdcea2e2c432fb7d0c0eb86b8
[14:52:55] [Worker-Main-1/DEBUG] (Mod Menu/Update Checker) Hash for fabric-convention-tags-v1 is 72d892a7cbf133e6a7e72444938ecf8dce0739b22e31acd8872705107620757b1b70637936c7a308d6759be887d7b6fac3c0340594be0653eda11de5c073708b
[14:52:55] [Worker-Main-1/DEBUG] (Mod Menu/Update Checker) Hash for fabric-recipe-api-v1 is 7a08656b5b601a222acd46080c24fb229633c011f5df64a37ee438cb5cb41f42775c2b8d81b69d7d36c6e9712ac8b8b15ecbfe7e8251132edd1561614ae24c73
[14:52:55] [Worker-Main-1/DEBUG] (Mod Menu/Update Checker) Hash for fabric-entity-events-v1 is 9bf728ab46545b60fdfaf64df807d1cd1192c151c6d832851d50b85fd901cd3c43020d848004416e9bcbb2e262905c4d83e8c852cd4da2e5d3cf6ae52dae03ba
[14:52:55] [Worker-Main-1/DEBUG] (Mod Menu/Update Checker) Hash for fabric-serialization-api-v1 is 642a3d9e4ddacbdd7c070ed6c99da81f2413c058ddd6ea58ead48940bec84f5dd5a04c52c8f1db45cd1a440d900d316ab516c74cef616c0d8af0dc191580f02d
[14:52:55] [Worker-Main-1/DEBUG] (Mod Menu/Update Checker) Hash for fabric-rendering-v1 is bc33cf81a963ea21328af67900544eaf504e6d714e715e787d00f8a3fe7be90f285ff9e5dab89101ca5dac594f92b86aadb9931358e9d1fa7a507031e70dc2dd
[14:52:55] [Worker-Main-1/DEBUG] (Mod Menu/Update Checker) Hash for fabric-key-binding-api-v1 is 228501f1d2e0fe3f3fe25b724c12d9811dcfdb70171bb3c090c6f914ba29e05e9d842a815ced12d9bdea7156139fe3baf0d7f5ca4202bbb6a75921c862d8f6c5
[14:52:55] [Worker-Main-1/DEBUG] (Mod Menu/Update Checker) Hash for fabric-resource-loader-v0 is 08315237cbf6abc9486b19b08bb25a9d63247097551a8f4268db4618105fe4284073ef1a84d7caeac45603ce698476a98b975de8e9bb9a430e6f9b3dd89bf71f
[14:52:55] [Worker-Main-1/DEBUG] (Mod Menu/Update Checker) Hash for fabric-resource-loader-v1 is eb84782c77635f84024d02c063a4b0424fa087e4f2d637df8feca8d69c8a07ec57bc9eebf2cbd18b795c448c5877b3ccc98bda8976218dceb7f307cbc2117f15
[14:52:55] [Worker-Main-1/DEBUG] (Mod Menu/Update Checker) Hash for fabric-content-registries-v0 is 6abea9148e9c306194856e9b3b5402e4c7e7e44b9fff3d5cd36c7756d9eaa6338603019564d3f5a9546ab2e22bfd26d425fada9c04c42f90ebb0944eca7cfa51
[14:52:55] [Worker-Main-1/DEBUG] (Mod Menu/Update Checker) Hash for fabric-block-view-api-v2 is 193e33455afa4568899b8439b17cf66fe7493c1b7747b63b487be995a786b68211080f9160e5fb313edfee23c802b051de6636c60cc8b833d0fc3ed1e4dd6c94
[14:52:55] [Worker-Main-1/DEBUG] (Mod Menu/Update Checker) Hash for fabric-gametest-api-v1 is 8fc7e8f7b131f0b0263dc340de2971eb17c23069d06c5da1040290d36f19f88900a972ee6535228521cfc1f8f02ef49a50e193aaf486f620e5228a3216049283
[14:52:55] [Worker-Main-1/DEBUG] (Mod Menu/Update Checker) Hash for fabric-biome-api-v1 is 8700ff33f2e33deb29fc374a6282c6d677d3af9c4fc3ee3cfc5756160bde0e5a5cb230168ad2c1b1f6d66b49904ef9fc0bf65cfc6073c6142b0e823c4a37fb1e
[14:52:55] [Worker-Main-1/DEBUG] (Mod Menu/Update Checker) Hash for fabric-loot-api-v3 is e3b63ce8a6853668bb62e90bde0f5703113e2ebea0f3add16ce0c497fc2fbc87b34e4d4c2f43d30d95ca840495b440970ad079c050385805c19ed1c20af4ac78
[14:52:55] [Render thread/DEBUG] (FabricLoader/Mixin) Mixing SimpleRegistryTagLookup2Accessor from fabric-tag-api-v1.mixins.json into net.minecraft.registry.SimpleRegistry$TagLookup$2
[14:52:55] [Worker-Main-1/DEBUG] (Mod Menu/Update Checker) Hash for fabric-loot-api-v2 is 261de5680395169eb9224d4bd2f45714f53e6c2a80c965ec8026388af027859e46a9761de9002472ad7c8f5aa4732bb3a56ceccc56d2cc68c232a193b5c1e87a
[14:52:55] [Worker-Main-1/DEBUG] (Mod Menu/Update Checker) Hash for fabric-registry-sync-v0 is 436984d1570b801883bbeeee4b81e049ff18e378e5f1430a0b40d142b743b835697637a6008b55921e2c7e4cf25ecede6b7af06e0b9aafb2ab0071e3b4635f6e
[14:52:55] [Worker-Main-1/DEBUG] (Mod Menu/Update Checker) Hash for fabric-message-api-v1 is 1d8e4fa76aff799c1f990a7c4443ee06376a56d2f63c9da3450861cdd4fdd5196504690d1428a6304856445a37121be687865ea3515a6f6cf1ae209731a4884c
[14:52:55] [Worker-Main-1/DEBUG] (Mod Menu/Update Checker) Hash for fabric-transitive-access-wideners-v1 is 64f9f590d9109c2ec235fdd993bbf08e94dc145c20c9e26382dcd7a2af46dc9e459412a30bee37c54047ccd12daf0c96bdf17a3ba9c04b97158a0d56e16fe335
[14:52:55] [Worker-Main-1/DEBUG] (Mod Menu/Update Checker) Hash for cloth-config is e5649442a022d42671a5a7719c76d85e72ed48e2e190fad3a8de00c01047522553d28d8e8807671176b11534b5e2ad401ed39e501c4e027548d33bbe53d06819
[14:52:55] [Worker-Main-1/DEBUG] (Mod Menu/Update Checker) Hash for fabric-networking-api-v1 is a5aaed94fe28efdc3a128e86f1fae6baef765d8fd48b4f0ffec4d097b52e3337a9f0bf5522b54269058991159a29585078ed4865cb75f4082ec866214d8a7c6c
[14:52:55] [ModMenu/Update Checker/2/DEBUG] (Mod Menu/Update Checker) Body: {
  "hashes": [
    "70a9d10af9c37cf9a75c2e5d9acffeb55b6ed816fb2e1a9b1cc418325d0193e254310acc29d0e5af72c65776bc411447707baf6f928293d4857ca2ca47880e18",
    "193e33455afa4568899b8439b17cf66fe7493c1b7747b63b487be995a786b68211080f9160e5fb313edfee23c802b051de6636c60cc8b833d0fc3ed1e4dd6c94",
    "5fae4497b10cc234bbc78bf59122a5a551dced88946532dd06abc2904112cbba3cf5f8f85b3ea09a79f26988a4d0a6416fad5bd14a4030b9e943452f32727bcb",
    "1d8e4fa76aff799c1f990a7c4443ee06376a56d2f63c9da3450861cdd4fdd5196504690d1428a6304856445a37121be687865ea3515a6f6cf1ae209731a4884c",
    "ae64162838ad93b10adff9a001a8b3e8722b9a20cb4309d3f20d6c5cda81a1744ebbe7dd1f962ceaf708bfe545c5e5472caafad5284feadbf751451527e7630a",
    "72d892a7cbf133e6a7e72444938ecf8dce0739b22e31acd8872705107620757b1b70637936c7a308d6759be887d7b6fac3c0340594be0653eda11de5c073708b",
    "7a06eaf923775cf0d43fef2887ec173dd594978a33d0cfc129740c070f81eb64be7d6fd2a8ee0b4031588a13269d6c4f22d37596204d61bfae2b7011c79f1795",
    "6abea9148e9c306194856e9b3b5402e4c7e7e44b9fff3d5cd36c7756d9eaa6338603019564d3f5a9546ab2e22bfd26d425fada9c04c42f90ebb0944eca7cfa51",
    "662569eac1cf6cee5e8ce56925b2cf522e6c35279094b8b518b679d59cb1f453c34b91eecdd3226cafb4b4063044b418d25ce6ffaea410c7ac2670180533c30a",
    "2548928d1b0b168741b42a2da6e452966e9314a535c99e10346556d1befcecaf1e23de99c414b93d336466ee00dae9aa15b86d871051cdced537cecf53bb0021",
    "c7d4ed0b3fe2ee7b33581dc4a3d4711054aeceafe97ddd28407e17b38fc4c3483fac7d5e3490d91a4e6402892d3a5dd2d8a3d3208ff0df3517a68e884b515192",
    "8fc7e8f7b131f0b0263dc340de2971eb17c23069d06c5da1040290d36f19f88900a972ee6535228521cfc1f8f02ef49a50e193aaf486f620e5228a3216049283",
    "65d90c9d8007b447678a542aa463657c01bd32b7db31e6ee24823b58050552f8caf2ce14196e13228ed8dacb84bfb28a595b9688668f39ec676cd6d833cedebe",
    "a5aaed94fe28efdc3a128e86f1fae6baef765d8fd48b4f0ffec4d097b52e3337a9f0bf5522b54269058991159a29585078ed4865cb75f4082ec866214d8a7c6c",
    "e3b63ce8a6853668bb62e90bde0f5703113e2ebea0f3add16ce0c497fc2fbc87b34e4d4c2f43d30d95ca840495b440970ad079c050385805c19ed1c20af4ac78",
    "4053f53d6b9993f0afb6e863647f65ffcec2b4ac6f566bf97df1855010cee87a65a1cf3a10781017afb0eac7d78ef882f4cb32c6df1175de0576287a7f486e87",
    "145eecfd4ff1c7204f9aaecf77c8e632c7ad18784487d075d3b62a38a020802a8fa12e7cb2278f25da82243805d3936555d172028402fc495eed6c5ef517a850",
    "228501f1d2e0fe3f3fe25b724c12d9811dcfdb70171bb3c090c6f914ba29e05e9d842a815ced12d9bdea7156139fe3baf0d7f5ca4202bbb6a75921c862d8f6c5",
    "bcf633dfceb9e5fc47e1d7c6c4d280e25969253a8ad8db74a5590aa594c91684fb0813574dc732a8a4c2b19d5dfe0c388f8ecf5703e1ef633ce5d3cc56578cae",
    "056bb3dcae1e2bd08318f01fea3bd95bb4f984221e6c171bca0fe038e6441c1eadc67834150818c774aff924869868771328a13641b06ebe89ecf5c7688da16b",
    "8700ff33f2e33deb29fc374a6282c6d677d3af9c4fc3ee3cfc5756160bde0e5a5cb230168ad2c1b1f6d66b49904ef9fc0bf65cfc6073c6142b0e823c4a37fb1e",
    "1665e5d9f2cb1d62eaa69f935a89a62580a87a39cb395f844c0de5084d70186d2adeb3be978ed483f363d30455b2f2ecd5cec337f404773143e11d02e3ec7468",
    "1412af6076c8def12bd8f756d912a89162d4b2995d7ad49de733ea217f2f5d1ef33ede8cea9f8f187e7cbec52647babe347d2d23156e9022a1c30963d0531b25",
    "95ce8f14b93be1b22064d48944140ce2baebe624b3e92d3eca27dc251d67c83a3e7d509be4b84070044b6ebf55d633d9168a505cbf19c09d0189f9135912b28c",
    "9e1c38c3ee293b1bc29331a9d61ad9141b707f21555e38ef56381e9ccd280253f41056da1b86db7f3a4ebb6739e47c4021216dd5d6f0b92044d96a5efc84564e",
    "3906bf437d0b9c98609e4751fe2521b9fa5fc45cb4a1dc3d0d026b8b64bb8e0f14f878d7912f03df315257658bbda05462c9c40318f83ef400470c84ca477f3a",
    "c40d3d9e3ed0238b4a3ae14e84a2c6846184e9d4a861b834112f8c8b7e23de67c2938ff409cd40a6dc9520fe1327fac5020d3b09f6231509b58d0a96ada89bd8",
    "08315237cbf6abc9486b19b08bb25a9d63247097551a8f4268db4618105fe4284073ef1a84d7caeac45603ce698476a98b975de8e9bb9a430e6f9b3dd89bf71f",
    "5c992982a491d2d28beb2332edd3c39bd44f8adac487a3bc4c3e525d50d4e042809c04eb85c684c6ef4628f0cc9cb93554b01bfbcf013998286abed639b87136",
    "7a08656b5b601a222acd46080c24fb229633c011f5df64a37ee438cb5cb41f42775c2b8d81b69d7d36c6e9712ac8b8b15ecbfe7e8251132edd1561614ae24c73",
    "fdea0aac545f8a8392a284ab39eac378e956005a31c5ee35ca40e32bbe1ba3add98937b883ebbf70ee687fe2e1d9c57e5f351989493b5172f8b1978eaf76844c",
    "c33d09a1367b53da4ffea445e6dbb8e52f0d29fa2a0639af9d375ad8b3aa7b8a83856fb407cdaa4d2680c9469ef31debcf24f38c1fee70261362da6d7c75eb73",
    "9939c34263e5c42713ff27798889f1db532c9a220b5c86292f419bc1f096d06a7bbed1f7fe4b85ae4250249cb0c6288116f1d0dfdcea2e2c432fb7d0c0eb86b8",
    "436984d1570b801883bbeeee4b81e049ff18e378e5f1430a0b40d142b743b835697637a6008b55921e2c7e4cf25ecede6b7af06e0b9aafb2ab0071e3b4635f6e",
    "642a3d9e4ddacbdd7c070ed6c99da81f2413c058ddd6ea58ead48940bec84f5dd5a04c52c8f1db45cd1a440d900d316ab516c74cef616c0d8af0dc191580f02d",
    "64f9f590d9109c2ec235fdd993bbf08e94dc145c20c9e26382dcd7a2af46dc9e459412a30bee37c54047ccd12daf0c96bdf17a3ba9c04b97158a0d56e16fe335",
    "bfb80bb76574755d2a295dd7bdaf84f10e5b3ff9b0d0132510f77fcc7905ccd55c2a2245164b937ea18c873064768f7ffbdd0f2ce516ac73eb584ecb57cfd6a8",
    "754bdaec595bc48976bba47c4019fe5276c5d3975ae0892e6653a04e701e03af49b2f84d5c598f5e1e9618494b35b14ed9df55b193394f217881af9f5d60a0c5",
    "9bf728ab46545b60fdfaf64df807d1cd1192c151c6d832851d50b85fd901cd3c43020d848004416e9bcbb2e262905c4d83e8c852cd4da2e5d3cf6ae52dae03ba",
    "bc33cf81a963ea21328af67900544eaf504e6d714e715e787d00f8a3fe7be90f285ff9e5dab89101ca5dac594f92b86aadb9931358e9d1fa7a507031e70dc2dd",
    "0a6437bb9c2801c72216395b5209c53cca00efff989e48ef2b975a61ce423898ff729191d333c8bb2b90392f92c88d6aad47c4eea0213586ae468a59455f37f3",
    "5066994dd1a219304655c4efdf7235a1c461cd2c5780761de5371aca3d763e818d8e42d07b312a84c53ed5edf58d329aa60502228111db4deb3ef273c37844c8",
    "ce6e9555b5d774d9e01f9a4567b64942bdb47242bc96901fb132940390c16471a0cb7e8f58cb4cf1379ae189da5edef020d5c6c226d353326e86da47a73b74f6",
    "261de5680395169eb9224d4bd2f45714f53e6c2a80c965ec8026388af027859e46a9761de9002472ad7c8f5aa4732bb3a56ceccc56d2cc68c232a193b5c1e87a",
    "c8c9d87750cd9959813672e134cc25c0b604098a528f6d8762b35da84957aecdf894906f1c0a5031abc6c899b2a4549b098f9213414b039d3c193cf20ddcb03f",
    "eb84782c77635f84024d02c063a4b0424fa087e4f2d637df8feca8d69c8a07ec57bc9eebf2cbd18b795c448c5877b3ccc98bda8976218dceb7f307cbc2117f15",
    "e5649442a022d42671a5a7719c76d85e72ed48e2e190fad3a8de00c01047522553d28d8e8807671176b11534b5e2ad401ed39e501c4e027548d33bbe53d06819",
    "e225e008fdd648e702032a8f1c488624ed2ec7e05ab70522b6a047e8d7eb19ee495afb30327adccf7e0e502f805c82fde81a5008357b8629de294d62a59d69bf",
    "b46ac5157bfe2a503eeaa7686d58d5df645d63545584b2a3adbf46ed596a0fbeacb401603586e82a14435512d9c66528f0f90e4cefbb14ce93f369c00a3381d3",
    "bf4995759bbd3d055421572c2a3655fdd75978dc0cae3e2ade3f6d0b215b0c97e43fff94fa7ab59414a5b052f226bb508fdc21f0940722a6e23ab31d91aa7bae"
  ],
  "algorithm": "sha512",
  "loaders": [
    "fabric"
  ],
  "game_versions": [
    "1.21.11"
  ],
  "version_types": [
    "release"
  ]
}
[14:52:55] [Render thread/DEBUG] (FabricLoader/Mixin) Mixing OptionsMixin from fabric-resource-loader-v1.client.mixins.json into net.minecraft.client.option.GameOptions
[14:52:55] [Render thread/DEBUG] (FabricLoader/Mixin) Mixing OptionsMixin from fabric-key-binding-api-v1.mixins.json into net.minecraft.client.option.GameOptions
[14:52:55] [Render thread/DEBUG] (FabricLoader/Mixin) fabric-resource-loader-v1.client.mixins.json:OptionsMixin from mod fabric-resource-loader-v1->@Inject::onLoad(Lorg/spongepowered/asm/mixin/injection/callback/CallbackInfo;)V doesn't use it's CallbackInfo
[14:52:55] [Render thread/DEBUG] (FabricLoader/Mixin) fabric-resource-loader-v1.client.mixins.json:OptionsMixin from mod fabric-resource-loader-v1->@Inject::onLoad(Lorg/spongepowered/asm/mixin/injection/callback/CallbackInfo;)V has 0 override(s) in child classes
[14:52:55] [Render thread/DEBUG] (FabricLoader/Mixin) fabric-resource-loader-v1.client.mixins.json:OptionsMixin from mod fabric-resource-loader-v1->@Inject::onLoad(Lorg/spongepowered/asm/mixin/injection/callback/CallbackInfo;)V won't be passed a CallbackInfo as a result
[14:52:55] [Render thread/DEBUG] (FabricLoader/Mixin) fabric-resource-loader-v1.client.mixins.json:OptionsMixin from mod fabric-resource-loader-v1->@Inject::onLoad(Lorg/spongepowered/asm/mixin/injection/callback/CallbackInfo;)V doesn't use it's CallbackInfo
[14:52:55] [Render thread/DEBUG] (FabricLoader/Mixin) fabric-resource-loader-v1.client.mixins.json:OptionsMixin from mod fabric-resource-loader-v1->@Inject::onLoad(Lorg/spongepowered/asm/mixin/injection/callback/CallbackInfo;)V has 0 override(s) in child classes
[14:52:55] [Render thread/DEBUG] (FabricLoader/Mixin) fabric-resource-loader-v1.client.mixins.json:OptionsMixin from mod fabric-resource-loader-v1->@Inject::onLoad(Lorg/spongepowered/asm/mixin/injection/callback/CallbackInfo;)V won't be passed a CallbackInfo as a result
[14:52:55] [Render thread/DEBUG] (FabricLoader/Mixin) fabric-key-binding-api-v1.mixins.json:OptionsMixin from mod fabric-key-binding-api-v1->@Inject::loadHook(Lorg/spongepowered/asm/mixin/injection/callback/CallbackInfo;)V doesn't use it's CallbackInfo
[14:52:55] [Render thread/DEBUG] (FabricLoader/Mixin) fabric-key-binding-api-v1.mixins.json:OptionsMixin from mod fabric-key-binding-api-v1->@Inject::loadHook(Lorg/spongepowered/asm/mixin/injection/callback/CallbackInfo;)V has 0 override(s) in child classes
[14:52:55] [Render thread/DEBUG] (FabricLoader/Mixin) fabric-key-binding-api-v1.mixins.json:OptionsMixin from mod fabric-key-binding-api-v1->@Inject::loadHook(Lorg/spongepowered/asm/mixin/injection/callback/CallbackInfo;)V won't be passed a CallbackInfo as a result
[14:52:55] [Render thread/DEBUG] (FabricLoader/Mixin) Mixing PackMixin from fabric-resource-loader-v1.mixins.json into net.minecraft.resource.ResourcePackProfile
[14:52:55] [Render thread/DEBUG] (FabricLoader/Mixin) Renaming synthetic method lambda$static$0(Ljava/util/Set;)Z to md66d4ed$fabric-resource-loader-v1$lambda$static$0$0 in fabric-resource-loader-v1.mixins.json:PackMixin from mod fabric-resource-loader-v1
[14:52:55] [Render thread/DEBUG] (FabricLoader/Mixin) Mixing PackMixin from fabric-resource-conditions-api-v1.mixins.json into net.minecraft.resource.ResourcePackProfile
[14:52:55] [Render thread/DEBUG] (FabricLoader/Mixin) fabric-resource-loader-v1.mixins.json:PackMixin from mod fabric-resource-loader-v1->@Inject::onCreateResourcePack(Lorg/spongepowered/asm/mixin/injection/callback/CallbackInfoReturnable;)V does use it's CallbackInfoReturnable
[14:52:55] [ModMenu/Update Checker/Fabric Loader/DEBUG] (Mod Menu/Fabric Update Checker) Fabric Loader has a matching update available!
[14:52:55] [ModMenu/Update Checker/Fabric Loader/INFO] (Mod Menu/Update Checker) Update available for 'fabricloader@0.18.4'
[14:52:55] [Render thread/DEBUG] (FabricLoader/Mixin) Mixing GameOptionsWriteVisitorMixin from fabric-resource-loader-v1.client.mixins.json into net.minecraft.client.option.GameOptions$3
[14:52:55] [Render thread/INFO] (net.minecraft.client.MinecraftClient) Backend library: LWJGL version 3.3.3-snapshot
[14:52:55] [ModMenu/Update Checker/2/DEBUG] (Mod Menu/Update Checker) Status: 200
[14:52:55] [ModMenu/Update Checker/2/DEBUG] (Mod Menu/Update Checker) {}
[14:52:55] [Render thread/DEBUG] (FabricLoader/Mixin) Mixing MouseMixin from simplebuilding.client.mixins.json into net.minecraft.client.Mouse
[14:52:55] [Render thread/DEBUG] (FabricLoader/Mixin) Mixing MouseHandlerMixin from fabric-screen-api-v1.mixins.json into net.minecraft.client.Mouse
[14:52:55] [Render thread/DEBUG] (FabricLoader/Mixin) simplebuilding.client.mixins.json:MouseMixin from mod simplebuilding->@Inject::onScroll(JDDLorg/spongepowered/asm/mixin/injection/callback/CallbackInfo;)V does use it's CallbackInfo
[14:52:55] [Render thread/DEBUG] (FabricLoader/Mixin) Mixing KeyboardHandlerMixin from fabric-screen-api-v1.mixins.json into net.minecraft.client.Keyboard
[14:52:55] [Render thread/INFO] (net.minecraft.client.MinecraftClient) Using optional rendering extensions: GL_ARB_buffer_storage, GL_KHR_debug, GL_ARB_vertex_attrib_binding, GL_ARB_direct_state_access, GL_EXT_texture_filter_anisotropic
[14:52:55] [Render thread/DEBUG] (FabricLoader/Mixin) Mixing MultiPackResourceManagerMixin from fabric-resource-loader-v1.mixins.json into net.minecraft.resource.LifecycledResourceManagerImpl
[14:52:55] [Render thread/DEBUG] (FabricLoader/Mixin) fabric-resource-loader-v1.mixins.json:MultiPackResourceManagerMixin from mod fabric-resource-loader-v1->@Inject::init(Lnet/minecraft/resource/ResourceType;Ljava/util/List;Lorg/spongepowered/asm/mixin/injection/callback/CallbackInfo;)V doesn't use it's CallbackInfo
[14:52:55] [Render thread/DEBUG] (FabricLoader/Mixin) fabric-resource-loader-v1.mixins.json:MultiPackResourceManagerMixin from mod fabric-resource-loader-v1->@Inject::init(Lnet/minecraft/resource/ResourceType;Ljava/util/List;Lorg/spongepowered/asm/mixin/injection/callback/CallbackInfo;)V has 0 override(s) in child classes
[14:52:55] [Render thread/DEBUG] (FabricLoader/Mixin) fabric-resource-loader-v1.mixins.json:MultiPackResourceManagerMixin from mod fabric-resource-loader-v1->@Inject::init(Lnet/minecraft/resource/ResourceType;Ljava/util/List;Lorg/spongepowered/asm/mixin/injection/callback/CallbackInfo;)V won't be passed a CallbackInfo as a result
[14:52:55] [Render thread/DEBUG] (net.fabricmc.fabric.impl.resource.pack.ModPackResourcesUtil) [Fabric] Starting internal pack sorting with: [vanilla, cloth-config, fabric-api, fabric-api-base, fabric-api-lookup-api-v1, fabric-biome-api-v1, fabric-block-api-v1, fabric-block-view-api-v2, fabric-client-gametest-api-v1, fabric-command-api-v2, fabric-content-registries-v0, fabric-convention-tags-v1, fabric-convention-tags-v2, fabric-crash-report-info-v1, fabric-data-attachment-api-v1, fabric-data-generation-api-v1, fabric-dimensions-v1, fabric-entity-events-v1, fabric-events-interaction-v0, fabric-game-rule-api-v1, fabric-gametest-api-v1, fabric-item-api-v1, fabric-item-group-api-v1, fabric-item-group-api-v1_programmer_art, fabric-key-binding-api-v1, fabric-lifecycle-events-v1, fabric-loot-api-v2, fabric-loot-api-v3, fabric-message-api-v1, fabric-model-loading-api-v1, fabric-networking-api-v1, fabric-object-builder-api-v1, fabric-particles-v1, fabric-recipe-api-v1, fabric-registry-sync-v0, fabric-renderer-api-v1, fabric-renderer-indigo, fabric-rendering-fluids-v1, fabric-rendering-v1, fabric-resource-conditions-api-v1, fabric-resource-loader-v0, fabric-resource-loader-v1, fabric-screen-api-v1, fabric-screen-handler-api-v1, fabric-serialization-api-v1, fabric-sound-api-v1, fabric-tag-api-v1, fabric-transfer-api-v1, fabric-transitive-access-wideners-v1, fabricloader, modmenu, modmenu_high_contrast, modmenu_programmer_art, simplebuilding]
[14:52:55] [Render thread/DEBUG] (net.fabricmc.fabric.impl.resource.pack.ModPackResourcesUtil) [Fabric] Removed all internal packs, result: [vanilla]
[14:52:55] [Render thread/DEBUG] (net.fabricmc.fabric.impl.resource.pack.ModPackResourcesUtil) [Fabric] cur @ vanilla, auto-enabled cloth-config, currently enabled: [vanilla, cloth-config]
[14:52:55] [Render thread/DEBUG] (net.fabricmc.fabric.impl.resource.pack.ModPackResourcesUtil) [Fabric] cur @ vanilla, auto-enabled fabric-api, currently enabled: [vanilla, cloth-config, fabric-api]
[14:52:55] [Render thread/DEBUG] (net.fabricmc.fabric.impl.resource.pack.ModPackResourcesUtil) [Fabric] cur @ vanilla, auto-enabled fabric-api-base, currently enabled: [vanilla, cloth-config, fabric-api, fabric-api-base]
[14:52:55] [Render thread/DEBUG] (net.fabricmc.fabric.impl.resource.pack.ModPackResourcesUtil) [Fabric] cur @ vanilla, auto-enabled fabric-api-lookup-api-v1, currently enabled: [vanilla, cloth-config, fabric-api, fabric-api-base, fabric-api-lookup-api-v1]
[14:52:55] [Render thread/DEBUG] (net.fabricmc.fabric.impl.resource.pack.ModPackResourcesUtil) [Fabric] cur @ vanilla, auto-enabled fabric-biome-api-v1, currently enabled: [vanilla, cloth-config, fabric-api, fabric-api-base, fabric-api-lookup-api-v1, fabric-biome-api-v1]
[14:52:55] [Render thread/DEBUG] (net.fabricmc.fabric.impl.resource.pack.ModPackResourcesUtil) [Fabric] cur @ vanilla, auto-enabled fabric-block-api-v1, currently enabled: [vanilla, cloth-config, fabric-api, fabric-api-base, fabric-api-lookup-api-v1, fabric-biome-api-v1, fabric-block-api-v1]
[14:52:55] [Render thread/DEBUG] (net.fabricmc.fabric.impl.resource.pack.ModPackResourcesUtil) [Fabric] cur @ vanilla, auto-enabled fabric-block-view-api-v2, currently enabled: [vanilla, cloth-config, fabric-api, fabric-api-base, fabric-api-lookup-api-v1, fabric-biome-api-v1, fabric-block-api-v1, fabric-block-view-api-v2]
[14:52:55] [Render thread/DEBUG] (net.fabricmc.fabric.impl.resource.pack.ModPackResourcesUtil) [Fabric] cur @ vanilla, auto-enabled fabric-client-gametest-api-v1, currently enabled: [vanilla, cloth-config, fabric-api, fabric-api-base, fabric-api-lookup-api-v1, fabric-biome-api-v1, fabric-block-api-v1, fabric-block-view-api-v2, fabric-client-gametest-api-v1]
[14:52:55] [Render thread/DEBUG] (net.fabricmc.fabric.impl.resource.pack.ModPackResourcesUtil) [Fabric] cur @ vanilla, auto-enabled fabric-command-api-v2, currently enabled: [vanilla, cloth-config, fabric-api, fabric-api-base, fabric-api-lookup-api-v1, fabric-biome-api-v1, fabric-block-api-v1, fabric-block-view-api-v2, fabric-client-gametest-api-v1, fabric-command-api-v2]
[14:52:55] [Render thread/DEBUG] (net.fabricmc.fabric.impl.resource.pack.ModPackResourcesUtil) [Fabric] cur @ vanilla, auto-enabled fabric-content-registries-v0, currently enabled: [vanilla, cloth-config, fabric-api, fabric-api-base, fabric-api-lookup-api-v1, fabric-biome-api-v1, fabric-block-api-v1, fabric-block-view-api-v2, fabric-client-gametest-api-v1, fabric-command-api-v2, fabric-content-registries-v0]
[14:52:55] [Render thread/DEBUG] (net.fabricmc.fabric.impl.resource.pack.ModPackResourcesUtil) [Fabric] cur @ vanilla, auto-enabled fabric-convention-tags-v1, currently enabled: [vanilla, cloth-config, fabric-api, fabric-api-base, fabric-api-lookup-api-v1, fabric-biome-api-v1, fabric-block-api-v1, fabric-block-view-api-v2, fabric-client-gametest-api-v1, fabric-command-api-v2, fabric-content-registries-v0, fabric-convention-tags-v1]
[14:52:55] [Render thread/DEBUG] (net.fabricmc.fabric.impl.resource.pack.ModPackResourcesUtil) [Fabric] cur @ vanilla, auto-enabled fabric-convention-tags-v2, currently enabled: [vanilla, cloth-config, fabric-api, fabric-api-base, fabric-api-lookup-api-v1, fabric-biome-api-v1, fabric-block-api-v1, fabric-block-view-api-v2, fabric-client-gametest-api-v1, fabric-command-api-v2, fabric-content-registries-v0, fabric-convention-tags-v1, fabric-convention-tags-v2]
[14:52:55] [Render thread/DEBUG] (net.fabricmc.fabric.impl.resource.pack.ModPackResourcesUtil) [Fabric] cur @ vanilla, auto-enabled fabric-crash-report-info-v1, currently enabled: [vanilla, cloth-config, fabric-api, fabric-api-base, fabric-api-lookup-api-v1, fabric-biome-api-v1, fabric-block-api-v1, fabric-block-view-api-v2, fabric-client-gametest-api-v1, fabric-command-api-v2, fabric-content-registries-v0, fabric-convention-tags-v1, fabric-convention-tags-v2, fabric-crash-report-info-v1]
[14:52:55] [Render thread/DEBUG] (net.fabricmc.fabric.impl.resource.pack.ModPackResourcesUtil) [Fabric] cur @ vanilla, auto-enabled fabric-data-attachment-api-v1, currently enabled: [vanilla, cloth-config, fabric-api, fabric-api-base, fabric-api-lookup-api-v1, fabric-biome-api-v1, fabric-block-api-v1, fabric-block-view-api-v2, fabric-client-gametest-api-v1, fabric-command-api-v2, fabric-content-registries-v0, fabric-convention-tags-v1, fabric-convention-tags-v2, fabric-crash-report-info-v1, fabric-data-attachment-api-v1]
[14:52:55] [Render thread/DEBUG] (net.fabricmc.fabric.impl.resource.pack.ModPackResourcesUtil) [Fabric] cur @ vanilla, auto-enabled fabric-data-generation-api-v1, currently enabled: [vanilla, cloth-config, fabric-api, fabric-api-base, fabric-api-lookup-api-v1, fabric-biome-api-v1, fabric-block-api-v1, fabric-block-view-api-v2, fabric-client-gametest-api-v1, fabric-command-api-v2, fabric-content-registries-v0, fabric-convention-tags-v1, fabric-convention-tags-v2, fabric-crash-report-info-v1, fabric-data-attachment-api-v1, fabric-data-generation-api-v1]
[14:52:55] [Render thread/DEBUG] (net.fabricmc.fabric.impl.resource.pack.ModPackResourcesUtil) [Fabric] cur @ vanilla, auto-enabled fabric-dimensions-v1, currently enabled: [vanilla, cloth-config, fabric-api, fabric-api-base, fabric-api-lookup-api-v1, fabric-biome-api-v1, fabric-block-api-v1, fabric-block-view-api-v2, fabric-client-gametest-api-v1, fabric-command-api-v2, fabric-content-registries-v0, fabric-convention-tags-v1, fabric-convention-tags-v2, fabric-crash-report-info-v1, fabric-data-attachment-api-v1, fabric-data-generation-api-v1, fabric-dimensions-v1]
[14:52:55] [Render thread/DEBUG] (net.fabricmc.fabric.impl.resource.pack.ModPackResourcesUtil) [Fabric] cur @ vanilla, auto-enabled fabric-entity-events-v1, currently enabled: [vanilla, cloth-config, fabric-api, fabric-api-base, fabric-api-lookup-api-v1, fabric-biome-api-v1, fabric-block-api-v1, fabric-block-view-api-v2, fabric-client-gametest-api-v1, fabric-command-api-v2, fabric-content-registries-v0, fabric-convention-tags-v1, fabric-convention-tags-v2, fabric-crash-report-info-v1, fabric-data-attachment-api-v1, fabric-data-generation-api-v1, fabric-dimensions-v1, fabric-entity-events-v1]
[14:52:55] [Render thread/DEBUG] (net.fabricmc.fabric.impl.resource.pack.ModPackResourcesUtil) [Fabric] cur @ vanilla, auto-enabled fabric-events-interaction-v0, currently enabled: [vanilla, cloth-config, fabric-api, fabric-api-base, fabric-api-lookup-api-v1, fabric-biome-api-v1, fabric-block-api-v1, fabric-block-view-api-v2, fabric-client-gametest-api-v1, fabric-command-api-v2, fabric-content-registries-v0, fabric-convention-tags-v1, fabric-convention-tags-v2, fabric-crash-report-info-v1, fabric-data-attachment-api-v1, fabric-data-generation-api-v1, fabric-dimensions-v1, fabric-entity-events-v1, fabric-events-interaction-v0]
[14:52:55] [Render thread/DEBUG] (net.fabricmc.fabric.impl.resource.pack.ModPackResourcesUtil) [Fabric] cur @ vanilla, auto-enabled fabric-game-rule-api-v1, currently enabled: [vanilla, cloth-config, fabric-api, fabric-api-base, fabric-api-lookup-api-v1, fabric-biome-api-v1, fabric-block-api-v1, fabric-block-view-api-v2, fabric-client-gametest-api-v1, fabric-command-api-v2, fabric-content-registries-v0, fabric-convention-tags-v1, fabric-convention-tags-v2, fabric-crash-report-info-v1, fabric-data-attachment-api-v1, fabric-data-generation-api-v1, fabric-dimensions-v1, fabric-entity-events-v1, fabric-events-interaction-v0, fabric-game-rule-api-v1]
[14:52:55] [Render thread/DEBUG] (net.fabricmc.fabric.impl.resource.pack.ModPackResourcesUtil) [Fabric] cur @ vanilla, auto-enabled fabric-gametest-api-v1, currently enabled: [vanilla, cloth-config, fabric-api, fabric-api-base, fabric-api-lookup-api-v1, fabric-biome-api-v1, fabric-block-api-v1, fabric-block-view-api-v2, fabric-client-gametest-api-v1, fabric-command-api-v2, fabric-content-registries-v0, fabric-convention-tags-v1, fabric-convention-tags-v2, fabric-crash-report-info-v1, fabric-data-attachment-api-v1, fabric-data-generation-api-v1, fabric-dimensions-v1, fabric-entity-events-v1, fabric-events-interaction-v0, fabric-game-rule-api-v1, fabric-gametest-api-v1]
[14:52:55] [Render thread/DEBUG] (net.fabricmc.fabric.impl.resource.pack.ModPackResourcesUtil) [Fabric] cur @ vanilla, auto-enabled fabric-item-api-v1, currently enabled: [vanilla, cloth-config, fabric-api, fabric-api-base, fabric-api-lookup-api-v1, fabric-biome-api-v1, fabric-block-api-v1, fabric-block-view-api-v2, fabric-client-gametest-api-v1, fabric-command-api-v2, fabric-content-registries-v0, fabric-convention-tags-v1, fabric-convention-tags-v2, fabric-crash-report-info-v1, fabric-data-attachment-api-v1, fabric-data-generation-api-v1, fabric-dimensions-v1, fabric-entity-events-v1, fabric-events-interaction-v0, fabric-game-rule-api-v1, fabric-gametest-api-v1, fabric-item-api-v1]
[14:52:55] [Render thread/DEBUG] (net.fabricmc.fabric.impl.resource.pack.ModPackResourcesUtil) [Fabric] cur @ vanilla, auto-enabled fabric-item-group-api-v1, currently enabled: [vanilla, cloth-config, fabric-api, fabric-api-base, fabric-api-lookup-api-v1, fabric-biome-api-v1, fabric-block-api-v1, fabric-block-view-api-v2, fabric-client-gametest-api-v1, fabric-command-api-v2, fabric-content-registries-v0, fabric-convention-tags-v1, fabric-convention-tags-v2, fabric-crash-report-info-v1, fabric-data-attachment-api-v1, fabric-data-generation-api-v1, fabric-dimensions-v1, fabric-entity-events-v1, fabric-events-interaction-v0, fabric-game-rule-api-v1, fabric-gametest-api-v1, fabric-item-api-v1, fabric-item-group-api-v1]
[14:52:55] [Render thread/DEBUG] (net.fabricmc.fabric.impl.resource.pack.ModPackResourcesUtil) [Fabric] cur @ vanilla, auto-enabled fabric-key-binding-api-v1, currently enabled: [vanilla, cloth-config, fabric-api, fabric-api-base, fabric-api-lookup-api-v1, fabric-biome-api-v1, fabric-block-api-v1, fabric-block-view-api-v2, fabric-client-gametest-api-v1, fabric-command-api-v2, fabric-content-registries-v0, fabric-convention-tags-v1, fabric-convention-tags-v2, fabric-crash-report-info-v1, fabric-data-attachment-api-v1, fabric-data-generation-api-v1, fabric-dimensions-v1, fabric-entity-events-v1, fabric-events-interaction-v0, fabric-game-rule-api-v1, fabric-gametest-api-v1, fabric-item-api-v1, fabric-item-group-api-v1, fabric-key-binding-api-v1]
[14:52:55] [Render thread/DEBUG] (net.fabricmc.fabric.impl.resource.pack.ModPackResourcesUtil) [Fabric] cur @ vanilla, auto-enabled fabric-lifecycle-events-v1, currently enabled: [vanilla, cloth-config, fabric-api, fabric-api-base, fabric-api-lookup-api-v1, fabric-biome-api-v1, fabric-block-api-v1, fabric-block-view-api-v2, fabric-client-gametest-api-v1, fabric-command-api-v2, fabric-content-registries-v0, fabric-convention-tags-v1, fabric-convention-tags-v2, fabric-crash-report-info-v1, fabric-data-attachment-api-v1, fabric-data-generation-api-v1, fabric-dimensions-v1, fabric-entity-events-v1, fabric-events-interaction-v0, fabric-game-rule-api-v1, fabric-gametest-api-v1, fabric-item-api-v1, fabric-item-group-api-v1, fabric-key-binding-api-v1, fabric-lifecycle-events-v1]
[14:52:55] [Render thread/DEBUG] (net.fabricmc.fabric.impl.resource.pack.ModPackResourcesUtil) [Fabric] cur @ vanilla, auto-enabled fabric-loot-api-v2, currently enabled: [vanilla, cloth-config, fabric-api, fabric-api-base, fabric-api-lookup-api-v1, fabric-biome-api-v1, fabric-block-api-v1, fabric-block-view-api-v2, fabric-client-gametest-api-v1, fabric-command-api-v2, fabric-content-registries-v0, fabric-convention-tags-v1, fabric-convention-tags-v2, fabric-crash-report-info-v1, fabric-data-attachment-api-v1, fabric-data-generation-api-v1, fabric-dimensions-v1, fabric-entity-events-v1, fabric-events-interaction-v0, fabric-game-rule-api-v1, fabric-gametest-api-v1, fabric-item-api-v1, fabric-item-group-api-v1, fabric-key-binding-api-v1, fabric-lifecycle-events-v1, fabric-loot-api-v2]
[14:52:55] [Render thread/DEBUG] (net.fabricmc.fabric.impl.resource.pack.ModPackResourcesUtil) [Fabric] cur @ vanilla, auto-enabled fabric-loot-api-v3, currently enabled: [vanilla, cloth-config, fabric-api, fabric-api-base, fabric-api-lookup-api-v1, fabric-biome-api-v1, fabric-block-api-v1, fabric-block-view-api-v2, fabric-client-gametest-api-v1, fabric-command-api-v2, fabric-content-registries-v0, fabric-convention-tags-v1, fabric-convention-tags-v2, fabric-crash-report-info-v1, fabric-data-attachment-api-v1, fabric-data-generation-api-v1, fabric-dimensions-v1, fabric-entity-events-v1, fabric-events-interaction-v0, fabric-game-rule-api-v1, fabric-gametest-api-v1, fabric-item-api-v1, fabric-item-group-api-v1, fabric-key-binding-api-v1, fabric-lifecycle-events-v1, fabric-loot-api-v2, fabric-loot-api-v3]
[14:52:55] [Render thread/DEBUG] (net.fabricmc.fabric.impl.resource.pack.ModPackResourcesUtil) [Fabric] cur @ vanilla, auto-enabled fabric-message-api-v1, currently enabled: [vanilla, cloth-config, fabric-api, fabric-api-base, fabric-api-lookup-api-v1, fabric-biome-api-v1, fabric-block-api-v1, fabric-block-view-api-v2, fabric-client-gametest-api-v1, fabric-command-api-v2, fabric-content-registries-v0, fabric-convention-tags-v1, fabric-convention-tags-v2, fabric-crash-report-info-v1, fabric-data-attachment-api-v1, fabric-data-generation-api-v1, fabric-dimensions-v1, fabric-entity-events-v1, fabric-events-interaction-v0, fabric-game-rule-api-v1, fabric-gametest-api-v1, fabric-item-api-v1, fabric-item-group-api-v1, fabric-key-binding-api-v1, fabric-lifecycle-events-v1, fabric-loot-api-v2, fabric-loot-api-v3, fabric-message-api-v1]
[14:52:55] [Render thread/DEBUG] (net.fabricmc.fabric.impl.resource.pack.ModPackResourcesUtil) [Fabric] cur @ vanilla, auto-enabled fabric-model-loading-api-v1, currently enabled: [vanilla, cloth-config, fabric-api, fabric-api-base, fabric-api-lookup-api-v1, fabric-biome-api-v1, fabric-block-api-v1, fabric-block-view-api-v2, fabric-client-gametest-api-v1, fabric-command-api-v2, fabric-content-registries-v0, fabric-convention-tags-v1, fabric-convention-tags-v2, fabric-crash-report-info-v1, fabric-data-attachment-api-v1, fabric-data-generation-api-v1, fabric-dimensions-v1, fabric-entity-events-v1, fabric-events-interaction-v0, fabric-game-rule-api-v1, fabric-gametest-api-v1, fabric-item-api-v1, fabric-item-group-api-v1, fabric-key-binding-api-v1, fabric-lifecycle-events-v1, fabric-loot-api-v2, fabric-loot-api-v3, fabric-message-api-v1, fabric-model-loading-api-v1]
[14:52:55] [Render thread/DEBUG] (net.fabricmc.fabric.impl.resource.pack.ModPackResourcesUtil) [Fabric] cur @ vanilla, auto-enabled fabric-networking-api-v1, currently enabled: [vanilla, cloth-config, fabric-api, fabric-api-base, fabric-api-lookup-api-v1, fabric-biome-api-v1, fabric-block-api-v1, fabric-block-view-api-v2, fabric-client-gametest-api-v1, fabric-command-api-v2, fabric-content-registries-v0, fabric-convention-tags-v1, fabric-convention-tags-v2, fabric-crash-report-info-v1, fabric-data-attachment-api-v1, fabric-data-generation-api-v1, fabric-dimensions-v1, fabric-entity-events-v1, fabric-events-interaction-v0, fabric-game-rule-api-v1, fabric-gametest-api-v1, fabric-item-api-v1, fabric-item-group-api-v1, fabric-key-binding-api-v1, fabric-lifecycle-events-v1, fabric-loot-api-v2, fabric-loot-api-v3, fabric-message-api-v1, fabric-model-loading-api-v1, fabric-networking-api-v1]
[14:52:55] [Render thread/DEBUG] (net.fabricmc.fabric.impl.resource.pack.ModPackResourcesUtil) [Fabric] cur @ vanilla, auto-enabled fabric-object-builder-api-v1, currently enabled: [vanilla, cloth-config, fabric-api, fabric-api-base, fabric-api-lookup-api-v1, fabric-biome-api-v1, fabric-block-api-v1, fabric-block-view-api-v2, fabric-client-gametest-api-v1, fabric-command-api-v2, fabric-content-registries-v0, fabric-convention-tags-v1, fabric-convention-tags-v2, fabric-crash-report-info-v1, fabric-data-attachment-api-v1, fabric-data-generation-api-v1, fabric-dimensions-v1, fabric-entity-events-v1, fabric-events-interaction-v0, fabric-game-rule-api-v1, fabric-gametest-api-v1, fabric-item-api-v1, fabric-item-group-api-v1, fabric-key-binding-api-v1, fabric-lifecycle-events-v1, fabric-loot-api-v2, fabric-loot-api-v3, fabric-message-api-v1, fabric-model-loading-api-v1, fabric-networking-api-v1, fabric-object-builder-api-v1]
[14:52:55] [Render thread/DEBUG] (net.fabricmc.fabric.impl.resource.pack.ModPackResourcesUtil) [Fabric] cur @ vanilla, auto-enabled fabric-particles-v1, currently enabled: [vanilla, cloth-config, fabric-api, fabric-api-base, fabric-api-lookup-api-v1, fabric-biome-api-v1, fabric-block-api-v1, fabric-block-view-api-v2, fabric-client-gametest-api-v1, fabric-command-api-v2, fabric-content-registries-v0, fabric-convention-tags-v1, fabric-convention-tags-v2, fabric-crash-report-info-v1, fabric-data-attachment-api-v1, fabric-data-generation-api-v1, fabric-dimensions-v1, fabric-entity-events-v1, fabric-events-interaction-v0, fabric-game-rule-api-v1, fabric-gametest-api-v1, fabric-item-api-v1, fabric-item-group-api-v1, fabric-key-binding-api-v1, fabric-lifecycle-events-v1, fabric-loot-api-v2, fabric-loot-api-v3, fabric-message-api-v1, fabric-model-loading-api-v1, fabric-networking-api-v1, fabric-object-builder-api-v1, fabric-particles-v1]
[14:52:55] [Render thread/DEBUG] (net.fabricmc.fabric.impl.resource.pack.ModPackResourcesUtil) [Fabric] cur @ vanilla, auto-enabled fabric-recipe-api-v1, currently enabled: [vanilla, cloth-config, fabric-api, fabric-api-base, fabric-api-lookup-api-v1, fabric-biome-api-v1, fabric-block-api-v1, fabric-block-view-api-v2, fabric-client-gametest-api-v1, fabric-command-api-v2, fabric-content-registries-v0, fabric-convention-tags-v1, fabric-convention-tags-v2, fabric-crash-report-info-v1, fabric-data-attachment-api-v1, fabric-data-generation-api-v1, fabric-dimensions-v1, fabric-entity-events-v1, fabric-events-interaction-v0, fabric-game-rule-api-v1, fabric-gametest-api-v1, fabric-item-api-v1, fabric-item-group-api-v1, fabric-key-binding-api-v1, fabric-lifecycle-events-v1, fabric-loot-api-v2, fabric-loot-api-v3, fabric-message-api-v1, fabric-model-loading-api-v1, fabric-networking-api-v1, fabric-object-builder-api-v1, fabric-particles-v1, fabric-recipe-api-v1]
[14:52:55] [Render thread/DEBUG] (net.fabricmc.fabric.impl.resource.pack.ModPackResourcesUtil) [Fabric] cur @ vanilla, auto-enabled fabric-registry-sync-v0, currently enabled: [vanilla, cloth-config, fabric-api, fabric-api-base, fabric-api-lookup-api-v1, fabric-biome-api-v1, fabric-block-api-v1, fabric-block-view-api-v2, fabric-client-gametest-api-v1, fabric-command-api-v2, fabric-content-registries-v0, fabric-convention-tags-v1, fabric-convention-tags-v2, fabric-crash-report-info-v1, fabric-data-attachment-api-v1, fabric-data-generation-api-v1, fabric-dimensions-v1, fabric-entity-events-v1, fabric-events-interaction-v0, fabric-game-rule-api-v1, fabric-gametest-api-v1, fabric-item-api-v1, fabric-item-group-api-v1, fabric-key-binding-api-v1, fabric-lifecycle-events-v1, fabric-loot-api-v2, fabric-loot-api-v3, fabric-message-api-v1, fabric-model-loading-api-v1, fabric-networking-api-v1, fabric-object-builder-api-v1, fabric-particles-v1, fabric-recipe-api-v1, fabric-registry-sync-v0]
[14:52:55] [Render thread/DEBUG] (net.fabricmc.fabric.impl.resource.pack.ModPackResourcesUtil) [Fabric] cur @ vanilla, auto-enabled fabric-renderer-api-v1, currently enabled: [vanilla, cloth-config, fabric-api, fabric-api-base, fabric-api-lookup-api-v1, fabric-biome-api-v1, fabric-block-api-v1, fabric-block-view-api-v2, fabric-client-gametest-api-v1, fabric-command-api-v2, fabric-content-registries-v0, fabric-convention-tags-v1, fabric-convention-tags-v2, fabric-crash-report-info-v1, fabric-data-attachment-api-v1, fabric-data-generation-api-v1, fabric-dimensions-v1, fabric-entity-events-v1, fabric-events-interaction-v0, fabric-game-rule-api-v1, fabric-gametest-api-v1, fabric-item-api-v1, fabric-item-group-api-v1, fabric-key-binding-api-v1, fabric-lifecycle-events-v1, fabric-loot-api-v2, fabric-loot-api-v3, fabric-message-api-v1, fabric-model-loading-api-v1, fabric-networking-api-v1, fabric-object-builder-api-v1, fabric-particles-v1, fabric-recipe-api-v1, fabric-registry-sync-v0, fabric-renderer-api-v1]
[14:52:55] [Render thread/DEBUG] (net.fabricmc.fabric.impl.resource.pack.ModPackResourcesUtil) [Fabric] cur @ vanilla, auto-enabled fabric-renderer-indigo, currently enabled: [vanilla, cloth-config, fabric-api, fabric-api-base, fabric-api-lookup-api-v1, fabric-biome-api-v1, fabric-block-api-v1, fabric-block-view-api-v2, fabric-client-gametest-api-v1, fabric-command-api-v2, fabric-content-registries-v0, fabric-convention-tags-v1, fabric-convention-tags-v2, fabric-crash-report-info-v1, fabric-data-attachment-api-v1, fabric-data-generation-api-v1, fabric-dimensions-v1, fabric-entity-events-v1, fabric-events-interaction-v0, fabric-game-rule-api-v1, fabric-gametest-api-v1, fabric-item-api-v1, fabric-item-group-api-v1, fabric-key-binding-api-v1, fabric-lifecycle-events-v1, fabric-loot-api-v2, fabric-loot-api-v3, fabric-message-api-v1, fabric-model-loading-api-v1, fabric-networking-api-v1, fabric-object-builder-api-v1, fabric-particles-v1, fabric-recipe-api-v1, fabric-registry-sync-v0, fabric-renderer-api-v1, fabric-renderer-indigo]
[14:52:55] [Render thread/DEBUG] (net.fabricmc.fabric.impl.resource.pack.ModPackResourcesUtil) [Fabric] cur @ vanilla, auto-enabled fabric-rendering-fluids-v1, currently enabled: [vanilla, cloth-config, fabric-api, fabric-api-base, fabric-api-lookup-api-v1, fabric-biome-api-v1, fabric-block-api-v1, fabric-block-view-api-v2, fabric-client-gametest-api-v1, fabric-command-api-v2, fabric-content-registries-v0, fabric-convention-tags-v1, fabric-convention-tags-v2, fabric-crash-report-info-v1, fabric-data-attachment-api-v1, fabric-data-generation-api-v1, fabric-dimensions-v1, fabric-entity-events-v1, fabric-events-interaction-v0, fabric-game-rule-api-v1, fabric-gametest-api-v1, fabric-item-api-v1, fabric-item-group-api-v1, fabric-key-binding-api-v1, fabric-lifecycle-events-v1, fabric-loot-api-v2, fabric-loot-api-v3, fabric-message-api-v1, fabric-model-loading-api-v1, fabric-networking-api-v1, fabric-object-builder-api-v1, fabric-particles-v1, fabric-recipe-api-v1, fabric-registry-sync-v0, fabric-renderer-api-v1, fabric-renderer-indigo, fabric-rendering-fluids-v1]
[14:52:55] [Render thread/DEBUG] (net.fabricmc.fabric.impl.resource.pack.ModPackResourcesUtil) [Fabric] cur @ vanilla, auto-enabled fabric-rendering-v1, currently enabled: [vanilla, cloth-config, fabric-api, fabric-api-base, fabric-api-lookup-api-v1, fabric-biome-api-v1, fabric-block-api-v1, fabric-block-view-api-v2, fabric-client-gametest-api-v1, fabric-command-api-v2, fabric-content-registries-v0, fabric-convention-tags-v1, fabric-convention-tags-v2, fabric-crash-report-info-v1, fabric-data-attachment-api-v1, fabric-data-generation-api-v1, fabric-dimensions-v1, fabric-entity-events-v1, fabric-events-interaction-v0, fabric-game-rule-api-v1, fabric-gametest-api-v1, fabric-item-api-v1, fabric-item-group-api-v1, fabric-key-binding-api-v1, fabric-lifecycle-events-v1, fabric-loot-api-v2, fabric-loot-api-v3, fabric-message-api-v1, fabric-model-loading-api-v1, fabric-networking-api-v1, fabric-object-builder-api-v1, fabric-particles-v1, fabric-recipe-api-v1, fabric-registry-sync-v0, fabric-renderer-api-v1, fabric-renderer-indigo, fabric-rendering-fluids-v1, fabric-rendering-v1]
[14:52:55] [Render thread/DEBUG] (net.fabricmc.fabric.impl.resource.pack.ModPackResourcesUtil) [Fabric] cur @ vanilla, auto-enabled fabric-resource-conditions-api-v1, currently enabled: [vanilla, cloth-config, fabric-api, fabric-api-base, fabric-api-lookup-api-v1, fabric-biome-api-v1, fabric-block-api-v1, fabric-block-view-api-v2, fabric-client-gametest-api-v1, fabric-command-api-v2, fabric-content-registries-v0, fabric-convention-tags-v1, fabric-convention-tags-v2, fabric-crash-report-info-v1, fabric-data-attachment-api-v1, fabric-data-generation-api-v1, fabric-dimensions-v1, fabric-entity-events-v1, fabric-events-interaction-v0, fabric-game-rule-api-v1, fabric-gametest-api-v1, fabric-item-api-v1, fabric-item-group-api-v1, fabric-key-binding-api-v1, fabric-lifecycle-events-v1, fabric-loot-api-v2, fabric-loot-api-v3, fabric-message-api-v1, fabric-model-loading-api-v1, fabric-networking-api-v1, fabric-object-builder-api-v1, fabric-particles-v1, fabric-recipe-api-v1, fabric-registry-sync-v0, fabric-renderer-api-v1, fabric-renderer-indigo, fabric-rendering-fluids-v1, fabric-rendering-v1, fabric-resource-conditions-api-v1]
[14:52:55] [Render thread/DEBUG] (net.fabricmc.fabric.impl.resource.pack.ModPackResourcesUtil) [Fabric] cur @ vanilla, auto-enabled fabric-resource-loader-v0, currently enabled: [vanilla, cloth-config, fabric-api, fabric-api-base, fabric-api-lookup-api-v1, fabric-biome-api-v1, fabric-block-api-v1, fabric-block-view-api-v2, fabric-client-gametest-api-v1, fabric-command-api-v2, fabric-content-registries-v0, fabric-convention-tags-v1, fabric-convention-tags-v2, fabric-crash-report-info-v1, fabric-data-attachment-api-v1, fabric-data-generation-api-v1, fabric-dimensions-v1, fabric-entity-events-v1, fabric-events-interaction-v0, fabric-game-rule-api-v1, fabric-gametest-api-v1, fabric-item-api-v1, fabric-item-group-api-v1, fabric-key-binding-api-v1, fabric-lifecycle-events-v1, fabric-loot-api-v2, fabric-loot-api-v3, fabric-message-api-v1, fabric-model-loading-api-v1, fabric-networking-api-v1, fabric-object-builder-api-v1, fabric-particles-v1, fabric-recipe-api-v1, fabric-registry-sync-v0, fabric-renderer-api-v1, fabric-renderer-indigo, fabric-rendering-fluids-v1, fabric-rendering-v1, fabric-resource-conditions-api-v1, fabric-resource-loader-v0]
[14:52:55] [Render thread/DEBUG] (net.fabricmc.fabric.impl.resource.pack.ModPackResourcesUtil) [Fabric] cur @ vanilla, auto-enabled fabric-resource-loader-v1, currently enabled: [vanilla, cloth-config, fabric-api, fabric-api-base, fabric-api-lookup-api-v1, fabric-biome-api-v1, fabric-block-api-v1, fabric-block-view-api-v2, fabric-client-gametest-api-v1, fabric-command-api-v2, fabric-content-registries-v0, fabric-convention-tags-v1, fabric-convention-tags-v2, fabric-crash-report-info-v1, fabric-data-attachment-api-v1, fabric-data-generation-api-v1, fabric-dimensions-v1, fabric-entity-events-v1, fabric-events-interaction-v0, fabric-game-rule-api-v1, fabric-gametest-api-v1, fabric-item-api-v1, fabric-item-group-api-v1, fabric-key-binding-api-v1, fabric-lifecycle-events-v1, fabric-loot-api-v2, fabric-loot-api-v3, fabric-message-api-v1, fabric-model-loading-api-v1, fabric-networking-api-v1, fabric-object-builder-api-v1, fabric-particles-v1, fabric-recipe-api-v1, fabric-registry-sync-v0, fabric-renderer-api-v1, fabric-renderer-indigo, fabric-rendering-fluids-v1, fabric-rendering-v1, fabric-resource-conditions-api-v1, fabric-resource-loader-v0, fabric-resource-loader-v1]
[14:52:55] [Render thread/DEBUG] (net.fabricmc.fabric.impl.resource.pack.ModPackResourcesUtil) [Fabric] cur @ vanilla, auto-enabled fabric-screen-api-v1, currently enabled: [vanilla, cloth-config, fabric-api, fabric-api-base, fabric-api-lookup-api-v1, fabric-biome-api-v1, fabric-block-api-v1, fabric-block-view-api-v2, fabric-client-gametest-api-v1, fabric-command-api-v2, fabric-content-registries-v0, fabric-convention-tags-v1, fabric-convention-tags-v2, fabric-crash-report-info-v1, fabric-data-attachment-api-v1, fabric-data-generation-api-v1, fabric-dimensions-v1, fabric-entity-events-v1, fabric-events-interaction-v0, fabric-game-rule-api-v1, fabric-gametest-api-v1, fabric-item-api-v1, fabric-item-group-api-v1, fabric-key-binding-api-v1, fabric-lifecycle-events-v1, fabric-loot-api-v2, fabric-loot-api-v3, fabric-message-api-v1, fabric-model-loading-api-v1, fabric-networking-api-v1, fabric-object-builder-api-v1, fabric-particles-v1, fabric-recipe-api-v1, fabric-registry-sync-v0, fabric-renderer-api-v1, fabric-renderer-indigo, fabric-rendering-fluids-v1, fabric-rendering-v1, fabric-resource-conditions-api-v1, fabric-resource-loader-v0, fabric-resource-loader-v1, fabric-screen-api-v1]
[14:52:55] [Render thread/DEBUG] (net.fabricmc.fabric.impl.resource.pack.ModPackResourcesUtil) [Fabric] cur @ vanilla, auto-enabled fabric-screen-handler-api-v1, currently enabled: [vanilla, cloth-config, fabric-api, fabric-api-base, fabric-api-lookup-api-v1, fabric-biome-api-v1, fabric-block-api-v1, fabric-block-view-api-v2, fabric-client-gametest-api-v1, fabric-command-api-v2, fabric-content-registries-v0, fabric-convention-tags-v1, fabric-convention-tags-v2, fabric-crash-report-info-v1, fabric-data-attachment-api-v1, fabric-data-generation-api-v1, fabric-dimensions-v1, fabric-entity-events-v1, fabric-events-interaction-v0, fabric-game-rule-api-v1, fabric-gametest-api-v1, fabric-item-api-v1, fabric-item-group-api-v1, fabric-key-binding-api-v1, fabric-lifecycle-events-v1, fabric-loot-api-v2, fabric-loot-api-v3, fabric-message-api-v1, fabric-model-loading-api-v1, fabric-networking-api-v1, fabric-object-builder-api-v1, fabric-particles-v1, fabric-recipe-api-v1, fabric-registry-sync-v0, fabric-renderer-api-v1, fabric-renderer-indigo, fabric-rendering-fluids-v1, fabric-rendering-v1, fabric-resource-conditions-api-v1, fabric-resource-loader-v0, fabric-resource-loader-v1, fabric-screen-api-v1, fabric-screen-handler-api-v1]
[14:52:55] [Render thread/DEBUG] (net.fabricmc.fabric.impl.resource.pack.ModPackResourcesUtil) [Fabric] cur @ vanilla, auto-enabled fabric-serialization-api-v1, currently enabled: [vanilla, cloth-config, fabric-api, fabric-api-base, fabric-api-lookup-api-v1, fabric-biome-api-v1, fabric-block-api-v1, fabric-block-view-api-v2, fabric-client-gametest-api-v1, fabric-command-api-v2, fabric-content-registries-v0, fabric-convention-tags-v1, fabric-convention-tags-v2, fabric-crash-report-info-v1, fabric-data-attachment-api-v1, fabric-data-generation-api-v1, fabric-dimensions-v1, fabric-entity-events-v1, fabric-events-interaction-v0, fabric-game-rule-api-v1, fabric-gametest-api-v1, fabric-item-api-v1, fabric-item-group-api-v1, fabric-key-binding-api-v1, fabric-lifecycle-events-v1, fabric-loot-api-v2, fabric-loot-api-v3, fabric-message-api-v1, fabric-model-loading-api-v1, fabric-networking-api-v1, fabric-object-builder-api-v1, fabric-particles-v1, fabric-recipe-api-v1, fabric-registry-sync-v0, fabric-renderer-api-v1, fabric-renderer-indigo, fabric-rendering-fluids-v1, fabric-rendering-v1, fabric-resource-conditions-api-v1, fabric-resource-loader-v0, fabric-resource-loader-v1, fabric-screen-api-v1, fabric-screen-handler-api-v1, fabric-serialization-api-v1]
[14:52:55] [Render thread/DEBUG] (net.fabricmc.fabric.impl.resource.pack.ModPackResourcesUtil) [Fabric] cur @ vanilla, auto-enabled fabric-sound-api-v1, currently enabled: [vanilla, cloth-config, fabric-api, fabric-api-base, fabric-api-lookup-api-v1, fabric-biome-api-v1, fabric-block-api-v1, fabric-block-view-api-v2, fabric-client-gametest-api-v1, fabric-command-api-v2, fabric-content-registries-v0, fabric-convention-tags-v1, fabric-convention-tags-v2, fabric-crash-report-info-v1, fabric-data-attachment-api-v1, fabric-data-generation-api-v1, fabric-dimensions-v1, fabric-entity-events-v1, fabric-events-interaction-v0, fabric-game-rule-api-v1, fabric-gametest-api-v1, fabric-item-api-v1, fabric-item-group-api-v1, fabric-key-binding-api-v1, fabric-lifecycle-events-v1, fabric-loot-api-v2, fabric-loot-api-v3, fabric-message-api-v1, fabric-model-loading-api-v1, fabric-networking-api-v1, fabric-object-builder-api-v1, fabric-particles-v1, fabric-recipe-api-v1, fabric-registry-sync-v0, fabric-renderer-api-v1, fabric-renderer-indigo, fabric-rendering-fluids-v1, fabric-rendering-v1, fabric-resource-conditions-api-v1, fabric-resource-loader-v0, fabric-resource-loader-v1, fabric-screen-api-v1, fabric-screen-handler-api-v1, fabric-serialization-api-v1, fabric-sound-api-v1]
[14:52:55] [Render thread/DEBUG] (net.fabricmc.fabric.impl.resource.pack.ModPackResourcesUtil) [Fabric] cur @ vanilla, auto-enabled fabric-tag-api-v1, currently enabled: [vanilla, cloth-config, fabric-api, fabric-api-base, fabric-api-lookup-api-v1, fabric-biome-api-v1, fabric-block-api-v1, fabric-block-view-api-v2, fabric-client-gametest-api-v1, fabric-command-api-v2, fabric-content-registries-v0, fabric-convention-tags-v1, fabric-convention-tags-v2, fabric-crash-report-info-v1, fabric-data-attachment-api-v1, fabric-data-generation-api-v1, fabric-dimensions-v1, fabric-entity-events-v1, fabric-events-interaction-v0, fabric-game-rule-api-v1, fabric-gametest-api-v1, fabric-item-api-v1, fabric-item-group-api-v1, fabric-key-binding-api-v1, fabric-lifecycle-events-v1, fabric-loot-api-v2, fabric-loot-api-v3, fabric-message-api-v1, fabric-model-loading-api-v1, fabric-networking-api-v1, fabric-object-builder-api-v1, fabric-particles-v1, fabric-recipe-api-v1, fabric-registry-sync-v0, fabric-renderer-api-v1, fabric-renderer-indigo, fabric-rendering-fluids-v1, fabric-rendering-v1, fabric-resource-conditions-api-v1, fabric-resource-loader-v0, fabric-resource-loader-v1, fabric-screen-api-v1, fabric-screen-handler-api-v1, fabric-serialization-api-v1, fabric-sound-api-v1, fabric-tag-api-v1]
[14:52:55] [Render thread/DEBUG] (net.fabricmc.fabric.impl.resource.pack.ModPackResourcesUtil) [Fabric] cur @ vanilla, auto-enabled fabric-transfer-api-v1, currently enabled: [vanilla, cloth-config, fabric-api, fabric-api-base, fabric-api-lookup-api-v1, fabric-biome-api-v1, fabric-block-api-v1, fabric-block-view-api-v2, fabric-client-gametest-api-v1, fabric-command-api-v2, fabric-content-registries-v0, fabric-convention-tags-v1, fabric-convention-tags-v2, fabric-crash-report-info-v1, fabric-data-attachment-api-v1, fabric-data-generation-api-v1, fabric-dimensions-v1, fabric-entity-events-v1, fabric-events-interaction-v0, fabric-game-rule-api-v1, fabric-gametest-api-v1, fabric-item-api-v1, fabric-item-group-api-v1, fabric-key-binding-api-v1, fabric-lifecycle-events-v1, fabric-loot-api-v2, fabric-loot-api-v3, fabric-message-api-v1, fabric-model-loading-api-v1, fabric-networking-api-v1, fabric-object-builder-api-v1, fabric-particles-v1, fabric-recipe-api-v1, fabric-registry-sync-v0, fabric-renderer-api-v1, fabric-renderer-indigo, fabric-rendering-fluids-v1, fabric-rendering-v1, fabric-resource-conditions-api-v1, fabric-resource-loader-v0, fabric-resource-loader-v1, fabric-screen-api-v1, fabric-screen-handler-api-v1, fabric-serialization-api-v1, fabric-sound-api-v1, fabric-tag-api-v1, fabric-transfer-api-v1]
[14:52:55] [Render thread/DEBUG] (net.fabricmc.fabric.impl.resource.pack.ModPackResourcesUtil) [Fabric] cur @ vanilla, auto-enabled fabric-transitive-access-wideners-v1, currently enabled: [vanilla, cloth-config, fabric-api, fabric-api-base, fabric-api-lookup-api-v1, fabric-biome-api-v1, fabric-block-api-v1, fabric-block-view-api-v2, fabric-client-gametest-api-v1, fabric-command-api-v2, fabric-content-registries-v0, fabric-convention-tags-v1, fabric-convention-tags-v2, fabric-crash-report-info-v1, fabric-data-attachment-api-v1, fabric-data-generation-api-v1, fabric-dimensions-v1, fabric-entity-events-v1, fabric-events-interaction-v0, fabric-game-rule-api-v1, fabric-gametest-api-v1, fabric-item-api-v1, fabric-item-group-api-v1, fabric-key-binding-api-v1, fabric-lifecycle-events-v1, fabric-loot-api-v2, fabric-loot-api-v3, fabric-message-api-v1, fabric-model-loading-api-v1, fabric-networking-api-v1, fabric-object-builder-api-v1, fabric-particles-v1, fabric-recipe-api-v1, fabric-registry-sync-v0, fabric-renderer-api-v1, fabric-renderer-indigo, fabric-rendering-fluids-v1, fabric-rendering-v1, fabric-resource-conditions-api-v1, fabric-resource-loader-v0, fabric-resource-loader-v1, fabric-screen-api-v1, fabric-screen-handler-api-v1, fabric-serialization-api-v1, fabric-sound-api-v1, fabric-tag-api-v1, fabric-transfer-api-v1, fabric-transitive-access-wideners-v1]
[14:52:55] [Render thread/DEBUG] (net.fabricmc.fabric.impl.resource.pack.ModPackResourcesUtil) [Fabric] cur @ vanilla, auto-enabled fabricloader, currently enabled: [vanilla, cloth-config, fabric-api, fabric-api-base, fabric-api-lookup-api-v1, fabric-biome-api-v1, fabric-block-api-v1, fabric-block-view-api-v2, fabric-client-gametest-api-v1, fabric-command-api-v2, fabric-content-registries-v0, fabric-convention-tags-v1, fabric-convention-tags-v2, fabric-crash-report-info-v1, fabric-data-attachment-api-v1, fabric-data-generation-api-v1, fabric-dimensions-v1, fabric-entity-events-v1, fabric-events-interaction-v0, fabric-game-rule-api-v1, fabric-gametest-api-v1, fabric-item-api-v1, fabric-item-group-api-v1, fabric-key-binding-api-v1, fabric-lifecycle-events-v1, fabric-loot-api-v2, fabric-loot-api-v3, fabric-message-api-v1, fabric-model-loading-api-v1, fabric-networking-api-v1, fabric-object-builder-api-v1, fabric-particles-v1, fabric-recipe-api-v1, fabric-registry-sync-v0, fabric-renderer-api-v1, fabric-renderer-indigo, fabric-rendering-fluids-v1, fabric-rendering-v1, fabric-resource-conditions-api-v1, fabric-resource-loader-v0, fabric-resource-loader-v1, fabric-screen-api-v1, fabric-screen-handler-api-v1, fabric-serialization-api-v1, fabric-sound-api-v1, fabric-tag-api-v1, fabric-transfer-api-v1, fabric-transitive-access-wideners-v1, fabricloader]
[14:52:55] [Render thread/DEBUG] (net.fabricmc.fabric.impl.resource.pack.ModPackResourcesUtil) [Fabric] cur @ vanilla, auto-enabled modmenu, currently enabled: [vanilla, cloth-config, fabric-api, fabric-api-base, fabric-api-lookup-api-v1, fabric-biome-api-v1, fabric-block-api-v1, fabric-block-view-api-v2, fabric-client-gametest-api-v1, fabric-command-api-v2, fabric-content-registries-v0, fabric-convention-tags-v1, fabric-convention-tags-v2, fabric-crash-report-info-v1, fabric-data-attachment-api-v1, fabric-data-generation-api-v1, fabric-dimensions-v1, fabric-entity-events-v1, fabric-events-interaction-v0, fabric-game-rule-api-v1, fabric-gametest-api-v1, fabric-item-api-v1, fabric-item-group-api-v1, fabric-key-binding-api-v1, fabric-lifecycle-events-v1, fabric-loot-api-v2, fabric-loot-api-v3, fabric-message-api-v1, fabric-model-loading-api-v1, fabric-networking-api-v1, fabric-object-builder-api-v1, fabric-particles-v1, fabric-recipe-api-v1, fabric-registry-sync-v0, fabric-renderer-api-v1, fabric-renderer-indigo, fabric-rendering-fluids-v1, fabric-rendering-v1, fabric-resource-conditions-api-v1, fabric-resource-loader-v0, fabric-resource-loader-v1, fabric-screen-api-v1, fabric-screen-handler-api-v1, fabric-serialization-api-v1, fabric-sound-api-v1, fabric-tag-api-v1, fabric-transfer-api-v1, fabric-transitive-access-wideners-v1, fabricloader, modmenu]
[14:52:55] [Render thread/DEBUG] (net.fabricmc.fabric.impl.resource.pack.ModPackResourcesUtil) [Fabric] cur @ vanilla, auto-enabled simplebuilding, currently enabled: [vanilla, cloth-config, fabric-api, fabric-api-base, fabric-api-lookup-api-v1, fabric-biome-api-v1, fabric-block-api-v1, fabric-block-view-api-v2, fabric-client-gametest-api-v1, fabric-command-api-v2, fabric-content-registries-v0, fabric-convention-tags-v1, fabric-convention-tags-v2, fabric-crash-report-info-v1, fabric-data-attachment-api-v1, fabric-data-generation-api-v1, fabric-dimensions-v1, fabric-entity-events-v1, fabric-events-interaction-v0, fabric-game-rule-api-v1, fabric-gametest-api-v1, fabric-item-api-v1, fabric-item-group-api-v1, fabric-key-binding-api-v1, fabric-lifecycle-events-v1, fabric-loot-api-v2, fabric-loot-api-v3, fabric-message-api-v1, fabric-model-loading-api-v1, fabric-networking-api-v1, fabric-object-builder-api-v1, fabric-particles-v1, fabric-recipe-api-v1, fabric-registry-sync-v0, fabric-renderer-api-v1, fabric-renderer-indigo, fabric-rendering-fluids-v1, fabric-rendering-v1, fabric-resource-conditions-api-v1, fabric-resource-loader-v0, fabric-resource-loader-v1, fabric-screen-api-v1, fabric-screen-handler-api-v1, fabric-serialization-api-v1, fabric-sound-api-v1, fabric-tag-api-v1, fabric-transfer-api-v1, fabric-transitive-access-wideners-v1, fabricloader, modmenu, simplebuilding]
[14:52:55] [Render thread/DEBUG] (net.fabricmc.fabric.impl.resource.pack.ModPackResourcesUtil) [Fabric] Final sorting result: [vanilla, cloth-config, fabric-api, fabric-api-base, fabric-api-lookup-api-v1, fabric-biome-api-v1, fabric-block-api-v1, fabric-block-view-api-v2, fabric-client-gametest-api-v1, fabric-command-api-v2, fabric-content-registries-v0, fabric-convention-tags-v1, fabric-convention-tags-v2, fabric-crash-report-info-v1, fabric-data-attachment-api-v1, fabric-data-generation-api-v1, fabric-dimensions-v1, fabric-entity-events-v1, fabric-events-interaction-v0, fabric-game-rule-api-v1, fabric-gametest-api-v1, fabric-item-api-v1, fabric-item-group-api-v1, fabric-key-binding-api-v1, fabric-lifecycle-events-v1, fabric-loot-api-v2, fabric-loot-api-v3, fabric-message-api-v1, fabric-model-loading-api-v1, fabric-networking-api-v1, fabric-object-builder-api-v1, fabric-particles-v1, fabric-recipe-api-v1, fabric-registry-sync-v0, fabric-renderer-api-v1, fabric-renderer-indigo, fabric-rendering-fluids-v1, fabric-rendering-v1, fabric-resource-conditions-api-v1, fabric-resource-loader-v0, fabric-resource-loader-v1, fabric-screen-api-v1, fabric-screen-handler-api-v1, fabric-serialization-api-v1, fabric-sound-api-v1, fabric-tag-api-v1, fabric-transfer-api-v1, fabric-transitive-access-wideners-v1, fabricloader, modmenu, simplebuilding]
[14:52:55] [Render thread/DEBUG] (net.fabricmc.fabric.impl.resource.pack.ModPackResourcesUtil) [Fabric] Starting internal pack sorting with: [vanilla, cloth-config, fabric-api, fabric-api-base, fabric-api-lookup-api-v1, fabric-biome-api-v1, fabric-block-api-v1, fabric-block-view-api-v2, fabric-client-gametest-api-v1, fabric-command-api-v2, fabric-content-registries-v0, fabric-convention-tags-v1, fabric-convention-tags-v2, fabric-crash-report-info-v1, fabric-data-attachment-api-v1, fabric-data-generation-api-v1, fabric-dimensions-v1, fabric-entity-events-v1, fabric-events-interaction-v0, fabric-game-rule-api-v1, fabric-gametest-api-v1, fabric-item-api-v1, fabric-item-group-api-v1, fabric-item-group-api-v1_programmer_art, fabric-key-binding-api-v1, fabric-lifecycle-events-v1, fabric-loot-api-v2, fabric-loot-api-v3, fabric-message-api-v1, fabric-model-loading-api-v1, fabric-networking-api-v1, fabric-object-builder-api-v1, fabric-particles-v1, fabric-recipe-api-v1, fabric-registry-sync-v0, fabric-renderer-api-v1, fabric-renderer-indigo, fabric-rendering-fluids-v1, fabric-rendering-v1, fabric-resource-conditions-api-v1, fabric-resource-loader-v0, fabric-resource-loader-v1, fabric-screen-api-v1, fabric-screen-handler-api-v1, fabric-serialization-api-v1, fabric-sound-api-v1, fabric-tag-api-v1, fabric-transfer-api-v1, fabric-transitive-access-wideners-v1, fabricloader, modmenu, modmenu_high_contrast, modmenu_programmer_art, simplebuilding]
[14:52:55] [Render thread/DEBUG] (net.fabricmc.fabric.impl.resource.pack.ModPackResourcesUtil) [Fabric] Removed all internal packs, result: [vanilla]
[14:52:55] [Render thread/DEBUG] (net.fabricmc.fabric.impl.resource.pack.ModPackResourcesUtil) [Fabric] cur @ vanilla, auto-enabled cloth-config, currently enabled: [vanilla, cloth-config]
[14:52:55] [Render thread/DEBUG] (net.fabricmc.fabric.impl.resource.pack.ModPackResourcesUtil) [Fabric] cur @ vanilla, auto-enabled fabric-api, currently enabled: [vanilla, cloth-config, fabric-api]
[14:52:55] [Render thread/DEBUG] (net.fabricmc.fabric.impl.resource.pack.ModPackResourcesUtil) [Fabric] cur @ vanilla, auto-enabled fabric-api-base, currently enabled: [vanilla, cloth-config, fabric-api, fabric-api-base]
[14:52:55] [Render thread/DEBUG] (net.fabricmc.fabric.impl.resource.pack.ModPackResourcesUtil) [Fabric] cur @ vanilla, auto-enabled fabric-api-lookup-api-v1, currently enabled: [vanilla, cloth-config, fabric-api, fabric-api-base, fabric-api-lookup-api-v1]
[14:52:55] [Render thread/DEBUG] (net.fabricmc.fabric.impl.resource.pack.ModPackResourcesUtil) [Fabric] cur @ vanilla, auto-enabled fabric-biome-api-v1, currently enabled: [vanilla, cloth-config, fabric-api, fabric-api-base, fabric-api-lookup-api-v1, fabric-biome-api-v1]
[14:52:55] [Render thread/DEBUG] (net.fabricmc.fabric.impl.resource.pack.ModPackResourcesUtil) [Fabric] cur @ vanilla, auto-enabled fabric-block-api-v1, currently enabled: [vanilla, cloth-config, fabric-api, fabric-api-base, fabric-api-lookup-api-v1, fabric-biome-api-v1, fabric-block-api-v1]
[14:52:55] [Render thread/DEBUG] (net.fabricmc.fabric.impl.resource.pack.ModPackResourcesUtil) [Fabric] cur @ vanilla, auto-enabled fabric-block-view-api-v2, currently enabled: [vanilla, cloth-config, fabric-api, fabric-api-base, fabric-api-lookup-api-v1, fabric-biome-api-v1, fabric-block-api-v1, fabric-block-view-api-v2]
[14:52:55] [Render thread/DEBUG] (net.fabricmc.fabric.impl.resource.pack.ModPackResourcesUtil) [Fabric] cur @ vanilla, auto-enabled fabric-client-gametest-api-v1, currently enabled: [vanilla, cloth-config, fabric-api, fabric-api-base, fabric-api-lookup-api-v1, fabric-biome-api-v1, fabric-block-api-v1, fabric-block-view-api-v2, fabric-client-gametest-api-v1]
[14:52:55] [Render thread/DEBUG] (net.fabricmc.fabric.impl.resource.pack.ModPackResourcesUtil) [Fabric] cur @ vanilla, auto-enabled fabric-command-api-v2, currently enabled: [vanilla, cloth-config, fabric-api, fabric-api-base, fabric-api-lookup-api-v1, fabric-biome-api-v1, fabric-block-api-v1, fabric-block-view-api-v2, fabric-client-gametest-api-v1, fabric-command-api-v2]
[14:52:55] [Render thread/DEBUG] (net.fabricmc.fabric.impl.resource.pack.ModPackResourcesUtil) [Fabric] cur @ vanilla, auto-enabled fabric-content-registries-v0, currently enabled: [vanilla, cloth-config, fabric-api, fabric-api-base, fabric-api-lookup-api-v1, fabric-biome-api-v1, fabric-block-api-v1, fabric-block-view-api-v2, fabric-client-gametest-api-v1, fabric-command-api-v2, fabric-content-registries-v0]
[14:52:55] [Render thread/DEBUG] (net.fabricmc.fabric.impl.resource.pack.ModPackResourcesUtil) [Fabric] cur @ vanilla, auto-enabled fabric-convention-tags-v1, currently enabled: [vanilla, cloth-config, fabric-api, fabric-api-base, fabric-api-lookup-api-v1, fabric-biome-api-v1, fabric-block-api-v1, fabric-block-view-api-v2, fabric-client-gametest-api-v1, fabric-command-api-v2, fabric-content-registries-v0, fabric-convention-tags-v1]
[14:52:55] [Render thread/DEBUG] (net.fabricmc.fabric.impl.resource.pack.ModPackResourcesUtil) [Fabric] cur @ vanilla, auto-enabled fabric-convention-tags-v2, currently enabled: [vanilla, cloth-config, fabric-api, fabric-api-base, fabric-api-lookup-api-v1, fabric-biome-api-v1, fabric-block-api-v1, fabric-block-view-api-v2, fabric-client-gametest-api-v1, fabric-command-api-v2, fabric-content-registries-v0, fabric-convention-tags-v1, fabric-convention-tags-v2]
[14:52:55] [Render thread/DEBUG] (net.fabricmc.fabric.impl.resource.pack.ModPackResourcesUtil) [Fabric] cur @ vanilla, auto-enabled fabric-crash-report-info-v1, currently enabled: [vanilla, cloth-config, fabric-api, fabric-api-base, fabric-api-lookup-api-v1, fabric-biome-api-v1, fabric-block-api-v1, fabric-block-view-api-v2, fabric-client-gametest-api-v1, fabric-command-api-v2, fabric-content-registries-v0, fabric-convention-tags-v1, fabric-convention-tags-v2, fabric-crash-report-info-v1]
[14:52:55] [Render thread/DEBUG] (net.fabricmc.fabric.impl.resource.pack.ModPackResourcesUtil) [Fabric] cur @ vanilla, auto-enabled fabric-data-attachment-api-v1, currently enabled: [vanilla, cloth-config, fabric-api, fabric-api-base, fabric-api-lookup-api-v1, fabric-biome-api-v1, fabric-block-api-v1, fabric-block-view-api-v2, fabric-client-gametest-api-v1, fabric-command-api-v2, fabric-content-registries-v0, fabric-convention-tags-v1, fabric-convention-tags-v2, fabric-crash-report-info-v1, fabric-data-attachment-api-v1]
[14:52:55] [Render thread/DEBUG] (net.fabricmc.fabric.impl.resource.pack.ModPackResourcesUtil) [Fabric] cur @ vanilla, auto-enabled fabric-data-generation-api-v1, currently enabled: [vanilla, cloth-config, fabric-api, fabric-api-base, fabric-api-lookup-api-v1, fabric-biome-api-v1, fabric-block-api-v1, fabric-block-view-api-v2, fabric-client-gametest-api-v1, fabric-command-api-v2, fabric-content-registries-v0, fabric-convention-tags-v1, fabric-convention-tags-v2, fabric-crash-report-info-v1, fabric-data-attachment-api-v1, fabric-data-generation-api-v1]
[14:52:55] [Render thread/DEBUG] (net.fabricmc.fabric.impl.resource.pack.ModPackResourcesUtil) [Fabric] cur @ vanilla, auto-enabled fabric-dimensions-v1, currently enabled: [vanilla, cloth-config, fabric-api, fabric-api-base, fabric-api-lookup-api-v1, fabric-biome-api-v1, fabric-block-api-v1, fabric-block-view-api-v2, fabric-client-gametest-api-v1, fabric-command-api-v2, fabric-content-registries-v0, fabric-convention-tags-v1, fabric-convention-tags-v2, fabric-crash-report-info-v1, fabric-data-attachment-api-v1, fabric-data-generation-api-v1, fabric-dimensions-v1]
[14:52:55] [Render thread/DEBUG] (net.fabricmc.fabric.impl.resource.pack.ModPackResourcesUtil) [Fabric] cur @ vanilla, auto-enabled fabric-entity-events-v1, currently enabled: [vanilla, cloth-config, fabric-api, fabric-api-base, fabric-api-lookup-api-v1, fabric-biome-api-v1, fabric-block-api-v1, fabric-block-view-api-v2, fabric-client-gametest-api-v1, fabric-command-api-v2, fabric-content-registries-v0, fabric-convention-tags-v1, fabric-convention-tags-v2, fabric-crash-report-info-v1, fabric-data-attachment-api-v1, fabric-data-generation-api-v1, fabric-dimensions-v1, fabric-entity-events-v1]
[14:52:55] [Render thread/DEBUG] (net.fabricmc.fabric.impl.resource.pack.ModPackResourcesUtil) [Fabric] cur @ vanilla, auto-enabled fabric-events-interaction-v0, currently enabled: [vanilla, cloth-config, fabric-api, fabric-api-base, fabric-api-lookup-api-v1, fabric-biome-api-v1, fabric-block-api-v1, fabric-block-view-api-v2, fabric-client-gametest-api-v1, fabric-command-api-v2, fabric-content-registries-v0, fabric-convention-tags-v1, fabric-convention-tags-v2, fabric-crash-report-info-v1, fabric-data-attachment-api-v1, fabric-data-generation-api-v1, fabric-dimensions-v1, fabric-entity-events-v1, fabric-events-interaction-v0]
[14:52:55] [Render thread/DEBUG] (net.fabricmc.fabric.impl.resource.pack.ModPackResourcesUtil) [Fabric] cur @ vanilla, auto-enabled fabric-game-rule-api-v1, currently enabled: [vanilla, cloth-config, fabric-api, fabric-api-base, fabric-api-lookup-api-v1, fabric-biome-api-v1, fabric-block-api-v1, fabric-block-view-api-v2, fabric-client-gametest-api-v1, fabric-command-api-v2, fabric-content-registries-v0, fabric-convention-tags-v1, fabric-convention-tags-v2, fabric-crash-report-info-v1, fabric-data-attachment-api-v1, fabric-data-generation-api-v1, fabric-dimensions-v1, fabric-entity-events-v1, fabric-events-interaction-v0, fabric-game-rule-api-v1]
[14:52:55] [Render thread/DEBUG] (net.fabricmc.fabric.impl.resource.pack.ModPackResourcesUtil) [Fabric] cur @ vanilla, auto-enabled fabric-gametest-api-v1, currently enabled: [vanilla, cloth-config, fabric-api, fabric-api-base, fabric-api-lookup-api-v1, fabric-biome-api-v1, fabric-block-api-v1, fabric-block-view-api-v2, fabric-client-gametest-api-v1, fabric-command-api-v2, fabric-content-registries-v0, fabric-convention-tags-v1, fabric-convention-tags-v2, fabric-crash-report-info-v1, fabric-data-attachment-api-v1, fabric-data-generation-api-v1, fabric-dimensions-v1, fabric-entity-events-v1, fabric-events-interaction-v0, fabric-game-rule-api-v1, fabric-gametest-api-v1]
[14:52:55] [Render thread/DEBUG] (net.fabricmc.fabric.impl.resource.pack.ModPackResourcesUtil) [Fabric] cur @ vanilla, auto-enabled fabric-item-api-v1, currently enabled: [vanilla, cloth-config, fabric-api, fabric-api-base, fabric-api-lookup-api-v1, fabric-biome-api-v1, fabric-block-api-v1, fabric-block-view-api-v2, fabric-client-gametest-api-v1, fabric-command-api-v2, fabric-content-registries-v0, fabric-convention-tags-v1, fabric-convention-tags-v2, fabric-crash-report-info-v1, fabric-data-attachment-api-v1, fabric-data-generation-api-v1, fabric-dimensions-v1, fabric-entity-events-v1, fabric-events-interaction-v0, fabric-game-rule-api-v1, fabric-gametest-api-v1, fabric-item-api-v1]
[14:52:55] [Render thread/DEBUG] (net.fabricmc.fabric.impl.resource.pack.ModPackResourcesUtil) [Fabric] cur @ vanilla, auto-enabled fabric-item-group-api-v1, currently enabled: [vanilla, cloth-config, fabric-api, fabric-api-base, fabric-api-lookup-api-v1, fabric-biome-api-v1, fabric-block-api-v1, fabric-block-view-api-v2, fabric-client-gametest-api-v1, fabric-command-api-v2, fabric-content-registries-v0, fabric-convention-tags-v1, fabric-convention-tags-v2, fabric-crash-report-info-v1, fabric-data-attachment-api-v1, fabric-data-generation-api-v1, fabric-dimensions-v1, fabric-entity-events-v1, fabric-events-interaction-v0, fabric-game-rule-api-v1, fabric-gametest-api-v1, fabric-item-api-v1, fabric-item-group-api-v1]
[14:52:55] [Render thread/DEBUG] (net.fabricmc.fabric.impl.resource.pack.ModPackResourcesUtil) [Fabric] cur @ vanilla, auto-enabled fabric-key-binding-api-v1, currently enabled: [vanilla, cloth-config, fabric-api, fabric-api-base, fabric-api-lookup-api-v1, fabric-biome-api-v1, fabric-block-api-v1, fabric-block-view-api-v2, fabric-client-gametest-api-v1, fabric-command-api-v2, fabric-content-registries-v0, fabric-convention-tags-v1, fabric-convention-tags-v2, fabric-crash-report-info-v1, fabric-data-attachment-api-v1, fabric-data-generation-api-v1, fabric-dimensions-v1, fabric-entity-events-v1, fabric-events-interaction-v0, fabric-game-rule-api-v1, fabric-gametest-api-v1, fabric-item-api-v1, fabric-item-group-api-v1, fabric-key-binding-api-v1]
[14:52:55] [Render thread/DEBUG] (net.fabricmc.fabric.impl.resource.pack.ModPackResourcesUtil) [Fabric] cur @ vanilla, auto-enabled fabric-lifecycle-events-v1, currently enabled: [vanilla, cloth-config, fabric-api, fabric-api-base, fabric-api-lookup-api-v1, fabric-biome-api-v1, fabric-block-api-v1, fabric-block-view-api-v2, fabric-client-gametest-api-v1, fabric-command-api-v2, fabric-content-registries-v0, fabric-convention-tags-v1, fabric-convention-tags-v2, fabric-crash-report-info-v1, fabric-data-attachment-api-v1, fabric-data-generation-api-v1, fabric-dimensions-v1, fabric-entity-events-v1, fabric-events-interaction-v0, fabric-game-rule-api-v1, fabric-gametest-api-v1, fabric-item-api-v1, fabric-item-group-api-v1, fabric-key-binding-api-v1, fabric-lifecycle-events-v1]
[14:52:55] [Render thread/DEBUG] (net.fabricmc.fabric.impl.resource.pack.ModPackResourcesUtil) [Fabric] cur @ vanilla, auto-enabled fabric-loot-api-v2, currently enabled: [vanilla, cloth-config, fabric-api, fabric-api-base, fabric-api-lookup-api-v1, fabric-biome-api-v1, fabric-block-api-v1, fabric-block-view-api-v2, fabric-client-gametest-api-v1, fabric-command-api-v2, fabric-content-registries-v0, fabric-convention-tags-v1, fabric-convention-tags-v2, fabric-crash-report-info-v1, fabric-data-attachment-api-v1, fabric-data-generation-api-v1, fabric-dimensions-v1, fabric-entity-events-v1, fabric-events-interaction-v0, fabric-game-rule-api-v1, fabric-gametest-api-v1, fabric-item-api-v1, fabric-item-group-api-v1, fabric-key-binding-api-v1, fabric-lifecycle-events-v1, fabric-loot-api-v2]
[14:52:55] [Render thread/DEBUG] (net.fabricmc.fabric.impl.resource.pack.ModPackResourcesUtil) [Fabric] cur @ vanilla, auto-enabled fabric-loot-api-v3, currently enabled: [vanilla, cloth-config, fabric-api, fabric-api-base, fabric-api-lookup-api-v1, fabric-biome-api-v1, fabric-block-api-v1, fabric-block-view-api-v2, fabric-client-gametest-api-v1, fabric-command-api-v2, fabric-content-registries-v0, fabric-convention-tags-v1, fabric-convention-tags-v2, fabric-crash-report-info-v1, fabric-data-attachment-api-v1, fabric-data-generation-api-v1, fabric-dimensions-v1, fabric-entity-events-v1, fabric-events-interaction-v0, fabric-game-rule-api-v1, fabric-gametest-api-v1, fabric-item-api-v1, fabric-item-group-api-v1, fabric-key-binding-api-v1, fabric-lifecycle-events-v1, fabric-loot-api-v2, fabric-loot-api-v3]
[14:52:55] [Render thread/DEBUG] (net.fabricmc.fabric.impl.resource.pack.ModPackResourcesUtil) [Fabric] cur @ vanilla, auto-enabled fabric-message-api-v1, currently enabled: [vanilla, cloth-config, fabric-api, fabric-api-base, fabric-api-lookup-api-v1, fabric-biome-api-v1, fabric-block-api-v1, fabric-block-view-api-v2, fabric-client-gametest-api-v1, fabric-command-api-v2, fabric-content-registries-v0, fabric-convention-tags-v1, fabric-convention-tags-v2, fabric-crash-report-info-v1, fabric-data-attachment-api-v1, fabric-data-generation-api-v1, fabric-dimensions-v1, fabric-entity-events-v1, fabric-events-interaction-v0, fabric-game-rule-api-v1, fabric-gametest-api-v1, fabric-item-api-v1, fabric-item-group-api-v1, fabric-key-binding-api-v1, fabric-lifecycle-events-v1, fabric-loot-api-v2, fabric-loot-api-v3, fabric-message-api-v1]
[14:52:55] [Render thread/DEBUG] (net.fabricmc.fabric.impl.resource.pack.ModPackResourcesUtil) [Fabric] cur @ vanilla, auto-enabled fabric-model-loading-api-v1, currently enabled: [vanilla, cloth-config, fabric-api, fabric-api-base, fabric-api-lookup-api-v1, fabric-biome-api-v1, fabric-block-api-v1, fabric-block-view-api-v2, fabric-client-gametest-api-v1, fabric-command-api-v2, fabric-content-registries-v0, fabric-convention-tags-v1, fabric-convention-tags-v2, fabric-crash-report-info-v1, fabric-data-attachment-api-v1, fabric-data-generation-api-v1, fabric-dimensions-v1, fabric-entity-events-v1, fabric-events-interaction-v0, fabric-game-rule-api-v1, fabric-gametest-api-v1, fabric-item-api-v1, fabric-item-group-api-v1, fabric-key-binding-api-v1, fabric-lifecycle-events-v1, fabric-loot-api-v2, fabric-loot-api-v3, fabric-message-api-v1, fabric-model-loading-api-v1]
[14:52:55] [Render thread/DEBUG] (net.fabricmc.fabric.impl.resource.pack.ModPackResourcesUtil) [Fabric] cur @ vanilla, auto-enabled fabric-networking-api-v1, currently enabled: [vanilla, cloth-config, fabric-api, fabric-api-base, fabric-api-lookup-api-v1, fabric-biome-api-v1, fabric-block-api-v1, fabric-block-view-api-v2, fabric-client-gametest-api-v1, fabric-command-api-v2, fabric-content-registries-v0, fabric-convention-tags-v1, fabric-convention-tags-v2, fabric-crash-report-info-v1, fabric-data-attachment-api-v1, fabric-data-generation-api-v1, fabric-dimensions-v1, fabric-entity-events-v1, fabric-events-interaction-v0, fabric-game-rule-api-v1, fabric-gametest-api-v1, fabric-item-api-v1, fabric-item-group-api-v1, fabric-key-binding-api-v1, fabric-lifecycle-events-v1, fabric-loot-api-v2, fabric-loot-api-v3, fabric-message-api-v1, fabric-model-loading-api-v1, fabric-networking-api-v1]
[14:52:55] [Render thread/DEBUG] (net.fabricmc.fabric.impl.resource.pack.ModPackResourcesUtil) [Fabric] cur @ vanilla, auto-enabled fabric-object-builder-api-v1, currently enabled: [vanilla, cloth-config, fabric-api, fabric-api-base, fabric-api-lookup-api-v1, fabric-biome-api-v1, fabric-block-api-v1, fabric-block-view-api-v2, fabric-client-gametest-api-v1, fabric-command-api-v2, fabric-content-registries-v0, fabric-convention-tags-v1, fabric-convention-tags-v2, fabric-crash-report-info-v1, fabric-data-attachment-api-v1, fabric-data-generation-api-v1, fabric-dimensions-v1, fabric-entity-events-v1, fabric-events-interaction-v0, fabric-game-rule-api-v1, fabric-gametest-api-v1, fabric-item-api-v1, fabric-item-group-api-v1, fabric-key-binding-api-v1, fabric-lifecycle-events-v1, fabric-loot-api-v2, fabric-loot-api-v3, fabric-message-api-v1, fabric-model-loading-api-v1, fabric-networking-api-v1, fabric-object-builder-api-v1]
[14:52:55] [Render thread/DEBUG] (net.fabricmc.fabric.impl.resource.pack.ModPackResourcesUtil) [Fabric] cur @ vanilla, auto-enabled fabric-particles-v1, currently enabled: [vanilla, cloth-config, fabric-api, fabric-api-base, fabric-api-lookup-api-v1, fabric-biome-api-v1, fabric-block-api-v1, fabric-block-view-api-v2, fabric-client-gametest-api-v1, fabric-command-api-v2, fabric-content-registries-v0, fabric-convention-tags-v1, fabric-convention-tags-v2, fabric-crash-report-info-v1, fabric-data-attachment-api-v1, fabric-data-generation-api-v1, fabric-dimensions-v1, fabric-entity-events-v1, fabric-events-interaction-v0, fabric-game-rule-api-v1, fabric-gametest-api-v1, fabric-item-api-v1, fabric-item-group-api-v1, fabric-key-binding-api-v1, fabric-lifecycle-events-v1, fabric-loot-api-v2, fabric-loot-api-v3, fabric-message-api-v1, fabric-model-loading-api-v1, fabric-networking-api-v1, fabric-object-builder-api-v1, fabric-particles-v1]
[14:52:55] [Render thread/DEBUG] (net.fabricmc.fabric.impl.resource.pack.ModPackResourcesUtil) [Fabric] cur @ vanilla, auto-enabled fabric-recipe-api-v1, currently enabled: [vanilla, cloth-config, fabric-api, fabric-api-base, fabric-api-lookup-api-v1, fabric-biome-api-v1, fabric-block-api-v1, fabric-block-view-api-v2, fabric-client-gametest-api-v1, fabric-command-api-v2, fabric-content-registries-v0, fabric-convention-tags-v1, fabric-convention-tags-v2, fabric-crash-report-info-v1, fabric-data-attachment-api-v1, fabric-data-generation-api-v1, fabric-dimensions-v1, fabric-entity-events-v1, fabric-events-interaction-v0, fabric-game-rule-api-v1, fabric-gametest-api-v1, fabric-item-api-v1, fabric-item-group-api-v1, fabric-key-binding-api-v1, fabric-lifecycle-events-v1, fabric-loot-api-v2, fabric-loot-api-v3, fabric-message-api-v1, fabric-model-loading-api-v1, fabric-networking-api-v1, fabric-object-builder-api-v1, fabric-particles-v1, fabric-recipe-api-v1]
[14:52:55] [Render thread/DEBUG] (net.fabricmc.fabric.impl.resource.pack.ModPackResourcesUtil) [Fabric] cur @ vanilla, auto-enabled fabric-registry-sync-v0, currently enabled: [vanilla, cloth-config, fabric-api, fabric-api-base, fabric-api-lookup-api-v1, fabric-biome-api-v1, fabric-block-api-v1, fabric-block-view-api-v2, fabric-client-gametest-api-v1, fabric-command-api-v2, fabric-content-registries-v0, fabric-convention-tags-v1, fabric-convention-tags-v2, fabric-crash-report-info-v1, fabric-data-attachment-api-v1, fabric-data-generation-api-v1, fabric-dimensions-v1, fabric-entity-events-v1, fabric-events-interaction-v0, fabric-game-rule-api-v1, fabric-gametest-api-v1, fabric-item-api-v1, fabric-item-group-api-v1, fabric-key-binding-api-v1, fabric-lifecycle-events-v1, fabric-loot-api-v2, fabric-loot-api-v3, fabric-message-api-v1, fabric-model-loading-api-v1, fabric-networking-api-v1, fabric-object-builder-api-v1, fabric-particles-v1, fabric-recipe-api-v1, fabric-registry-sync-v0]
[14:52:55] [Render thread/DEBUG] (net.fabricmc.fabric.impl.resource.pack.ModPackResourcesUtil) [Fabric] cur @ vanilla, auto-enabled fabric-renderer-api-v1, currently enabled: [vanilla, cloth-config, fabric-api, fabric-api-base, fabric-api-lookup-api-v1, fabric-biome-api-v1, fabric-block-api-v1, fabric-block-view-api-v2, fabric-client-gametest-api-v1, fabric-command-api-v2, fabric-content-registries-v0, fabric-convention-tags-v1, fabric-convention-tags-v2, fabric-crash-report-info-v1, fabric-data-attachment-api-v1, fabric-data-generation-api-v1, fabric-dimensions-v1, fabric-entity-events-v1, fabric-events-interaction-v0, fabric-game-rule-api-v1, fabric-gametest-api-v1, fabric-item-api-v1, fabric-item-group-api-v1, fabric-key-binding-api-v1, fabric-lifecycle-events-v1, fabric-loot-api-v2, fabric-loot-api-v3, fabric-message-api-v1, fabric-model-loading-api-v1, fabric-networking-api-v1, fabric-object-builder-api-v1, fabric-particles-v1, fabric-recipe-api-v1, fabric-registry-sync-v0, fabric-renderer-api-v1]
[14:52:55] [Render thread/DEBUG] (net.fabricmc.fabric.impl.resource.pack.ModPackResourcesUtil) [Fabric] cur @ vanilla, auto-enabled fabric-renderer-indigo, currently enabled: [vanilla, cloth-config, fabric-api, fabric-api-base, fabric-api-lookup-api-v1, fabric-biome-api-v1, fabric-block-api-v1, fabric-block-view-api-v2, fabric-client-gametest-api-v1, fabric-command-api-v2, fabric-content-registries-v0, fabric-convention-tags-v1, fabric-convention-tags-v2, fabric-crash-report-info-v1, fabric-data-attachment-api-v1, fabric-data-generation-api-v1, fabric-dimensions-v1, fabric-entity-events-v1, fabric-events-interaction-v0, fabric-game-rule-api-v1, fabric-gametest-api-v1, fabric-item-api-v1, fabric-item-group-api-v1, fabric-key-binding-api-v1, fabric-lifecycle-events-v1, fabric-loot-api-v2, fabric-loot-api-v3, fabric-message-api-v1, fabric-model-loading-api-v1, fabric-networking-api-v1, fabric-object-builder-api-v1, fabric-particles-v1, fabric-recipe-api-v1, fabric-registry-sync-v0, fabric-renderer-api-v1, fabric-renderer-indigo]
[14:52:55] [Render thread/DEBUG] (net.fabricmc.fabric.impl.resource.pack.ModPackResourcesUtil) [Fabric] cur @ vanilla, auto-enabled fabric-rendering-fluids-v1, currently enabled: [vanilla, cloth-config, fabric-api, fabric-api-base, fabric-api-lookup-api-v1, fabric-biome-api-v1, fabric-block-api-v1, fabric-block-view-api-v2, fabric-client-gametest-api-v1, fabric-command-api-v2, fabric-content-registries-v0, fabric-convention-tags-v1, fabric-convention-tags-v2, fabric-crash-report-info-v1, fabric-data-attachment-api-v1, fabric-data-generation-api-v1, fabric-dimensions-v1, fabric-entity-events-v1, fabric-events-interaction-v0, fabric-game-rule-api-v1, fabric-gametest-api-v1, fabric-item-api-v1, fabric-item-group-api-v1, fabric-key-binding-api-v1, fabric-lifecycle-events-v1, fabric-loot-api-v2, fabric-loot-api-v3, fabric-message-api-v1, fabric-model-loading-api-v1, fabric-networking-api-v1, fabric-object-builder-api-v1, fabric-particles-v1, fabric-recipe-api-v1, fabric-registry-sync-v0, fabric-renderer-api-v1, fabric-renderer-indigo, fabric-rendering-fluids-v1]
[14:52:55] [Render thread/DEBUG] (net.fabricmc.fabric.impl.resource.pack.ModPackResourcesUtil) [Fabric] cur @ vanilla, auto-enabled fabric-rendering-v1, currently enabled: [vanilla, cloth-config, fabric-api, fabric-api-base, fabric-api-lookup-api-v1, fabric-biome-api-v1, fabric-block-api-v1, fabric-block-view-api-v2, fabric-client-gametest-api-v1, fabric-command-api-v2, fabric-content-registries-v0, fabric-convention-tags-v1, fabric-convention-tags-v2, fabric-crash-report-info-v1, fabric-data-attachment-api-v1, fabric-data-generation-api-v1, fabric-dimensions-v1, fabric-entity-events-v1, fabric-events-interaction-v0, fabric-game-rule-api-v1, fabric-gametest-api-v1, fabric-item-api-v1, fabric-item-group-api-v1, fabric-key-binding-api-v1, fabric-lifecycle-events-v1, fabric-loot-api-v2, fabric-loot-api-v3, fabric-message-api-v1, fabric-model-loading-api-v1, fabric-networking-api-v1, fabric-object-builder-api-v1, fabric-particles-v1, fabric-recipe-api-v1, fabric-registry-sync-v0, fabric-renderer-api-v1, fabric-renderer-indigo, fabric-rendering-fluids-v1, fabric-rendering-v1]
[14:52:55] [Render thread/DEBUG] (net.fabricmc.fabric.impl.resource.pack.ModPackResourcesUtil) [Fabric] cur @ vanilla, auto-enabled fabric-resource-conditions-api-v1, currently enabled: [vanilla, cloth-config, fabric-api, fabric-api-base, fabric-api-lookup-api-v1, fabric-biome-api-v1, fabric-block-api-v1, fabric-block-view-api-v2, fabric-client-gametest-api-v1, fabric-command-api-v2, fabric-content-registries-v0, fabric-convention-tags-v1, fabric-convention-tags-v2, fabric-crash-report-info-v1, fabric-data-attachment-api-v1, fabric-data-generation-api-v1, fabric-dimensions-v1, fabric-entity-events-v1, fabric-events-interaction-v0, fabric-game-rule-api-v1, fabric-gametest-api-v1, fabric-item-api-v1, fabric-item-group-api-v1, fabric-key-binding-api-v1, fabric-lifecycle-events-v1, fabric-loot-api-v2, fabric-loot-api-v3, fabric-message-api-v1, fabric-model-loading-api-v1, fabric-networking-api-v1, fabric-object-builder-api-v1, fabric-particles-v1, fabric-recipe-api-v1, fabric-registry-sync-v0, fabric-renderer-api-v1, fabric-renderer-indigo, fabric-rendering-fluids-v1, fabric-rendering-v1, fabric-resource-conditions-api-v1]
[14:52:55] [Render thread/DEBUG] (net.fabricmc.fabric.impl.resource.pack.ModPackResourcesUtil) [Fabric] cur @ vanilla, auto-enabled fabric-resource-loader-v0, currently enabled: [vanilla, cloth-config, fabric-api, fabric-api-base, fabric-api-lookup-api-v1, fabric-biome-api-v1, fabric-block-api-v1, fabric-block-view-api-v2, fabric-client-gametest-api-v1, fabric-command-api-v2, fabric-content-registries-v0, fabric-convention-tags-v1, fabric-convention-tags-v2, fabric-crash-report-info-v1, fabric-data-attachment-api-v1, fabric-data-generation-api-v1, fabric-dimensions-v1, fabric-entity-events-v1, fabric-events-interaction-v0, fabric-game-rule-api-v1, fabric-gametest-api-v1, fabric-item-api-v1, fabric-item-group-api-v1, fabric-key-binding-api-v1, fabric-lifecycle-events-v1, fabric-loot-api-v2, fabric-loot-api-v3, fabric-message-api-v1, fabric-model-loading-api-v1, fabric-networking-api-v1, fabric-object-builder-api-v1, fabric-particles-v1, fabric-recipe-api-v1, fabric-registry-sync-v0, fabric-renderer-api-v1, fabric-renderer-indigo, fabric-rendering-fluids-v1, fabric-rendering-v1, fabric-resource-conditions-api-v1, fabric-resource-loader-v0]
[14:52:55] [Render thread/DEBUG] (net.fabricmc.fabric.impl.resource.pack.ModPackResourcesUtil) [Fabric] cur @ vanilla, auto-enabled fabric-resource-loader-v1, currently enabled: [vanilla, cloth-config, fabric-api, fabric-api-base, fabric-api-lookup-api-v1, fabric-biome-api-v1, fabric-block-api-v1, fabric-block-view-api-v2, fabric-client-gametest-api-v1, fabric-command-api-v2, fabric-content-registries-v0, fabric-convention-tags-v1, fabric-convention-tags-v2, fabric-crash-report-info-v1, fabric-data-attachment-api-v1, fabric-data-generation-api-v1, fabric-dimensions-v1, fabric-entity-events-v1, fabric-events-interaction-v0, fabric-game-rule-api-v1, fabric-gametest-api-v1, fabric-item-api-v1, fabric-item-group-api-v1, fabric-key-binding-api-v1, fabric-lifecycle-events-v1, fabric-loot-api-v2, fabric-loot-api-v3, fabric-message-api-v1, fabric-model-loading-api-v1, fabric-networking-api-v1, fabric-object-builder-api-v1, fabric-particles-v1, fabric-recipe-api-v1, fabric-registry-sync-v0, fabric-renderer-api-v1, fabric-renderer-indigo, fabric-rendering-fluids-v1, fabric-rendering-v1, fabric-resource-conditions-api-v1, fabric-resource-loader-v0, fabric-resource-loader-v1]
[14:52:55] [Render thread/DEBUG] (net.fabricmc.fabric.impl.resource.pack.ModPackResourcesUtil) [Fabric] cur @ vanilla, auto-enabled fabric-screen-api-v1, currently enabled: [vanilla, cloth-config, fabric-api, fabric-api-base, fabric-api-lookup-api-v1, fabric-biome-api-v1, fabric-block-api-v1, fabric-block-view-api-v2, fabric-client-gametest-api-v1, fabric-command-api-v2, fabric-content-registries-v0, fabric-convention-tags-v1, fabric-convention-tags-v2, fabric-crash-report-info-v1, fabric-data-attachment-api-v1, fabric-data-generation-api-v1, fabric-dimensions-v1, fabric-entity-events-v1, fabric-events-interaction-v0, fabric-game-rule-api-v1, fabric-gametest-api-v1, fabric-item-api-v1, fabric-item-group-api-v1, fabric-key-binding-api-v1, fabric-lifecycle-events-v1, fabric-loot-api-v2, fabric-loot-api-v3, fabric-message-api-v1, fabric-model-loading-api-v1, fabric-networking-api-v1, fabric-object-builder-api-v1, fabric-particles-v1, fabric-recipe-api-v1, fabric-registry-sync-v0, fabric-renderer-api-v1, fabric-renderer-indigo, fabric-rendering-fluids-v1, fabric-rendering-v1, fabric-resource-conditions-api-v1, fabric-resource-loader-v0, fabric-resource-loader-v1, fabric-screen-api-v1]
[14:52:55] [Render thread/DEBUG] (net.fabricmc.fabric.impl.resource.pack.ModPackResourcesUtil) [Fabric] cur @ vanilla, auto-enabled fabric-screen-handler-api-v1, currently enabled: [vanilla, cloth-config, fabric-api, fabric-api-base, fabric-api-lookup-api-v1, fabric-biome-api-v1, fabric-block-api-v1, fabric-block-view-api-v2, fabric-client-gametest-api-v1, fabric-command-api-v2, fabric-content-registries-v0, fabric-convention-tags-v1, fabric-convention-tags-v2, fabric-crash-report-info-v1, fabric-data-attachment-api-v1, fabric-data-generation-api-v1, fabric-dimensions-v1, fabric-entity-events-v1, fabric-events-interaction-v0, fabric-game-rule-api-v1, fabric-gametest-api-v1, fabric-item-api-v1, fabric-item-group-api-v1, fabric-key-binding-api-v1, fabric-lifecycle-events-v1, fabric-loot-api-v2, fabric-loot-api-v3, fabric-message-api-v1, fabric-model-loading-api-v1, fabric-networking-api-v1, fabric-object-builder-api-v1, fabric-particles-v1, fabric-recipe-api-v1, fabric-registry-sync-v0, fabric-renderer-api-v1, fabric-renderer-indigo, fabric-rendering-fluids-v1, fabric-rendering-v1, fabric-resource-conditions-api-v1, fabric-resource-loader-v0, fabric-resource-loader-v1, fabric-screen-api-v1, fabric-screen-handler-api-v1]
[14:52:55] [Render thread/DEBUG] (net.fabricmc.fabric.impl.resource.pack.ModPackResourcesUtil) [Fabric] cur @ vanilla, auto-enabled fabric-serialization-api-v1, currently enabled: [vanilla, cloth-config, fabric-api, fabric-api-base, fabric-api-lookup-api-v1, fabric-biome-api-v1, fabric-block-api-v1, fabric-block-view-api-v2, fabric-client-gametest-api-v1, fabric-command-api-v2, fabric-content-registries-v0, fabric-convention-tags-v1, fabric-convention-tags-v2, fabric-crash-report-info-v1, fabric-data-attachment-api-v1, fabric-data-generation-api-v1, fabric-dimensions-v1, fabric-entity-events-v1, fabric-events-interaction-v0, fabric-game-rule-api-v1, fabric-gametest-api-v1, fabric-item-api-v1, fabric-item-group-api-v1, fabric-key-binding-api-v1, fabric-lifecycle-events-v1, fabric-loot-api-v2, fabric-loot-api-v3, fabric-message-api-v1, fabric-model-loading-api-v1, fabric-networking-api-v1, fabric-object-builder-api-v1, fabric-particles-v1, fabric-recipe-api-v1, fabric-registry-sync-v0, fabric-renderer-api-v1, fabric-renderer-indigo, fabric-rendering-fluids-v1, fabric-rendering-v1, fabric-resource-conditions-api-v1, fabric-resource-loader-v0, fabric-resource-loader-v1, fabric-screen-api-v1, fabric-screen-handler-api-v1, fabric-serialization-api-v1]
[14:52:55] [Render thread/DEBUG] (net.fabricmc.fabric.impl.resource.pack.ModPackResourcesUtil) [Fabric] cur @ vanilla, auto-enabled fabric-sound-api-v1, currently enabled: [vanilla, cloth-config, fabric-api, fabric-api-base, fabric-api-lookup-api-v1, fabric-biome-api-v1, fabric-block-api-v1, fabric-block-view-api-v2, fabric-client-gametest-api-v1, fabric-command-api-v2, fabric-content-registries-v0, fabric-convention-tags-v1, fabric-convention-tags-v2, fabric-crash-report-info-v1, fabric-data-attachment-api-v1, fabric-data-generation-api-v1, fabric-dimensions-v1, fabric-entity-events-v1, fabric-events-interaction-v0, fabric-game-rule-api-v1, fabric-gametest-api-v1, fabric-item-api-v1, fabric-item-group-api-v1, fabric-key-binding-api-v1, fabric-lifecycle-events-v1, fabric-loot-api-v2, fabric-loot-api-v3, fabric-message-api-v1, fabric-model-loading-api-v1, fabric-networking-api-v1, fabric-object-builder-api-v1, fabric-particles-v1, fabric-recipe-api-v1, fabric-registry-sync-v0, fabric-renderer-api-v1, fabric-renderer-indigo, fabric-rendering-fluids-v1, fabric-rendering-v1, fabric-resource-conditions-api-v1, fabric-resource-loader-v0, fabric-resource-loader-v1, fabric-screen-api-v1, fabric-screen-handler-api-v1, fabric-serialization-api-v1, fabric-sound-api-v1]
[14:52:55] [Render thread/DEBUG] (net.fabricmc.fabric.impl.resource.pack.ModPackResourcesUtil) [Fabric] cur @ vanilla, auto-enabled fabric-tag-api-v1, currently enabled: [vanilla, cloth-config, fabric-api, fabric-api-base, fabric-api-lookup-api-v1, fabric-biome-api-v1, fabric-block-api-v1, fabric-block-view-api-v2, fabric-client-gametest-api-v1, fabric-command-api-v2, fabric-content-registries-v0, fabric-convention-tags-v1, fabric-convention-tags-v2, fabric-crash-report-info-v1, fabric-data-attachment-api-v1, fabric-data-generation-api-v1, fabric-dimensions-v1, fabric-entity-events-v1, fabric-events-interaction-v0, fabric-game-rule-api-v1, fabric-gametest-api-v1, fabric-item-api-v1, fabric-item-group-api-v1, fabric-key-binding-api-v1, fabric-lifecycle-events-v1, fabric-loot-api-v2, fabric-loot-api-v3, fabric-message-api-v1, fabric-model-loading-api-v1, fabric-networking-api-v1, fabric-object-builder-api-v1, fabric-particles-v1, fabric-recipe-api-v1, fabric-registry-sync-v0, fabric-renderer-api-v1, fabric-renderer-indigo, fabric-rendering-fluids-v1, fabric-rendering-v1, fabric-resource-conditions-api-v1, fabric-resource-loader-v0, fabric-resource-loader-v1, fabric-screen-api-v1, fabric-screen-handler-api-v1, fabric-serialization-api-v1, fabric-sound-api-v1, fabric-tag-api-v1]
[14:52:55] [Render thread/DEBUG] (net.fabricmc.fabric.impl.resource.pack.ModPackResourcesUtil) [Fabric] cur @ vanilla, auto-enabled fabric-transfer-api-v1, currently enabled: [vanilla, cloth-config, fabric-api, fabric-api-base, fabric-api-lookup-api-v1, fabric-biome-api-v1, fabric-block-api-v1, fabric-block-view-api-v2, fabric-client-gametest-api-v1, fabric-command-api-v2, fabric-content-registries-v0, fabric-convention-tags-v1, fabric-convention-tags-v2, fabric-crash-report-info-v1, fabric-data-attachment-api-v1, fabric-data-generation-api-v1, fabric-dimensions-v1, fabric-entity-events-v1, fabric-events-interaction-v0, fabric-game-rule-api-v1, fabric-gametest-api-v1, fabric-item-api-v1, fabric-item-group-api-v1, fabric-key-binding-api-v1, fabric-lifecycle-events-v1, fabric-loot-api-v2, fabric-loot-api-v3, fabric-message-api-v1, fabric-model-loading-api-v1, fabric-networking-api-v1, fabric-object-builder-api-v1, fabric-particles-v1, fabric-recipe-api-v1, fabric-registry-sync-v0, fabric-renderer-api-v1, fabric-renderer-indigo, fabric-rendering-fluids-v1, fabric-rendering-v1, fabric-resource-conditions-api-v1, fabric-resource-loader-v0, fabric-resource-loader-v1, fabric-screen-api-v1, fabric-screen-handler-api-v1, fabric-serialization-api-v1, fabric-sound-api-v1, fabric-tag-api-v1, fabric-transfer-api-v1]
[14:52:55] [Render thread/DEBUG] (net.fabricmc.fabric.impl.resource.pack.ModPackResourcesUtil) [Fabric] cur @ vanilla, auto-enabled fabric-transitive-access-wideners-v1, currently enabled: [vanilla, cloth-config, fabric-api, fabric-api-base, fabric-api-lookup-api-v1, fabric-biome-api-v1, fabric-block-api-v1, fabric-block-view-api-v2, fabric-client-gametest-api-v1, fabric-command-api-v2, fabric-content-registries-v0, fabric-convention-tags-v1, fabric-convention-tags-v2, fabric-crash-report-info-v1, fabric-data-attachment-api-v1, fabric-data-generation-api-v1, fabric-dimensions-v1, fabric-entity-events-v1, fabric-events-interaction-v0, fabric-game-rule-api-v1, fabric-gametest-api-v1, fabric-item-api-v1, fabric-item-group-api-v1, fabric-key-binding-api-v1, fabric-lifecycle-events-v1, fabric-loot-api-v2, fabric-loot-api-v3, fabric-message-api-v1, fabric-model-loading-api-v1, fabric-networking-api-v1, fabric-object-builder-api-v1, fabric-particles-v1, fabric-recipe-api-v1, fabric-registry-sync-v0, fabric-renderer-api-v1, fabric-renderer-indigo, fabric-rendering-fluids-v1, fabric-rendering-v1, fabric-resource-conditions-api-v1, fabric-resource-loader-v0, fabric-resource-loader-v1, fabric-screen-api-v1, fabric-screen-handler-api-v1, fabric-serialization-api-v1, fabric-sound-api-v1, fabric-tag-api-v1, fabric-transfer-api-v1, fabric-transitive-access-wideners-v1]
[14:52:55] [Render thread/DEBUG] (net.fabricmc.fabric.impl.resource.pack.ModPackResourcesUtil) [Fabric] cur @ vanilla, auto-enabled fabricloader, currently enabled: [vanilla, cloth-config, fabric-api, fabric-api-base, fabric-api-lookup-api-v1, fabric-biome-api-v1, fabric-block-api-v1, fabric-block-view-api-v2, fabric-client-gametest-api-v1, fabric-command-api-v2, fabric-content-registries-v0, fabric-convention-tags-v1, fabric-convention-tags-v2, fabric-crash-report-info-v1, fabric-data-attachment-api-v1, fabric-data-generation-api-v1, fabric-dimensions-v1, fabric-entity-events-v1, fabric-events-interaction-v0, fabric-game-rule-api-v1, fabric-gametest-api-v1, fabric-item-api-v1, fabric-item-group-api-v1, fabric-key-binding-api-v1, fabric-lifecycle-events-v1, fabric-loot-api-v2, fabric-loot-api-v3, fabric-message-api-v1, fabric-model-loading-api-v1, fabric-networking-api-v1, fabric-object-builder-api-v1, fabric-particles-v1, fabric-recipe-api-v1, fabric-registry-sync-v0, fabric-renderer-api-v1, fabric-renderer-indigo, fabric-rendering-fluids-v1, fabric-rendering-v1, fabric-resource-conditions-api-v1, fabric-resource-loader-v0, fabric-resource-loader-v1, fabric-screen-api-v1, fabric-screen-handler-api-v1, fabric-serialization-api-v1, fabric-sound-api-v1, fabric-tag-api-v1, fabric-transfer-api-v1, fabric-transitive-access-wideners-v1, fabricloader]
[14:52:55] [Render thread/DEBUG] (net.fabricmc.fabric.impl.resource.pack.ModPackResourcesUtil) [Fabric] cur @ vanilla, auto-enabled modmenu, currently enabled: [vanilla, cloth-config, fabric-api, fabric-api-base, fabric-api-lookup-api-v1, fabric-biome-api-v1, fabric-block-api-v1, fabric-block-view-api-v2, fabric-client-gametest-api-v1, fabric-command-api-v2, fabric-content-registries-v0, fabric-convention-tags-v1, fabric-convention-tags-v2, fabric-crash-report-info-v1, fabric-data-attachment-api-v1, fabric-data-generation-api-v1, fabric-dimensions-v1, fabric-entity-events-v1, fabric-events-interaction-v0, fabric-game-rule-api-v1, fabric-gametest-api-v1, fabric-item-api-v1, fabric-item-group-api-v1, fabric-key-binding-api-v1, fabric-lifecycle-events-v1, fabric-loot-api-v2, fabric-loot-api-v3, fabric-message-api-v1, fabric-model-loading-api-v1, fabric-networking-api-v1, fabric-object-builder-api-v1, fabric-particles-v1, fabric-recipe-api-v1, fabric-registry-sync-v0, fabric-renderer-api-v1, fabric-renderer-indigo, fabric-rendering-fluids-v1, fabric-rendering-v1, fabric-resource-conditions-api-v1, fabric-resource-loader-v0, fabric-resource-loader-v1, fabric-screen-api-v1, fabric-screen-handler-api-v1, fabric-serialization-api-v1, fabric-sound-api-v1, fabric-tag-api-v1, fabric-transfer-api-v1, fabric-transitive-access-wideners-v1, fabricloader, modmenu]
[14:52:55] [Render thread/DEBUG] (net.fabricmc.fabric.impl.resource.pack.ModPackResourcesUtil) [Fabric] cur @ vanilla, auto-enabled simplebuilding, currently enabled: [vanilla, cloth-config, fabric-api, fabric-api-base, fabric-api-lookup-api-v1, fabric-biome-api-v1, fabric-block-api-v1, fabric-block-view-api-v2, fabric-client-gametest-api-v1, fabric-command-api-v2, fabric-content-registries-v0, fabric-convention-tags-v1, fabric-convention-tags-v2, fabric-crash-report-info-v1, fabric-data-attachment-api-v1, fabric-data-generation-api-v1, fabric-dimensions-v1, fabric-entity-events-v1, fabric-events-interaction-v0, fabric-game-rule-api-v1, fabric-gametest-api-v1, fabric-item-api-v1, fabric-item-group-api-v1, fabric-key-binding-api-v1, fabric-lifecycle-events-v1, fabric-loot-api-v2, fabric-loot-api-v3, fabric-message-api-v1, fabric-model-loading-api-v1, fabric-networking-api-v1, fabric-object-builder-api-v1, fabric-particles-v1, fabric-recipe-api-v1, fabric-registry-sync-v0, fabric-renderer-api-v1, fabric-renderer-indigo, fabric-rendering-fluids-v1, fabric-rendering-v1, fabric-resource-conditions-api-v1, fabric-resource-loader-v0, fabric-resource-loader-v1, fabric-screen-api-v1, fabric-screen-handler-api-v1, fabric-serialization-api-v1, fabric-sound-api-v1, fabric-tag-api-v1, fabric-transfer-api-v1, fabric-transitive-access-wideners-v1, fabricloader, modmenu, simplebuilding]
[14:52:55] [Render thread/DEBUG] (net.fabricmc.fabric.impl.resource.pack.ModPackResourcesUtil) [Fabric] Final sorting result: [vanilla, cloth-config, fabric-api, fabric-api-base, fabric-api-lookup-api-v1, fabric-biome-api-v1, fabric-block-api-v1, fabric-block-view-api-v2, fabric-client-gametest-api-v1, fabric-command-api-v2, fabric-content-registries-v0, fabric-convention-tags-v1, fabric-convention-tags-v2, fabric-crash-report-info-v1, fabric-data-attachment-api-v1, fabric-data-generation-api-v1, fabric-dimensions-v1, fabric-entity-events-v1, fabric-events-interaction-v0, fabric-game-rule-api-v1, fabric-gametest-api-v1, fabric-item-api-v1, fabric-item-group-api-v1, fabric-key-binding-api-v1, fabric-lifecycle-events-v1, fabric-loot-api-v2, fabric-loot-api-v3, fabric-message-api-v1, fabric-model-loading-api-v1, fabric-networking-api-v1, fabric-object-builder-api-v1, fabric-particles-v1, fabric-recipe-api-v1, fabric-registry-sync-v0, fabric-renderer-api-v1, fabric-renderer-indigo, fabric-rendering-fluids-v1, fabric-rendering-v1, fabric-resource-conditions-api-v1, fabric-resource-loader-v0, fabric-resource-loader-v1, fabric-screen-api-v1, fabric-screen-handler-api-v1, fabric-serialization-api-v1, fabric-sound-api-v1, fabric-tag-api-v1, fabric-transfer-api-v1, fabric-transitive-access-wideners-v1, fabricloader, modmenu, simplebuilding]
[14:52:55] [Render thread/DEBUG] (FabricLoader/Mixin) Mixing KeyedClientResourceReloadListenerMixin from fabric-resource-loader-v1.client.mixins.json into net.minecraft.client.resource.language.LanguageManager
[14:52:56] [Render thread/DEBUG] (FabricLoader/Mixin) Mixing KeyedClientResourceReloadListenerMixin from fabric-resource-loader-v1.client.mixins.json into net.minecraft.client.texture.TextureManager
[14:52:56] [Render thread/DEBUG] (FabricLoader/Mixin) Mixing KeyedClientResourceReloadListenerMixin from fabric-resource-loader-v1.client.mixins.json into net.minecraft.client.gl.ShaderLoader
[14:52:56] [Render thread/DEBUG] (FabricLoader/Mixin) Mixing KeyedClientResourceReloadListenerMixin from fabric-resource-loader-v1.client.mixins.json into net.minecraft.client.sound.SoundManager
[14:52:56] [Render thread/DEBUG] (FabricLoader/Mixin) Mixing SoundEngineMixin from fabric-sound-api-v1.mixins.json into net.minecraft.client.sound.SoundSystem
[14:52:56] [Render thread/DEBUG] (FabricLoader/Mixin) Mixing KeyedClientResourceReloadListenerMixin from fabric-resource-loader-v1.client.mixins.json into net.minecraft.client.resource.SplashTextResourceSupplier
[14:52:56] [Render thread/DEBUG] (FabricLoader/Mixin) Mixing KeyedClientResourceReloadListenerMixin from fabric-resource-loader-v1.client.mixins.json into net.minecraft.client.texture.AtlasManager
[14:52:56] [Render thread/DEBUG] (FabricLoader/Mixin) Mixing KeyedClientResourceReloadListenerMixin from fabric-resource-loader-v1.client.mixins.json into net.minecraft.client.font.FontManager
[14:52:56] [Render thread/DEBUG] (FabricLoader/Mixin) Mixing KeyedClientResourceReloadListenerMixin from fabric-resource-loader-v1.client.mixins.json into net.minecraft.client.resource.GrassColormapResourceSupplier
[14:52:56] [Render thread/DEBUG] (FabricLoader/Mixin) Mixing KeyedClientResourceReloadListenerMixin from fabric-resource-loader-v1.client.mixins.json into net.minecraft.client.resource.FoliageColormapResourceSupplier
[14:52:56] [Render thread/DEBUG] (FabricLoader/Mixin) Mixing KeyedClientResourceReloadListenerMixin from fabric-resource-loader-v1.client.mixins.json into net.minecraft.client.resource.DryFoliageColormapResourceSupplier
[14:52:56] [Render thread/DEBUG] (FabricLoader/Mixin) Mixing BlockColorsMixin from fabric-registry-sync-v0.client.mixins.json into net.minecraft.client.color.block.BlockColors
[14:52:56] [Render thread/DEBUG] (FabricLoader/Mixin) Mixing BlockColorsMixin from fabric-rendering-v1.mixins.json into net.minecraft.client.color.block.BlockColors
[14:52:56] [Render thread/DEBUG] (FabricLoader/Mixin) fabric-registry-sync-v0.client.mixins.json:BlockColorsMixin from mod fabric-registry-sync-v0->@Inject::create(Lorg/spongepowered/asm/mixin/injection/callback/CallbackInfo;)V doesn't use it's CallbackInfo
[14:52:56] [Render thread/DEBUG] (FabricLoader/Mixin) fabric-registry-sync-v0.client.mixins.json:BlockColorsMixin from mod fabric-registry-sync-v0->@Inject::create(Lorg/spongepowered/asm/mixin/injection/callback/CallbackInfo;)V has 0 override(s) in child classes
[14:52:56] [Render thread/DEBUG] (FabricLoader/Mixin) fabric-registry-sync-v0.client.mixins.json:BlockColorsMixin from mod fabric-registry-sync-v0->@Inject::create(Lorg/spongepowered/asm/mixin/injection/callback/CallbackInfo;)V won't be passed a CallbackInfo as a result
[14:52:56] [Render thread/DEBUG] (FabricLoader/Mixin) fabric-rendering-v1.mixins.json:BlockColorsMixin from mod fabric-rendering-v1->@Inject::create(Lorg/spongepowered/asm/mixin/injection/callback/CallbackInfoReturnable;)V does use it's CallbackInfoReturnable
[14:52:56] [Render thread/DEBUG] (FabricLoader/Mixin) Mixing KeyedClientResourceReloadListenerMixin from fabric-resource-loader-v1.client.mixins.json into net.minecraft.client.render.model.BakedModelManager
[14:52:56] [Render thread/DEBUG] (FabricLoader/Mixin) Mixing ModelManagerMixin from fabric-model-loading-api-v1.mixins.json into net.minecraft.client.render.model.BakedModelManager
[14:52:56] [Render thread/DEBUG] (FabricLoader/Mixin) Renaming synthetic method lambda$withModelDispatcher$3(Ljava/util/concurrent/CompletableFuture;Ljava/util/function/Function;Ljava/lang/Object;)Ljava/lang/Object; to md66d4ed$fabric-model-loading-api-v1$lambda$withModelDispatcher$3$0 in fabric-model-loading-api-v1.mixins.json:ModelManagerMixin from mod fabric-model-loading-api-v1
[14:52:56] [Render thread/DEBUG] (FabricLoader/Mixin) Renaming synthetic method lambda$hookBlockStateModels$2(Lnet/minecraft/client/render/model/BlockStatesLoader$LoadedModels;Lnet/fabricmc/fabric/impl/client/model/loading/ModelLoadingEventDispatcher;)Lnet/minecraft/client/render/model/BlockStatesLoader$LoadedModels; to md66d4ed$fabric-model-loading-api-v1$lambda$hookBlockStateModels$2$1 in fabric-model-loading-api-v1.mixins.json:ModelManagerMixin from mod fabric-model-loading-api-v1
[14:52:56] [Render thread/DEBUG] (FabricLoader/Mixin) Renaming synthetic method lambda$hookModels$1(Ljava/util/Map;Lnet/fabricmc/fabric/impl/client/model/loading/ModelLoadingEventDispatcher;)Ljava/util/Map; to md66d4ed$fabric-model-loading-api-v1$lambda$hookModels$1$2 in fabric-model-loading-api-v1.mixins.json:ModelManagerMixin from mod fabric-model-loading-api-v1
[14:52:56] [Render thread/DEBUG] (FabricLoader/Mixin) Renaming synthetic method lambda$resetEventDispatcherFuture$0(Ljava/lang/Void;)Ljava/lang/Void; to md66d4ed$fabric-model-loading-api-v1$lambda$resetEventDispatcherFuture$0$3 in fabric-model-loading-api-v1.mixins.json:ModelManagerMixin from mod fabric-model-loading-api-v1
[14:52:56] [Render thread/DEBUG] (FabricLoader/Mixin) fabric-model-loading-api-v1.mixins.json:ModelManagerMixin from mod fabric-model-loading-api-v1->@Inject::onHeadReload(Lnet/minecraft/resource/ResourceReloader$Store;Ljava/util/concurrent/Executor;Lnet/minecraft/resource/ResourceReloader$Synchronizer;Ljava/util/concurrent/Executor;Lorg/spongepowered/asm/mixin/injection/callback/CallbackInfoReturnable;)V doesn't use it's CallbackInfoReturnable
[14:52:56] [Render thread/DEBUG] (FabricLoader/Mixin) fabric-model-loading-api-v1.mixins.json:ModelManagerMixin from mod fabric-model-loading-api-v1->@Inject::onHeadReload(Lnet/minecraft/resource/ResourceReloader$Store;Ljava/util/concurrent/Executor;Lnet/minecraft/resource/ResourceReloader$Synchronizer;Ljava/util/concurrent/Executor;Lorg/spongepowered/asm/mixin/injection/callback/CallbackInfoReturnable;)V has 0 override(s) in child classes
[14:52:56] [Render thread/DEBUG] (FabricLoader/Mixin) fabric-model-loading-api-v1.mixins.json:ModelManagerMixin from mod fabric-model-loading-api-v1->@Inject::onHeadReload(Lnet/minecraft/resource/ResourceReloader$Store;Ljava/util/concurrent/Executor;Lnet/minecraft/resource/ResourceReloader$Synchronizer;Ljava/util/concurrent/Executor;Lorg/spongepowered/asm/mixin/injection/callback/CallbackInfoReturnable;)V won't be passed a CallbackInfoReturnable as a result
[14:52:56] [Render thread/DEBUG] (FabricLoader/Mixin) fabric-model-loading-api-v1.mixins.json:ModelManagerMixin from mod fabric-model-loading-api-v1->@Inject::resolveExtraModels(Ljava/util/Map;Lnet/minecraft/client/render/model/BlockStatesLoader$LoadedModels;Lnet/minecraft/client/item/ItemAssetsLoader$Result;Lorg/spongepowered/asm/mixin/injection/callback/CallbackInfoReturnable;)V doesn't use it's CallbackInfoReturnable
[14:52:56] [Render thread/DEBUG] (FabricLoader/Mixin) fabric-model-loading-api-v1.mixins.json:ModelManagerMixin from mod fabric-model-loading-api-v1->@Inject::onReturnUpload(Lorg/spongepowered/asm/mixin/injection/callback/CallbackInfo;)V doesn't use it's CallbackInfo
[14:52:56] [Render thread/DEBUG] (FabricLoader/Mixin) fabric-model-loading-api-v1.mixins.json:ModelManagerMixin from mod fabric-model-loading-api-v1->@Inject::onReturnUpload(Lorg/spongepowered/asm/mixin/injection/callback/CallbackInfo;)V has 0 override(s) in child classes
[14:52:56] [Render thread/DEBUG] (FabricLoader/Mixin) fabric-model-loading-api-v1.mixins.json:ModelManagerMixin from mod fabric-model-loading-api-v1->@Inject::onReturnUpload(Lorg/spongepowered/asm/mixin/injection/callback/CallbackInfo;)V won't be passed a CallbackInfo as a result
[14:52:56] [Render thread/DEBUG] (FabricLoader/Mixin) Mixing client.sprite.SpriteGetterMixin from fabric-renderer-api-v1.mixins.json into net.minecraft.client.render.model.ErrorCollectingSpriteGetter
[14:52:56] [Render thread/DEBUG] (FabricLoader/Mixin) Mixing client.block.particle.BlockModelShaperMixin from fabric-renderer-api-v1.mixins.json into net.minecraft.client.render.block.BlockModels
[14:52:56] [Render thread/DEBUG] (FabricLoader/Mixin) Mixing KeyedClientResourceReloadListenerMixin from fabric-resource-loader-v1.client.mixins.json into net.minecraft.client.render.entity.equipment.EquipmentModelLoader
[14:52:56] [Render thread/DEBUG] (FabricLoader/Mixin) Mixing SimpleJsonResourceReloadListenerMixin from fabric-loot-api-v3.mixins.json into net.minecraft.resource.JsonDataLoader
[14:52:56] [Render thread/DEBUG] (FabricLoader/Mixin) Mixing SimpleJsonResourceReloadListenerMixin from fabric-resource-conditions-api-v1.mixins.json into net.minecraft.resource.JsonDataLoader
[14:52:56] [Render thread/DEBUG] (FabricLoader/Mixin) fabric-loot-api-v3.mixins.json:SimpleJsonResourceReloadListenerMixin from mod fabric-loot-api-v3->@Inject::fillSourceMap(Lnet/minecraft/resource/ResourceManager;Lnet/minecraft/resource/ResourceFinder;Lcom/mojang/serialization/DynamicOps;Lcom/mojang/serialization/Codec;Ljava/util/Map;Lorg/spongepowered/asm/mixin/injection/callback/CallbackInfo;)V doesn't use it's CallbackInfo
[14:52:56] [Render thread/DEBUG] (FabricLoader/Mixin) fabric-resource-conditions-api-v1.mixins.json:SimpleJsonResourceReloadListenerMixin from mod fabric-resource-conditions-api-v1->@Inject::skipData(Ljava/util/Map;Lnet/minecraft/util/Identifier;Ljava/lang/Object;Lorg/spongepowered/asm/mixin/injection/callback/CallbackInfo;)V does use it's CallbackInfo
[14:52:56] [Render thread/DEBUG] (FabricLoader/Mixin) Mixing ClientSpeedometerMixin from simplebuilding.client.mixins.json into net.minecraft.client.item.ItemModelManager
[14:52:56] [Render thread/DEBUG] (FabricLoader/Mixin) simplebuilding.client.mixins.json:ClientSpeedometerMixin from mod simplebuilding->@Inject::injectSpeed(Lnet/minecraft/client/render/item/ItemRenderState;Lnet/minecraft/item/ItemStack;Lnet/minecraft/item/ItemDisplayContext;Lnet/minecraft/world/World;Lnet/minecraft/util/HeldItemContext;ILorg/spongepowered/asm/mixin/injection/callback/CallbackInfo;)V doesn't use it's CallbackInfo
[14:52:56] [Render thread/DEBUG] (FabricLoader/Mixin) simplebuilding.client.mixins.json:ClientSpeedometerMixin from mod simplebuilding->@Inject::injectSpeed(Lnet/minecraft/client/render/item/ItemRenderState;Lnet/minecraft/item/ItemStack;Lnet/minecraft/item/ItemDisplayContext;Lnet/minecraft/world/World;Lnet/minecraft/util/HeldItemContext;ILorg/spongepowered/asm/mixin/injection/callback/CallbackInfo;)V has 0 override(s) in child classes
[14:52:56] [Render thread/DEBUG] (FabricLoader/Mixin) simplebuilding.client.mixins.json:ClientSpeedometerMixin from mod simplebuilding->@Inject::injectSpeed(Lnet/minecraft/client/render/item/ItemRenderState;Lnet/minecraft/item/ItemStack;Lnet/minecraft/item/ItemDisplayContext;Lnet/minecraft/world/World;Lnet/minecraft/util/HeldItemContext;ILorg/spongepowered/asm/mixin/injection/callback/CallbackInfo;)V won't be passed a CallbackInfo as a result
[14:52:56] [Render thread/DEBUG] (FabricLoader/Mixin) Mixing ModelBakeryMixin from fabric-model-loading-api-v1.mixins.json into net.minecraft.client.render.model.ModelBaker
[14:52:56] [Render thread/DEBUG] (FabricLoader/Mixin) Renaming synthetic method lambda$withExtraModels$2(Lnet/minecraft/client/render/model/ModelBaker$BakedModels;Ljava/util/Map;)Lnet/minecraft/client/render/model/ModelBaker$BakedModels; to md66d4ed$fabric-model-loading-api-v1$lambda$withExtraModels$2$0 in fabric-model-loading-api-v1.mixins.json:ModelBakeryMixin from mod fabric-model-loading-api-v1
[14:52:56] [Render thread/DEBUG] (FabricLoader/Mixin) Renaming synthetic method lambda$withExtraModels$1(Lnet/minecraft/client/render/model/ModelBaker$BakerImpl;Lnet/fabricmc/fabric/api/client/model/loading/v1/ExtraModelKey;Lnet/fabricmc/fabric/api/client/model/loading/v1/UnbakedExtraModel;)Ljava/lang/Object; to md66d4ed$fabric-model-loading-api-v1$lambda$withExtraModels$1$1 in fabric-model-loading-api-v1.mixins.json:ModelBakeryMixin from mod fabric-model-loading-api-v1
[14:52:56] [Render thread/DEBUG] (FabricLoader/Mixin) Renaming synthetic method lambda$hookBlockModelBake$0(Ljava/util/function/BiFunction;Lnet/minecraft/block/BlockState;Lnet/minecraft/client/render/model/BlockStateModel$UnbakedGrouped;)Lnet/minecraft/client/render/model/BlockStateModel; to md66d4ed$fabric-model-loading-api-v1$lambda$hookBlockModelBake$0$2 in fabric-model-loading-api-v1.mixins.json:ModelBakeryMixin from mod fabric-model-loading-api-v1
[14:52:56] [Render thread/DEBUG] (FabricLoader/Mixin) fabric-model-loading-api-v1.mixins.json:ModelBakeryMixin from mod fabric-model-loading-api-v1->@Inject::onReturnInit(Lorg/spongepowered/asm/mixin/injection/callback/CallbackInfo;)V doesn't use it's CallbackInfo
[14:52:56] [Render thread/DEBUG] (FabricLoader/Mixin) fabric-model-loading-api-v1.mixins.json:ModelBakeryMixin from mod fabric-model-loading-api-v1->@Inject::onReturnInit(Lorg/spongepowered/asm/mixin/injection/callback/CallbackInfo;)V has 0 override(s) in child classes
[14:52:56] [Render thread/DEBUG] (FabricLoader/Mixin) fabric-model-loading-api-v1.mixins.json:ModelBakeryMixin from mod fabric-model-loading-api-v1->@Inject::onReturnInit(Lorg/spongepowered/asm/mixin/injection/callback/CallbackInfo;)V won't be passed a CallbackInfo as a result
[14:52:56] [Render thread/DEBUG] (FabricLoader/Mixin) Mixing KeyedClientResourceReloadListenerMixin from fabric-resource-loader-v1.client.mixins.json into net.minecraft.client.render.block.BlockRenderManager
[14:52:56] [Render thread/DEBUG] (FabricLoader/Mixin) Mixing BlockRenderDispatcherAccessor from fabric-renderer-indigo.mixins.json into net.minecraft.client.render.block.BlockRenderManager
[14:52:56] [Render thread/DEBUG] (FabricLoader/Mixin) Mixing BlockRenderDispatcherMixin from fabric-renderer-indigo.mixins.json into net.minecraft.client.render.block.BlockRenderManager
[14:52:56] [Render thread/DEBUG] (FabricLoader/Mixin) Renaming synthetic method lambda$afterGetModel$0(Lnet/minecraft/client/render/VertexConsumer;Lnet/minecraft/client/render/BlockRenderLayer;)Lnet/minecraft/client/render/VertexConsumer; to md66d4ed$fabric-renderer-indigo$lambda$afterGetModel$0$0 in fabric-renderer-indigo.mixins.json:BlockRenderDispatcherMixin from mod fabric-renderer-indigo
[14:52:56] [Render thread/DEBUG] (FabricLoader/Mixin) Mixing client.block.render.BlockRenderDispatcherMixin from fabric-renderer-api-v1.mixins.json into net.minecraft.client.render.block.BlockRenderManager
[14:52:56] [Render thread/DEBUG] (FabricLoader/Mixin) fabric-renderer-indigo.mixins.json:BlockRenderDispatcherMixin from mod fabric-renderer-indigo->@Inject::afterGetModel(Lnet/minecraft/block/BlockState;Lnet/minecraft/util/math/BlockPos;Lnet/minecraft/world/BlockRenderView;Lnet/minecraft/client/util/math/MatrixStack;Lnet/minecraft/client/render/VertexConsumer;Lorg/spongepowered/asm/mixin/injection/callback/CallbackInfo;)V does use it's CallbackInfo
[14:52:56] [Render thread/DEBUG] (FabricLoader/Mixin) Mixing ModelBlockRendererMixin from fabric-renderer-indigo.mixins.json into net.minecraft.client.render.block.BlockModelRenderer
[14:52:56] [Render thread/DEBUG] (FabricLoader/Mixin) Renaming synthetic method lambda$renderModel$0(Lnet/minecraft/client/render/VertexConsumer;Lnet/minecraft/client/render/BlockRenderLayer;)Lnet/minecraft/client/render/VertexConsumer; to md66d4ed$fabric-renderer-indigo$lambda$renderModel$0$0 in fabric-renderer-indigo.mixins.json:ModelBlockRendererMixin from mod fabric-renderer-indigo
[14:52:56] [Render thread/DEBUG] (FabricLoader/Mixin) Mixing client.block.render.ModelBlockRendererMixin from fabric-renderer-api-v1.mixins.json into net.minecraft.client.render.block.BlockModelRenderer
[14:52:56] [Render thread/DEBUG] (FabricLoader/Mixin) Mixing KeyedClientResourceReloadListenerMixin from fabric-resource-loader-v1.client.mixins.json into net.minecraft.client.render.entity.EntityRenderManager
[14:52:56] [Render thread/DEBUG] (FabricLoader/Mixin) Mixing EntityRenderDispatcherMixin from fabric-rendering-v1.mixins.json into net.minecraft.client.render.entity.EntityRenderManager
[14:52:56] [Render thread/DEBUG] (FabricLoader/Mixin) fabric-rendering-v1.mixins.json:EntityRenderDispatcherMixin from mod fabric-rendering-v1->@Inject::createArmorRenderers(Lnet/minecraft/resource/ResourceManager;Lorg/spongepowered/asm/mixin/injection/callback/CallbackInfo;)V doesn't use it's CallbackInfo
[14:52:56] [Render thread/DEBUG] (FabricLoader/Mixin) fabric-rendering-v1.mixins.json:EntityRenderDispatcherMixin from mod fabric-rendering-v1->@Inject::createArmorRenderers(Lnet/minecraft/resource/ResourceManager;Lorg/spongepowered/asm/mixin/injection/callback/CallbackInfo;)V has 0 override(s) in child classes
[14:52:56] [Render thread/DEBUG] (FabricLoader/Mixin) fabric-rendering-v1.mixins.json:EntityRenderDispatcherMixin from mod fabric-rendering-v1->@Inject::createArmorRenderers(Lnet/minecraft/resource/ResourceManager;Lorg/spongepowered/asm/mixin/injection/callback/CallbackInfo;)V won't be passed a CallbackInfo as a result
[14:52:56] [Render thread/DEBUG] (FabricLoader/Mixin) Mixing LivingEntityRendererAccessor from fabric-rendering-v1.mixins.json into net.minecraft.client.render.entity.LivingEntityRenderer
[14:52:56] [Render thread/DEBUG] (FabricLoader/Mixin) Mixing LivingEntityRendererMixin from fabric-rendering-v1.mixins.json into net.minecraft.client.render.entity.LivingEntityRenderer
[14:52:56] [Render thread/DEBUG] (FabricLoader/Mixin) Mixing HeldItemRendererMixin from simplebuilding.client.mixins.json into net.minecraft.client.render.item.HeldItemRenderer
[14:52:56] [Render thread/DEBUG] (FabricLoader/Mixin) Mixing ItemInHandRendererMixin from fabric-item-api-v1.client.mixins.json into net.minecraft.client.render.item.HeldItemRenderer
[14:52:56] [Render thread/DEBUG] (FabricLoader/Mixin) simplebuilding.client.mixins.json:HeldItemRendererMixin from mod simplebuilding->@Inject::onRenderFirstPersonItem(Lnet/minecraft/client/network/AbstractClientPlayerEntity;FFLnet/minecraft/util/Hand;FLnet/minecraft/item/ItemStack;FLnet/minecraft/client/util/math/MatrixStack;Lnet/minecraft/client/render/command/OrderedRenderCommandQueue;ILorg/spongepowered/asm/mixin/injection/callback/CallbackInfo;)V doesn't use it's CallbackInfo
[14:52:56] [Render thread/DEBUG] (FabricLoader/Mixin) simplebuilding.client.mixins.json:HeldItemRendererMixin from mod simplebuilding->@Inject::onRenderFirstPersonItem(Lnet/minecraft/client/network/AbstractClientPlayerEntity;FFLnet/minecraft/util/Hand;FLnet/minecraft/item/ItemStack;FLnet/minecraft/client/util/math/MatrixStack;Lnet/minecraft/client/render/command/OrderedRenderCommandQueue;ILorg/spongepowered/asm/mixin/injection/callback/CallbackInfo;)V has 0 override(s) in child classes
[14:52:56] [Render thread/DEBUG] (FabricLoader/Mixin) simplebuilding.client.mixins.json:HeldItemRendererMixin from mod simplebuilding->@Inject::onRenderFirstPersonItem(Lnet/minecraft/client/network/AbstractClientPlayerEntity;FFLnet/minecraft/util/Hand;FLnet/minecraft/item/ItemStack;FLnet/minecraft/client/util/math/MatrixStack;Lnet/minecraft/client/render/command/OrderedRenderCommandQueue;ILorg/spongepowered/asm/mixin/injection/callback/CallbackInfo;)V won't be passed a CallbackInfo as a result
[14:52:56] [Render thread/DEBUG] (FabricLoader/Mixin) simplebuilding.client.mixins.json:HeldItemRendererMixin from mod simplebuilding->@Inject::onRenderFirstPersonItem(Lnet/minecraft/client/network/AbstractClientPlayerEntity;FFLnet/minecraft/util/Hand;FLnet/minecraft/item/ItemStack;FLnet/minecraft/client/util/math/MatrixStack;Lnet/minecraft/client/render/command/OrderedRenderCommandQueue;ILorg/spongepowered/asm/mixin/injection/callback/CallbackInfo;)V doesn't use it's CallbackInfo
[14:52:56] [Render thread/DEBUG] (FabricLoader/Mixin) simplebuilding.client.mixins.json:HeldItemRendererMixin from mod simplebuilding->@Inject::onRenderFirstPersonItem(Lnet/minecraft/client/network/AbstractClientPlayerEntity;FFLnet/minecraft/util/Hand;FLnet/minecraft/item/ItemStack;FLnet/minecraft/client/util/math/MatrixStack;Lnet/minecraft/client/render/command/OrderedRenderCommandQueue;ILorg/spongepowered/asm/mixin/injection/callback/CallbackInfo;)V has 0 override(s) in child classes
[14:52:56] [Render thread/DEBUG] (FabricLoader/Mixin) simplebuilding.client.mixins.json:HeldItemRendererMixin from mod simplebuilding->@Inject::onRenderFirstPersonItem(Lnet/minecraft/client/network/AbstractClientPlayerEntity;FFLnet/minecraft/util/Hand;FLnet/minecraft/item/ItemStack;FLnet/minecraft/client/util/math/MatrixStack;Lnet/minecraft/client/render/command/OrderedRenderCommandQueue;ILorg/spongepowered/asm/mixin/injection/callback/CallbackInfo;)V won't be passed a CallbackInfo as a result
[14:52:56] [Render thread/DEBUG] (FabricLoader/Mixin) fabric-item-api-v1.client.mixins.json:ItemInHandRendererMixin from mod fabric-item-api-v1->@Inject::modifyProgressAnimation(Lorg/spongepowered/asm/mixin/injection/callback/CallbackInfo;)V doesn't use it's CallbackInfo
[14:52:56] [Render thread/DEBUG] (FabricLoader/Mixin) fabric-item-api-v1.client.mixins.json:ItemInHandRendererMixin from mod fabric-item-api-v1->@Inject::modifyProgressAnimation(Lorg/spongepowered/asm/mixin/injection/callback/CallbackInfo;)V has 0 override(s) in child classes
[14:52:56] [Render thread/DEBUG] (FabricLoader/Mixin) fabric-item-api-v1.client.mixins.json:ItemInHandRendererMixin from mod fabric-item-api-v1->@Inject::modifyProgressAnimation(Lorg/spongepowered/asm/mixin/injection/callback/CallbackInfo;)V won't be passed a CallbackInfo as a result
[14:52:56] [Render thread/DEBUG] (FabricLoader/Mixin) Mixing RenderStateMixin from fabric-rendering-v1.mixins.json into net.minecraft.client.render.MapRenderState
[14:52:56] [Render thread/DEBUG] (FabricLoader/Mixin) Mixing KeyedClientResourceReloadListenerMixin from fabric-resource-loader-v1.client.mixins.json into net.minecraft.client.render.block.entity.BlockEntityRenderManager
[14:52:56] [Render thread/DEBUG] (FabricLoader/Mixin) Mixing ParticleResourcesMixin from fabric-particles-v1.client.mixins.json into net.minecraft.client.particle.ParticleSpriteManager
[14:52:56] [Render thread/DEBUG] (FabricLoader/Mixin) Mixing KeyedClientResourceReloadListenerMixin from fabric-resource-loader-v1.client.mixins.json into net.minecraft.client.particle.ParticleSpriteManager
[14:52:56] [Render thread/DEBUG] (FabricLoader/Mixin) Mixing ParticleResourcesMixin from fabric-registry-sync-v0.client.mixins.json into net.minecraft.client.particle.ParticleSpriteManager
[14:52:56] [Render thread/DEBUG] (FabricLoader/Mixin) fabric-particles-v1.client.mixins.json:ParticleResourcesMixin from mod fabric-particles-v1->@Inject::onRegisterDefaultFactories(Lorg/spongepowered/asm/mixin/injection/callback/CallbackInfo;)V doesn't use it's CallbackInfo
[14:52:56] [Render thread/DEBUG] (FabricLoader/Mixin) fabric-particles-v1.client.mixins.json:ParticleResourcesMixin from mod fabric-particles-v1->@Inject::onRegisterDefaultFactories(Lorg/spongepowered/asm/mixin/injection/callback/CallbackInfo;)V has 0 override(s) in child classes
[14:52:56] [Render thread/DEBUG] (FabricLoader/Mixin) fabric-particles-v1.client.mixins.json:ParticleResourcesMixin from mod fabric-particles-v1->@Inject::onRegisterDefaultFactories(Lorg/spongepowered/asm/mixin/injection/callback/CallbackInfo;)V won't be passed a CallbackInfo as a result
[14:52:56] [Render thread/DEBUG] (FabricLoader/Mixin) fabric-registry-sync-v0.client.mixins.json:ParticleResourcesMixin from mod fabric-registry-sync-v0->@Inject::onInit(Lorg/spongepowered/asm/mixin/injection/callback/CallbackInfo;)V doesn't use it's CallbackInfo
[14:52:56] [Render thread/DEBUG] (FabricLoader/Mixin) fabric-registry-sync-v0.client.mixins.json:ParticleResourcesMixin from mod fabric-registry-sync-v0->@Inject::onInit(Lorg/spongepowered/asm/mixin/injection/callback/CallbackInfo;)V has 0 override(s) in child classes
[14:52:56] [Render thread/DEBUG] (FabricLoader/Mixin) fabric-registry-sync-v0.client.mixins.json:ParticleResourcesMixin from mod fabric-registry-sync-v0->@Inject::onInit(Lorg/spongepowered/asm/mixin/injection/callback/CallbackInfo;)V won't be passed a CallbackInfo as a result
[14:52:56] [Render thread/DEBUG] (FabricLoader/Mixin) Mixing client.block.particle.BlockMarkerMixin from fabric-renderer-api-v1.mixins.json into net.minecraft.client.particle.BlockMarkerParticle
[14:52:56] [Render thread/DEBUG] (FabricLoader/Mixin) Mixing TerrainParticleMixin from fabric-particles-v1.client.mixins.json into net.minecraft.client.particle.BlockDustParticle
[14:52:56] [Render thread/DEBUG] (FabricLoader/Mixin) Mixing client.block.particle.TerrainParticleMixin from fabric-renderer-api-v1.mixins.json into net.minecraft.client.particle.BlockDustParticle
[14:52:56] [Render thread/DEBUG] (FabricLoader/Mixin) Mixing ItemStackRenderStateMixin from fabric-renderer-indigo.mixins.json into net.minecraft.client.render.item.ItemRenderState
[14:52:56] [Render thread/DEBUG] (FabricLoader/Mixin) Mixing RenderStateMixin from fabric-rendering-v1.mixins.json into net.minecraft.client.render.item.ItemRenderState
[14:52:56] [Render thread/DEBUG] (FabricLoader/Mixin) Mixing renderstate.ItemStackRenderStateMixin from fabric-rendering-v1.mixins.json into net.minecraft.client.render.item.ItemRenderState
[14:52:56] [Render thread/DEBUG] (FabricLoader/Mixin) fabric-renderer-indigo.mixins.json:ItemStackRenderStateMixin from mod fabric-renderer-indigo->@Inject::afterInitVecLoad(Ljava/util/function/Consumer;Lorg/spongepowered/asm/mixin/injection/callback/CallbackInfo;)V doesn't use it's CallbackInfo
[14:52:56] [Render thread/DEBUG] (FabricLoader/Mixin) fabric-renderer-indigo.mixins.json:ItemStackRenderStateMixin from mod fabric-renderer-indigo->@Inject::afterInitVecLoad(Ljava/util/function/Consumer;Lorg/spongepowered/asm/mixin/injection/callback/CallbackInfo;)V has 0 override(s) in child classes
[14:52:56] [Render thread/DEBUG] (FabricLoader/Mixin) fabric-renderer-indigo.mixins.json:ItemStackRenderStateMixin from mod fabric-renderer-indigo->@Inject::afterInitVecLoad(Ljava/util/function/Consumer;Lorg/spongepowered/asm/mixin/injection/callback/CallbackInfo;)V won't be passed a CallbackInfo as a result
[14:52:56] [Render thread/DEBUG] (FabricLoader/Mixin) fabric-renderer-indigo.mixins.json:ItemStackRenderStateMixin from mod fabric-renderer-indigo->@Inject::afterLayerLoad(Ljava/util/function/Consumer;Lorg/spongepowered/asm/mixin/injection/callback/CallbackInfo;)V doesn't use it's CallbackInfo
[14:52:56] [Render thread/DEBUG] (FabricLoader/Mixin) fabric-renderer-indigo.mixins.json:ItemStackRenderStateMixin from mod fabric-renderer-indigo->@Inject::afterLayerLoad(Ljava/util/function/Consumer;Lorg/spongepowered/asm/mixin/injection/callback/CallbackInfo;)V has 0 override(s) in child classes
[14:52:56] [Render thread/DEBUG] (FabricLoader/Mixin) fabric-renderer-indigo.mixins.json:ItemStackRenderStateMixin from mod fabric-renderer-indigo->@Inject::afterLayerLoad(Ljava/util/function/Consumer;Lorg/spongepowered/asm/mixin/injection/callback/CallbackInfo;)V won't be passed a CallbackInfo as a result
[14:52:56] [Render thread/DEBUG] (FabricLoader/Mixin) fabric-rendering-v1.mixins.json:renderstate.ItemStackRenderStateMixin from mod fabric-rendering-v1->@Inject::clearExtraRenderData(Lorg/spongepowered/asm/mixin/injection/callback/CallbackInfo;)V doesn't use it's CallbackInfo
[14:52:56] [Render thread/DEBUG] (FabricLoader/Mixin) fabric-rendering-v1.mixins.json:renderstate.ItemStackRenderStateMixin from mod fabric-rendering-v1->@Inject::clearExtraRenderData(Lorg/spongepowered/asm/mixin/injection/callback/CallbackInfo;)V has 0 override(s) in child classes
[14:52:56] [Render thread/DEBUG] (FabricLoader/Mixin) fabric-rendering-v1.mixins.json:renderstate.ItemStackRenderStateMixin from mod fabric-rendering-v1->@Inject::clearExtraRenderData(Lorg/spongepowered/asm/mixin/injection/callback/CallbackInfo;)V won't be passed a CallbackInfo as a result
[14:52:56] [Render thread/DEBUG] (FabricLoader/Mixin) Mixing ItemStackRenderStateLayerRenderStateMixin from fabric-renderer-indigo.mixins.json into net.minecraft.client.render.item.ItemRenderState$LayerRenderState
[14:52:56] [Render thread/DEBUG] (FabricLoader/Mixin) Mixing client.item.ItemStackRenderStateLayerRenderStateMixin from fabric-renderer-api-v1.mixins.json into net.minecraft.client.render.item.ItemRenderState$LayerRenderState
[14:52:56] [Render thread/DEBUG] (FabricLoader/Mixin) Mixing RenderStateMixin from fabric-rendering-v1.mixins.json into net.minecraft.client.render.item.ItemRenderState$LayerRenderState
[14:52:56] [Render thread/DEBUG] (FabricLoader/Mixin) Mixing renderstate.ItemStackRenderStateLayerRenderStateMixin from fabric-rendering-v1.mixins.json into net.minecraft.client.render.item.ItemRenderState$LayerRenderState
[14:52:56] [Render thread/DEBUG] (FabricLoader/Mixin) fabric-renderer-indigo.mixins.json:ItemStackRenderStateLayerRenderStateMixin from mod fabric-renderer-indigo->@Inject::onReturnClear(Lorg/spongepowered/asm/mixin/injection/callback/CallbackInfo;)V doesn't use it's CallbackInfo
[14:52:56] [Render thread/DEBUG] (FabricLoader/Mixin) fabric-renderer-indigo.mixins.json:ItemStackRenderStateLayerRenderStateMixin from mod fabric-renderer-indigo->@Inject::onReturnClear(Lorg/spongepowered/asm/mixin/injection/callback/CallbackInfo;)V has 0 override(s) in child classes
[14:52:56] [Render thread/DEBUG] (FabricLoader/Mixin) fabric-renderer-indigo.mixins.json:ItemStackRenderStateLayerRenderStateMixin from mod fabric-renderer-indigo->@Inject::onReturnClear(Lorg/spongepowered/asm/mixin/injection/callback/CallbackInfo;)V won't be passed a CallbackInfo as a result
[14:52:56] [Render thread/DEBUG] (FabricLoader/Mixin) fabric-rendering-v1.mixins.json:renderstate.ItemStackRenderStateLayerRenderStateMixin from mod fabric-rendering-v1->@Inject::clearExtraRenderData(Lorg/spongepowered/asm/mixin/injection/callback/CallbackInfo;)V doesn't use it's CallbackInfo
[14:52:56] [Render thread/DEBUG] (FabricLoader/Mixin) fabric-rendering-v1.mixins.json:renderstate.ItemStackRenderStateLayerRenderStateMixin from mod fabric-rendering-v1->@Inject::clearExtraRenderData(Lorg/spongepowered/asm/mixin/injection/callback/CallbackInfo;)V has 0 override(s) in child classes
[14:52:56] [Render thread/DEBUG] (FabricLoader/Mixin) fabric-rendering-v1.mixins.json:renderstate.ItemStackRenderStateLayerRenderStateMixin from mod fabric-rendering-v1->@Inject::clearExtraRenderData(Lorg/spongepowered/asm/mixin/injection/callback/CallbackInfo;)V won't be passed a CallbackInfo as a result
[14:52:56] [Render thread/DEBUG] (FabricLoader/Mixin) Mixing ParticleEngineAccessor from fabric-particles-v1.client.mixins.json into net.minecraft.client.particle.ParticleManager
[14:52:56] [Render thread/DEBUG] (FabricLoader/Mixin) Renaming @Accessor method getParticleTextureSheets()Ljava/util/List; to getParticleTextureSheets$fabric-particles-v1_$md$66d4ed$0 in fabric-particles-v1.client.mixins.json:ParticleEngineAccessor from mod fabric-particles-v1
[14:52:56] [Render thread/DEBUG] (FabricLoader/Mixin) Mixing ParticleEngineMixin from fabric-particles-v1.client.mixins.json into net.minecraft.client.particle.ParticleManager
[14:52:56] [Render thread/DEBUG] (FabricLoader/Mixin) fabric-particles-v1.client.mixins.json:ParticleEngineMixin from mod fabric-particles-v1->@Inject::classInit(Lorg/spongepowered/asm/mixin/injection/callback/CallbackInfo;)V doesn't use it's CallbackInfo
[14:52:56] [Render thread/DEBUG] (FabricLoader/Mixin) fabric-particles-v1.client.mixins.json:ParticleEngineMixin from mod fabric-particles-v1->@Inject::createParticleRenderer(Lnet/minecraft/client/particle/ParticleTextureSheet;Lorg/spongepowered/asm/mixin/injection/callback/CallbackInfoReturnable;)V does use it's CallbackInfoReturnable
[14:52:56] [Render thread/DEBUG] (FabricLoader/Mixin) Mixing KeyedClientResourceReloadListenerMixin from fabric-resource-loader-v1.client.mixins.json into net.minecraft.client.resource.waypoint.WaypointStyleAssetManager
[14:52:56] [Render thread/DEBUG] (FabricLoader/Mixin) Mixing GameRendererMixin from fabric-screen-api-v1.mixins.json into net.minecraft.client.render.GameRenderer
[14:52:56] [Render thread/DEBUG] (FabricLoader/Mixin) Mixing GameRendererMixin from fabric-rendering-v1.mixins.json into net.minecraft.client.render.GameRenderer
[14:52:56] [Render thread/DEBUG] (FabricLoader/Mixin) fabric-rendering-v1.mixins.json:GameRendererMixin from mod fabric-rendering-v1->@Inject::guiRendererReady(Lnet/minecraft/client/MinecraftClient;Lnet/minecraft/client/render/item/HeldItemRenderer;Lnet/minecraft/client/render/BufferBuilderStorage;Lnet/minecraft/client/render/block/BlockRenderManager;Lorg/spongepowered/asm/mixin/injection/callback/CallbackInfo;)V doesn't use it's CallbackInfo
[14:52:56] [Render thread/DEBUG] (FabricLoader/Mixin) fabric-rendering-v1.mixins.json:GameRendererMixin from mod fabric-rendering-v1->@Inject::guiRendererReady(Lnet/minecraft/client/MinecraftClient;Lnet/minecraft/client/render/item/HeldItemRenderer;Lnet/minecraft/client/render/BufferBuilderStorage;Lnet/minecraft/client/render/block/BlockRenderManager;Lorg/spongepowered/asm/mixin/injection/callback/CallbackInfo;)V has 0 override(s) in child classes
[14:52:56] [Render thread/DEBUG] (FabricLoader/Mixin) fabric-rendering-v1.mixins.json:GameRendererMixin from mod fabric-rendering-v1->@Inject::guiRendererReady(Lnet/minecraft/client/MinecraftClient;Lnet/minecraft/client/render/item/HeldItemRenderer;Lnet/minecraft/client/render/BufferBuilderStorage;Lnet/minecraft/client/render/block/BlockRenderManager;Lorg/spongepowered/asm/mixin/injection/callback/CallbackInfo;)V won't be passed a CallbackInfo as a result
[14:52:56] [Render thread/DEBUG] (FabricLoader/Mixin) Mixing client.block.render.OrderedSubmitNodeCollectorMixin from fabric-renderer-api-v1.mixins.json into net.minecraft.client.render.command.RenderCommandQueue
[14:52:56] [Render thread/DEBUG] (FabricLoader/Mixin) Mixing RenderStateMixin from fabric-rendering-v1.mixins.json into net.minecraft.client.render.state.WorldRenderState
[14:52:56] [Render thread/DEBUG] (FabricLoader/Mixin) Mixing renderstate.LevelRenderStateMixin from fabric-rendering-v1.mixins.json into net.minecraft.client.render.state.WorldRenderState
[14:52:56] [Render thread/DEBUG] (FabricLoader/Mixin) fabric-rendering-v1.mixins.json:renderstate.LevelRenderStateMixin from mod fabric-rendering-v1->@Inject::clearExtraRenderData(Lorg/spongepowered/asm/mixin/injection/callback/CallbackInfo;)V doesn't use it's CallbackInfo
[14:52:56] [Render thread/DEBUG] (FabricLoader/Mixin) fabric-rendering-v1.mixins.json:renderstate.LevelRenderStateMixin from mod fabric-rendering-v1->@Inject::clearExtraRenderData(Lorg/spongepowered/asm/mixin/injection/callback/CallbackInfo;)V has 0 override(s) in child classes
[14:52:56] [Render thread/DEBUG] (FabricLoader/Mixin) fabric-rendering-v1.mixins.json:renderstate.LevelRenderStateMixin from mod fabric-rendering-v1->@Inject::clearExtraRenderData(Lorg/spongepowered/asm/mixin/injection/callback/CallbackInfo;)V won't be passed a CallbackInfo as a result
[14:52:56] [Render thread/DEBUG] (FabricLoader/Mixin) Mixing RenderStateMixin from fabric-rendering-v1.mixins.json into net.minecraft.client.render.state.CameraRenderState
[14:52:56] [Render thread/DEBUG] (FabricLoader/Mixin) Mixing RenderStateMixin from fabric-rendering-v1.mixins.json into net.minecraft.client.render.state.WeatherRenderState
[14:52:56] [Render thread/DEBUG] (FabricLoader/Mixin) Mixing renderstate.WeatherRenderStateMixin from fabric-rendering-v1.mixins.json into net.minecraft.client.render.state.WeatherRenderState
[14:52:56] [Render thread/DEBUG] (FabricLoader/Mixin) fabric-rendering-v1.mixins.json:renderstate.WeatherRenderStateMixin from mod fabric-rendering-v1->@Inject::clearExtraRenderData(Lorg/spongepowered/asm/mixin/injection/callback/CallbackInfo;)V doesn't use it's CallbackInfo
[14:52:56] [Render thread/DEBUG] (FabricLoader/Mixin) fabric-rendering-v1.mixins.json:renderstate.WeatherRenderStateMixin from mod fabric-rendering-v1->@Inject::clearExtraRenderData(Lorg/spongepowered/asm/mixin/injection/callback/CallbackInfo;)V has 0 override(s) in child classes
[14:52:56] [Render thread/DEBUG] (FabricLoader/Mixin) fabric-rendering-v1.mixins.json:renderstate.WeatherRenderStateMixin from mod fabric-rendering-v1->@Inject::clearExtraRenderData(Lorg/spongepowered/asm/mixin/injection/callback/CallbackInfo;)V won't be passed a CallbackInfo as a result
[14:52:56] [Render thread/DEBUG] (FabricLoader/Mixin) Mixing RenderStateMixin from fabric-rendering-v1.mixins.json into net.minecraft.client.render.state.WorldBorderRenderState
[14:52:56] [Render thread/DEBUG] (FabricLoader/Mixin) Mixing renderstate.WorldBorderRenderStateMixin from fabric-rendering-v1.mixins.json into net.minecraft.client.render.state.WorldBorderRenderState
[14:52:56] [Render thread/DEBUG] (FabricLoader/Mixin) fabric-rendering-v1.mixins.json:renderstate.WorldBorderRenderStateMixin from mod fabric-rendering-v1->@Inject::clearExtraRenderData(Lorg/spongepowered/asm/mixin/injection/callback/CallbackInfo;)V doesn't use it's CallbackInfo
[14:52:56] [Render thread/DEBUG] (FabricLoader/Mixin) fabric-rendering-v1.mixins.json:renderstate.WorldBorderRenderStateMixin from mod fabric-rendering-v1->@Inject::clearExtraRenderData(Lorg/spongepowered/asm/mixin/injection/callback/CallbackInfo;)V has 0 override(s) in child classes
[14:52:56] [Render thread/DEBUG] (FabricLoader/Mixin) fabric-rendering-v1.mixins.json:renderstate.WorldBorderRenderStateMixin from mod fabric-rendering-v1->@Inject::clearExtraRenderData(Lorg/spongepowered/asm/mixin/injection/callback/CallbackInfo;)V won't be passed a CallbackInfo as a result
[14:52:56] [Render thread/DEBUG] (FabricLoader/Mixin) Mixing RenderStateMixin from fabric-rendering-v1.mixins.json into net.minecraft.client.render.state.SkyRenderState
[14:52:56] [Render thread/DEBUG] (FabricLoader/Mixin) Mixing renderstate.SkyRenderStateMixin from fabric-rendering-v1.mixins.json into net.minecraft.client.render.state.SkyRenderState
[14:52:56] [Render thread/DEBUG] (FabricLoader/Mixin) fabric-rendering-v1.mixins.json:renderstate.SkyRenderStateMixin from mod fabric-rendering-v1->@Inject::clearExtraRenderData(Lorg/spongepowered/asm/mixin/injection/callback/CallbackInfo;)V doesn't use it's CallbackInfo
[14:52:56] [Render thread/DEBUG] (FabricLoader/Mixin) fabric-rendering-v1.mixins.json:renderstate.SkyRenderStateMixin from mod fabric-rendering-v1->@Inject::clearExtraRenderData(Lorg/spongepowered/asm/mixin/injection/callback/CallbackInfo;)V has 0 override(s) in child classes
[14:52:56] [Render thread/DEBUG] (FabricLoader/Mixin) fabric-rendering-v1.mixins.json:renderstate.SkyRenderStateMixin from mod fabric-rendering-v1->@Inject::clearExtraRenderData(Lorg/spongepowered/asm/mixin/injection/callback/CallbackInfo;)V won't be passed a CallbackInfo as a result
[14:52:56] [Render thread/DEBUG] (FabricLoader/Mixin) Mixing SubmitNodeStorageMixin from fabric-renderer-indigo.mixins.json into net.minecraft.client.render.command.OrderedRenderCommandQueueImpl
[14:52:56] [Render thread/DEBUG] (FabricLoader/Mixin) Mixing client.block.render.SubmitNodeStorageMixin from fabric-renderer-api-v1.mixins.json into net.minecraft.client.render.command.OrderedRenderCommandQueueImpl
[14:52:56] [Render thread/DEBUG] (FabricLoader/Mixin) Mixing ItemFeatureRendererMixin from fabric-renderer-indigo.mixins.json into net.minecraft.client.render.command.ItemCommandRenderer
[14:52:56] [Render thread/DEBUG] (FabricLoader/Mixin) fabric-renderer-indigo.mixins.json:ItemFeatureRendererMixin from mod fabric-renderer-indigo->@Inject::onReturnRender(Lnet/minecraft/client/render/command/BatchingRenderCommandQueue;Lnet/minecraft/client/render/VertexConsumerProvider$Immediate;Lnet/minecraft/client/render/OutlineVertexConsumerProvider;Lorg/spongepowered/asm/mixin/injection/callback/CallbackInfo;)V doesn't use it's CallbackInfo
[14:52:56] [Render thread/DEBUG] (FabricLoader/Mixin) fabric-renderer-indigo.mixins.json:ItemFeatureRendererMixin from mod fabric-renderer-indigo->@Inject::onReturnRender(Lnet/minecraft/client/render/command/BatchingRenderCommandQueue;Lnet/minecraft/client/render/VertexConsumerProvider$Immediate;Lnet/minecraft/client/render/OutlineVertexConsumerProvider;Lorg/spongepowered/asm/mixin/injection/callback/CallbackInfo;)V has 0 override(s) in child classes
[14:52:56] [Render thread/DEBUG] (FabricLoader/Mixin) fabric-renderer-indigo.mixins.json:ItemFeatureRendererMixin from mod fabric-renderer-indigo->@Inject::onReturnRender(Lnet/minecraft/client/render/command/BatchingRenderCommandQueue;Lnet/minecraft/client/render/VertexConsumerProvider$Immediate;Lnet/minecraft/client/render/OutlineVertexConsumerProvider;Lorg/spongepowered/asm/mixin/injection/callback/CallbackInfo;)V won't be passed a CallbackInfo as a result
[14:52:56] [Render thread/DEBUG] (FabricLoader/Mixin) Mixing client.block.render.BlockFeatureRendererMixin from fabric-renderer-api-v1.mixins.json into net.minecraft.client.render.command.FallingBlockCommandRenderer
[14:52:56] [Render thread/DEBUG] (FabricLoader/Mixin) fabric-renderer-api-v1.mixins.json:client.block.render.BlockFeatureRendererMixin from mod fabric-renderer-api-v1->@Inject::beforeRenderMovingBlocks(Lnet/minecraft/client/render/command/BatchingRenderCommandQueue;Lnet/minecraft/client/render/VertexConsumerProvider$Immediate;Lnet/minecraft/client/render/block/BlockRenderManager;Lnet/minecraft/client/render/OutlineVertexConsumerProvider;Lorg/spongepowered/asm/mixin/injection/callback/CallbackInfo;)V doesn't use it's CallbackInfo
[14:52:56] [Render thread/DEBUG] (FabricLoader/Mixin) fabric-renderer-api-v1.mixins.json:client.block.render.BlockFeatureRendererMixin from mod fabric-renderer-api-v1->@Inject::beforeRenderMovingBlocks(Lnet/minecraft/client/render/command/BatchingRenderCommandQueue;Lnet/minecraft/client/render/VertexConsumerProvider$Immediate;Lnet/minecraft/client/render/block/BlockRenderManager;Lnet/minecraft/client/render/OutlineVertexConsumerProvider;Lorg/spongepowered/asm/mixin/injection/callback/CallbackInfo;)V has 0 override(s) in child classes
[14:52:56] [Render thread/DEBUG] (FabricLoader/Mixin) fabric-renderer-api-v1.mixins.json:client.block.render.BlockFeatureRendererMixin from mod fabric-renderer-api-v1->@Inject::beforeRenderMovingBlocks(Lnet/minecraft/client/render/command/BatchingRenderCommandQueue;Lnet/minecraft/client/render/VertexConsumerProvider$Immediate;Lnet/minecraft/client/render/block/BlockRenderManager;Lnet/minecraft/client/render/OutlineVertexConsumerProvider;Lorg/spongepowered/asm/mixin/injection/callback/CallbackInfo;)V won't be passed a CallbackInfo as a result
[14:52:56] [Render thread/DEBUG] (FabricLoader/Mixin) fabric-renderer-api-v1.mixins.json:client.block.render.BlockFeatureRendererMixin from mod fabric-renderer-api-v1->@Inject::onReturnRender(Lnet/minecraft/client/render/command/BatchingRenderCommandQueue;Lnet/minecraft/client/render/VertexConsumerProvider$Immediate;Lnet/minecraft/client/render/block/BlockRenderManager;Lnet/minecraft/client/render/OutlineVertexConsumerProvider;Lorg/spongepowered/asm/mixin/injection/callback/CallbackInfo;)V doesn't use it's CallbackInfo
[14:52:56] [Render thread/DEBUG] (FabricLoader/Mixin) fabric-renderer-api-v1.mixins.json:client.block.render.BlockFeatureRendererMixin from mod fabric-renderer-api-v1->@Inject::onReturnRender(Lnet/minecraft/client/render/command/BatchingRenderCommandQueue;Lnet/minecraft/client/render/VertexConsumerProvider$Immediate;Lnet/minecraft/client/render/block/BlockRenderManager;Lnet/minecraft/client/render/OutlineVertexConsumerProvider;Lorg/spongepowered/asm/mixin/injection/callback/CallbackInfo;)V has 0 override(s) in child classes
[14:52:56] [Render thread/DEBUG] (FabricLoader/Mixin) fabric-renderer-api-v1.mixins.json:client.block.render.BlockFeatureRendererMixin from mod fabric-renderer-api-v1->@Inject::onReturnRender(Lnet/minecraft/client/render/command/BatchingRenderCommandQueue;Lnet/minecraft/client/render/VertexConsumerProvider$Immediate;Lnet/minecraft/client/render/block/BlockRenderManager;Lnet/minecraft/client/render/OutlineVertexConsumerProvider;Lorg/spongepowered/asm/mixin/injection/callback/CallbackInfo;)V won't be passed a CallbackInfo as a result
[14:52:56] [Render thread/DEBUG] (FabricLoader/Mixin) Mixing GuiRendererMixin from fabric-rendering-v1.mixins.json into net.minecraft.client.gui.render.GuiRenderer
[14:52:56] [Render thread/DEBUG] (FabricLoader/Mixin) Renaming synthetic method lambda$substituteSpecialElementRenderer$0(Ljava/lang/Class;)Lnet/fabricmc/fabric/impl/client/rendering/SpecialGuiElementRendererPool; to md66d4ed$fabric-rendering-v1$lambda$substituteSpecialElementRenderer$0$0 in fabric-rendering-v1.mixins.json:GuiRendererMixin from mod fabric-rendering-v1
[14:52:56] [Render thread/DEBUG] (FabricLoader/Mixin) fabric-rendering-v1.mixins.json:GuiRendererMixin from mod fabric-rendering-v1->@Inject::mutableSpecialElementRenderers(Lnet/minecraft/client/gui/render/state/GuiRenderState;Lnet/minecraft/client/render/VertexConsumerProvider$Immediate;Lnet/minecraft/client/render/command/OrderedRenderCommandQueue;Lnet/minecraft/client/render/command/RenderDispatcher;Ljava/util/List;Lorg/spongepowered/asm/mixin/injection/callback/CallbackInfo;)V doesn't use it's CallbackInfo
[14:52:56] [Render thread/DEBUG] (FabricLoader/Mixin) fabric-rendering-v1.mixins.json:GuiRendererMixin from mod fabric-rendering-v1->@Inject::mutableSpecialElementRenderers(Lnet/minecraft/client/gui/render/state/GuiRenderState;Lnet/minecraft/client/render/VertexConsumerProvider$Immediate;Lnet/minecraft/client/render/command/OrderedRenderCommandQueue;Lnet/minecraft/client/render/command/RenderDispatcher;Ljava/util/List;Lorg/spongepowered/asm/mixin/injection/callback/CallbackInfo;)V has 0 override(s) in child classes
[14:52:56] [Render thread/DEBUG] (FabricLoader/Mixin) fabric-rendering-v1.mixins.json:GuiRendererMixin from mod fabric-rendering-v1->@Inject::mutableSpecialElementRenderers(Lnet/minecraft/client/gui/render/state/GuiRenderState;Lnet/minecraft/client/render/VertexConsumerProvider$Immediate;Lnet/minecraft/client/render/command/OrderedRenderCommandQueue;Lnet/minecraft/client/render/command/RenderDispatcher;Ljava/util/List;Lorg/spongepowered/asm/mixin/injection/callback/CallbackInfo;)V won't be passed a CallbackInfo as a result
[14:52:56] [Render thread/DEBUG] (FabricLoader/Mixin) fabric-rendering-v1.mixins.json:GuiRendererMixin from mod fabric-rendering-v1->@Inject::prePrepareSpecialElements(Lorg/spongepowered/asm/mixin/injection/callback/CallbackInfo;)V doesn't use it's CallbackInfo
[14:52:56] [Render thread/DEBUG] (FabricLoader/Mixin) fabric-rendering-v1.mixins.json:GuiRendererMixin from mod fabric-rendering-v1->@Inject::prePrepareSpecialElements(Lorg/spongepowered/asm/mixin/injection/callback/CallbackInfo;)V has 0 override(s) in child classes
[14:52:56] [Render thread/DEBUG] (FabricLoader/Mixin) fabric-rendering-v1.mixins.json:GuiRendererMixin from mod fabric-rendering-v1->@Inject::prePrepareSpecialElements(Lorg/spongepowered/asm/mixin/injection/callback/CallbackInfo;)V won't be passed a CallbackInfo as a result
[14:52:56] [Render thread/DEBUG] (FabricLoader/Mixin) fabric-rendering-v1.mixins.json:GuiRendererMixin from mod fabric-rendering-v1->@Inject::postPrepareSpecialElements(Lorg/spongepowered/asm/mixin/injection/callback/CallbackInfo;)V doesn't use it's CallbackInfo
[14:52:56] [Render thread/DEBUG] (FabricLoader/Mixin) fabric-rendering-v1.mixins.json:GuiRendererMixin from mod fabric-rendering-v1->@Inject::postPrepareSpecialElements(Lorg/spongepowered/asm/mixin/injection/callback/CallbackInfo;)V has 0 override(s) in child classes
[14:52:56] [Render thread/DEBUG] (FabricLoader/Mixin) fabric-rendering-v1.mixins.json:GuiRendererMixin from mod fabric-rendering-v1->@Inject::postPrepareSpecialElements(Lorg/spongepowered/asm/mixin/injection/callback/CallbackInfo;)V won't be passed a CallbackInfo as a result
[14:52:56] [Render thread/DEBUG] (FabricLoader/Mixin) fabric-rendering-v1.mixins.json:GuiRendererMixin from mod fabric-rendering-v1->@Inject::closeRendererPools(Lorg/spongepowered/asm/mixin/injection/callback/CallbackInfo;)V doesn't use it's CallbackInfo
[14:52:56] [Render thread/DEBUG] (FabricLoader/Mixin) fabric-rendering-v1.mixins.json:GuiRendererMixin from mod fabric-rendering-v1->@Inject::closeRendererPools(Lorg/spongepowered/asm/mixin/injection/callback/CallbackInfo;)V has 0 override(s) in child classes
[14:52:56] [Render thread/DEBUG] (FabricLoader/Mixin) fabric-rendering-v1.mixins.json:GuiRendererMixin from mod fabric-rendering-v1->@Inject::closeRendererPools(Lorg/spongepowered/asm/mixin/injection/callback/CallbackInfo;)V won't be passed a CallbackInfo as a result
[14:52:56] [Render thread/DEBUG] (FabricLoader/Mixin) Mixing client.block.particle.ScreenEffectRendererMixin from fabric-renderer-api-v1.mixins.json into net.minecraft.client.gui.hud.InGameOverlayRenderer
[14:52:56] [Render thread/DEBUG] (FabricLoader/Mixin) fabric-renderer-api-v1.mixins.json:client.block.particle.ScreenEffectRendererMixin from mod fabric-renderer-api-v1->@Inject::onReturnGetInWallBlockState(Lorg/spongepowered/asm/mixin/injection/callback/CallbackInfoReturnable;)V does use it's CallbackInfoReturnable
[14:52:56] [Render thread/DEBUG] (FabricLoader/Mixin) Mixing KeyedClientResourceReloadListenerMixin from fabric-resource-loader-v1.client.mixins.json into net.minecraft.client.render.WorldRenderer
[14:52:56] [Render thread/DEBUG] (FabricLoader/Mixin) Mixing WorldRendererMixin from simplebuilding.client.mixins.json into net.minecraft.client.render.WorldRenderer
[14:52:56] [Render thread/DEBUG] (FabricLoader/Mixin) Mixing LevelRendererMixin from fabric-rendering-v1.mixins.json into net.minecraft.client.render.WorldRenderer
[14:52:56] [Render thread/DEBUG] (FabricLoader/Mixin) simplebuilding.client.mixins.json:WorldRendererMixin from mod simplebuilding->@Inject::onRender(Lnet/minecraft/client/util/ObjectAllocator;Lnet/minecraft/client/render/RenderTickCounter;ZLnet/minecraft/client/render/Camera;Lorg/joml/Matrix4f;Lorg/joml/Matrix4f;Lorg/joml/Matrix4f;Lcom/mojang/blaze3d/buffers/GpuBufferSlice;Lorg/joml/Vector4f;ZLorg/spongepowered/asm/mixin/injection/callback/CallbackInfo;)V doesn't use it's CallbackInfo
[14:52:56] [Render thread/DEBUG] (FabricLoader/Mixin) simplebuilding.client.mixins.json:WorldRendererMixin from mod simplebuilding->@Inject::onRender(Lnet/minecraft/client/util/ObjectAllocator;Lnet/minecraft/client/render/RenderTickCounter;ZLnet/minecraft/client/render/Camera;Lorg/joml/Matrix4f;Lorg/joml/Matrix4f;Lorg/joml/Matrix4f;Lcom/mojang/blaze3d/buffers/GpuBufferSlice;Lorg/joml/Vector4f;ZLorg/spongepowered/asm/mixin/injection/callback/CallbackInfo;)V has 0 override(s) in child classes
[14:52:56] [Render thread/DEBUG] (FabricLoader/Mixin) simplebuilding.client.mixins.json:WorldRendererMixin from mod simplebuilding->@Inject::onRender(Lnet/minecraft/client/util/ObjectAllocator;Lnet/minecraft/client/render/RenderTickCounter;ZLnet/minecraft/client/render/Camera;Lorg/joml/Matrix4f;Lorg/joml/Matrix4f;Lorg/joml/Matrix4f;Lcom/mojang/blaze3d/buffers/GpuBufferSlice;Lorg/joml/Vector4f;ZLorg/spongepowered/asm/mixin/injection/callback/CallbackInfo;)V won't be passed a CallbackInfo as a result
[14:52:56] [Render thread/DEBUG] (FabricLoader/Mixin) simplebuilding.client.mixins.json:WorldRendererMixin from mod simplebuilding->@Inject::renderAdditionalBlockDamage(Lnet/minecraft/client/util/math/MatrixStack;Lnet/minecraft/client/render/VertexConsumerProvider$Immediate;Lnet/minecraft/client/render/state/WorldRenderState;Lorg/spongepowered/asm/mixin/injection/callback/CallbackInfo;)V doesn't use it's CallbackInfo
[14:52:56] [Render thread/DEBUG] (FabricLoader/Mixin) simplebuilding.client.mixins.json:WorldRendererMixin from mod simplebuilding->@Inject::renderAdditionalBlockDamage(Lnet/minecraft/client/util/math/MatrixStack;Lnet/minecraft/client/render/VertexConsumerProvider$Immediate;Lnet/minecraft/client/render/state/WorldRenderState;Lorg/spongepowered/asm/mixin/injection/callback/CallbackInfo;)V has 0 override(s) in child classes
[14:52:56] [Render thread/DEBUG] (FabricLoader/Mixin) simplebuilding.client.mixins.json:WorldRendererMixin from mod simplebuilding->@Inject::renderAdditionalBlockDamage(Lnet/minecraft/client/util/math/MatrixStack;Lnet/minecraft/client/render/VertexConsumerProvider$Immediate;Lnet/minecraft/client/render/state/WorldRenderState;Lorg/spongepowered/asm/mixin/injection/callback/CallbackInfo;)V won't be passed a CallbackInfo as a result
[14:52:56] [Render thread/DEBUG] (FabricLoader/Mixin) fabric-rendering-v1.mixins.json:LevelRendererMixin from mod fabric-rendering-v1->@Inject::beforeRender(Lnet/minecraft/client/util/ObjectAllocator;Lnet/minecraft/client/render/RenderTickCounter;ZLnet/minecraft/client/render/Camera;Lorg/joml/Matrix4f;Lorg/joml/Matrix4f;Lorg/joml/Matrix4f;Lcom/mojang/blaze3d/buffers/GpuBufferSlice;Lorg/joml/Vector4f;ZLorg/spongepowered/asm/mixin/injection/callback/CallbackInfo;)V doesn't use it's CallbackInfo
[14:52:56] [Render thread/DEBUG] (FabricLoader/Mixin) fabric-rendering-v1.mixins.json:LevelRendererMixin from mod fabric-rendering-v1->@Inject::beforeRender(Lnet/minecraft/client/util/ObjectAllocator;Lnet/minecraft/client/render/RenderTickCounter;ZLnet/minecraft/client/render/Camera;Lorg/joml/Matrix4f;Lorg/joml/Matrix4f;Lorg/joml/Matrix4f;Lcom/mojang/blaze3d/buffers/GpuBufferSlice;Lorg/joml/Vector4f;ZLorg/spongepowered/asm/mixin/injection/callback/CallbackInfo;)V has 0 override(s) in child classes
[14:52:56] [Render thread/DEBUG] (FabricLoader/Mixin) fabric-rendering-v1.mixins.json:LevelRendererMixin from mod fabric-rendering-v1->@Inject::beforeRender(Lnet/minecraft/client/util/ObjectAllocator;Lnet/minecraft/client/render/RenderTickCounter;ZLnet/minecraft/client/render/Camera;Lorg/joml/Matrix4f;Lorg/joml/Matrix4f;Lorg/joml/Matrix4f;Lcom/mojang/blaze3d/buffers/GpuBufferSlice;Lorg/joml/Vector4f;ZLorg/spongepowered/asm/mixin/injection/callback/CallbackInfo;)V won't be passed a CallbackInfo as a result
[14:52:56] [Render thread/DEBUG] (FabricLoader/Mixin) fabric-rendering-v1.mixins.json:LevelRendererMixin from mod fabric-rendering-v1->@Inject::afterBlockOutlineExtraction(Lnet/minecraft/client/render/Camera;Lnet/minecraft/client/render/state/WorldRenderState;Lorg/spongepowered/asm/mixin/injection/callback/CallbackInfo;)V doesn't use it's CallbackInfo
[14:52:56] [Render thread/DEBUG] (FabricLoader/Mixin) fabric-rendering-v1.mixins.json:LevelRendererMixin from mod fabric-rendering-v1->@Inject::afterBlockOutlineExtraction(Lnet/minecraft/client/render/Camera;Lnet/minecraft/client/render/state/WorldRenderState;Lorg/spongepowered/asm/mixin/injection/callback/CallbackInfo;)V has 0 override(s) in child classes
[14:52:56] [Render thread/DEBUG] (FabricLoader/Mixin) fabric-rendering-v1.mixins.json:LevelRendererMixin from mod fabric-rendering-v1->@Inject::afterBlockOutlineExtraction(Lnet/minecraft/client/render/Camera;Lnet/minecraft/client/render/state/WorldRenderState;Lorg/spongepowered/asm/mixin/injection/callback/CallbackInfo;)V won't be passed a CallbackInfo as a result
[14:52:56] [Render thread/DEBUG] (FabricLoader/Mixin) fabric-rendering-v1.mixins.json:LevelRendererMixin from mod fabric-rendering-v1->@Inject::afterBlockOutlineExtraction(Lnet/minecraft/client/render/Camera;Lnet/minecraft/client/render/state/WorldRenderState;Lorg/spongepowered/asm/mixin/injection/callback/CallbackInfo;)V doesn't use it's CallbackInfo
[14:52:56] [Render thread/DEBUG] (FabricLoader/Mixin) fabric-rendering-v1.mixins.json:LevelRendererMixin from mod fabric-rendering-v1->@Inject::afterBlockOutlineExtraction(Lnet/minecraft/client/render/Camera;Lnet/minecraft/client/render/state/WorldRenderState;Lorg/spongepowered/asm/mixin/injection/callback/CallbackInfo;)V has 0 override(s) in child classes
[14:52:56] [Render thread/DEBUG] (FabricLoader/Mixin) fabric-rendering-v1.mixins.json:LevelRendererMixin from mod fabric-rendering-v1->@Inject::afterBlockOutlineExtraction(Lnet/minecraft/client/render/Camera;Lnet/minecraft/client/render/state/WorldRenderState;Lorg/spongepowered/asm/mixin/injection/callback/CallbackInfo;)V won't be passed a CallbackInfo as a result
[14:52:56] [Render thread/DEBUG] (FabricLoader/Mixin) fabric-rendering-v1.mixins.json:LevelRendererMixin from mod fabric-rendering-v1->@Inject::afterBlockOutlineExtraction(Lnet/minecraft/client/render/Camera;Lnet/minecraft/client/render/state/WorldRenderState;Lorg/spongepowered/asm/mixin/injection/callback/CallbackInfo;)V doesn't use it's CallbackInfo
[14:52:56] [Render thread/DEBUG] (FabricLoader/Mixin) fabric-rendering-v1.mixins.json:LevelRendererMixin from mod fabric-rendering-v1->@Inject::afterBlockOutlineExtraction(Lnet/minecraft/client/render/Camera;Lnet/minecraft/client/render/state/WorldRenderState;Lorg/spongepowered/asm/mixin/injection/callback/CallbackInfo;)V has 0 override(s) in child classes
[14:52:56] [Render thread/DEBUG] (FabricLoader/Mixin) fabric-rendering-v1.mixins.json:LevelRendererMixin from mod fabric-rendering-v1->@Inject::afterBlockOutlineExtraction(Lnet/minecraft/client/render/Camera;Lnet/minecraft/client/render/state/WorldRenderState;Lorg/spongepowered/asm/mixin/injection/callback/CallbackInfo;)V won't be passed a CallbackInfo as a result
[14:52:56] [Render thread/DEBUG] (FabricLoader/Mixin) fabric-rendering-v1.mixins.json:LevelRendererMixin from mod fabric-rendering-v1->@Inject::beforeTerrainRender(Lorg/spongepowered/asm/mixin/injection/callback/CallbackInfo;)V doesn't use it's CallbackInfo
[14:52:56] [Render thread/DEBUG] (FabricLoader/Mixin) fabric-rendering-v1.mixins.json:LevelRendererMixin from mod fabric-rendering-v1->@Inject::beforeTerrainRender(Lorg/spongepowered/asm/mixin/injection/callback/CallbackInfo;)V has 0 override(s) in child classes
[14:52:56] [Render thread/DEBUG] (FabricLoader/Mixin) fabric-rendering-v1.mixins.json:LevelRendererMixin from mod fabric-rendering-v1->@Inject::beforeTerrainRender(Lorg/spongepowered/asm/mixin/injection/callback/CallbackInfo;)V won't be passed a CallbackInfo as a result
[14:52:56] [Render thread/DEBUG] (FabricLoader/Mixin) fabric-rendering-v1.mixins.json:LevelRendererMixin from mod fabric-rendering-v1->@Inject::beforeEntitySubmission(Lorg/spongepowered/asm/mixin/injection/callback/CallbackInfo;)V doesn't use it's CallbackInfo
[14:52:56] [Render thread/DEBUG] (FabricLoader/Mixin) fabric-rendering-v1.mixins.json:LevelRendererMixin from mod fabric-rendering-v1->@Inject::beforeEntitySubmission(Lorg/spongepowered/asm/mixin/injection/callback/CallbackInfo;)V has 0 override(s) in child classes
[14:52:56] [Render thread/DEBUG] (FabricLoader/Mixin) fabric-rendering-v1.mixins.json:LevelRendererMixin from mod fabric-rendering-v1->@Inject::beforeEntitySubmission(Lorg/spongepowered/asm/mixin/injection/callback/CallbackInfo;)V won't be passed a CallbackInfo as a result
[14:52:56] [Render thread/DEBUG] (FabricLoader/Mixin) fabric-rendering-v1.mixins.json:LevelRendererMixin from mod fabric-rendering-v1->@Inject::beforeDebugRender(Lorg/spongepowered/asm/mixin/injection/callback/CallbackInfo;)V doesn't use it's CallbackInfo
[14:52:56] [Render thread/DEBUG] (FabricLoader/Mixin) fabric-rendering-v1.mixins.json:LevelRendererMixin from mod fabric-rendering-v1->@Inject::beforeDebugRender(Lorg/spongepowered/asm/mixin/injection/callback/CallbackInfo;)V has 0 override(s) in child classes
[14:52:56] [Render thread/DEBUG] (FabricLoader/Mixin) fabric-rendering-v1.mixins.json:LevelRendererMixin from mod fabric-rendering-v1->@Inject::beforeDebugRender(Lorg/spongepowered/asm/mixin/injection/callback/CallbackInfo;)V won't be passed a CallbackInfo as a result
[14:52:56] [Render thread/DEBUG] (FabricLoader/Mixin) fabric-rendering-v1.mixins.json:LevelRendererMixin from mod fabric-rendering-v1->@Inject::beforeTranslucentRender(Lorg/spongepowered/asm/mixin/injection/callback/CallbackInfo;)V doesn't use it's CallbackInfo
[14:52:56] [Render thread/DEBUG] (FabricLoader/Mixin) fabric-rendering-v1.mixins.json:LevelRendererMixin from mod fabric-rendering-v1->@Inject::beforeTranslucentRender(Lorg/spongepowered/asm/mixin/injection/callback/CallbackInfo;)V has 0 override(s) in child classes
[14:52:56] [Render thread/DEBUG] (FabricLoader/Mixin) fabric-rendering-v1.mixins.json:LevelRendererMixin from mod fabric-rendering-v1->@Inject::beforeTranslucentRender(Lorg/spongepowered/asm/mixin/injection/callback/CallbackInfo;)V won't be passed a CallbackInfo as a result
[14:52:56] [Render thread/DEBUG] (FabricLoader/Mixin) fabric-rendering-v1.mixins.json:LevelRendererMixin from mod fabric-rendering-v1->@Inject::beforeDrawBlockOutline(Lnet/minecraft/client/render/VertexConsumerProvider$Immediate;Lnet/minecraft/client/util/math/MatrixStack;ZLnet/minecraft/client/render/state/WorldRenderState;Lorg/spongepowered/asm/mixin/injection/callback/CallbackInfo;)V does use it's CallbackInfo
[14:52:56] [Render thread/DEBUG] (FabricLoader/Mixin) fabric-rendering-v1.mixins.json:LevelRendererMixin from mod fabric-rendering-v1->@Inject::endMainRender(Lorg/spongepowered/asm/mixin/injection/callback/CallbackInfo;)V doesn't use it's CallbackInfo
[14:52:56] [Render thread/DEBUG] (FabricLoader/Mixin) fabric-rendering-v1.mixins.json:LevelRendererMixin from mod fabric-rendering-v1->@Inject::endMainRender(Lorg/spongepowered/asm/mixin/injection/callback/CallbackInfo;)V has 0 override(s) in child classes
[14:52:56] [Render thread/DEBUG] (FabricLoader/Mixin) fabric-rendering-v1.mixins.json:LevelRendererMixin from mod fabric-rendering-v1->@Inject::endMainRender(Lorg/spongepowered/asm/mixin/injection/callback/CallbackInfo;)V won't be passed a CallbackInfo as a result
[14:52:56] [Render thread/DEBUG] (FabricLoader/Mixin) fabric-rendering-v1.mixins.json:LevelRendererMixin from mod fabric-rendering-v1->@Inject::onReload(Lorg/spongepowered/asm/mixin/injection/callback/CallbackInfo;)V doesn't use it's CallbackInfo
[14:52:56] [Render thread/DEBUG] (FabricLoader/Mixin) fabric-rendering-v1.mixins.json:LevelRendererMixin from mod fabric-rendering-v1->@Inject::onReload(Lorg/spongepowered/asm/mixin/injection/callback/CallbackInfo;)V has 0 override(s) in child classes
[14:52:56] [Render thread/DEBUG] (FabricLoader/Mixin) fabric-rendering-v1.mixins.json:LevelRendererMixin from mod fabric-rendering-v1->@Inject::onReload(Lorg/spongepowered/asm/mixin/injection/callback/CallbackInfo;)V won't be passed a CallbackInfo as a result
[14:52:56] [Render thread/DEBUG] (FabricLoader/Mixin) Mixing KeyedClientResourceReloadListenerMixin from fabric-resource-loader-v1.client.mixins.json into net.minecraft.client.render.CloudRenderer
[14:52:56] [Render thread/DEBUG] (FabricLoader/Mixin) Mixing KeyedClientResourceReloadListenerMixin from fabric-resource-loader-v1.client.mixins.json into net.minecraft.client.resource.VideoWarningManager
[14:52:56] [Render thread/DEBUG] (FabricLoader/Mixin) Mixing GuiAccessor from fabric-rendering-v1.mixins.json into net.minecraft.client.gui.hud.InGameHud
[14:52:56] [Render thread/DEBUG] (FabricLoader/Mixin) Mixing GuiMixin from fabric-rendering-v1.mixins.json into net.minecraft.client.gui.hud.InGameHud
[14:52:56] [Render thread/DEBUG] (FabricLoader/Mixin) Renaming synthetic method lambda$wrapSubtitlesHud$22(Lcom/llamalad7/mixinextras/injector/wrapoperation/Operation;Lnet/minecraft/client/gui/hud/InGameHud;ZLnet/minecraft/client/gui/DrawContext;Lnet/minecraft/client/render/RenderTickCounter;)V to md66d4ed$fabric-rendering-v1$lambda$wrapSubtitlesHud$22$0 in fabric-rendering-v1.mixins.json:GuiMixin from mod fabric-rendering-v1
[14:52:56] [Render thread/DEBUG] (FabricLoader/Mixin) Renaming synthetic method lambda$wrapPlayerList$21(Lcom/llamalad7/mixinextras/injector/wrapoperation/Operation;Lnet/minecraft/client/gui/hud/InGameHud;Lnet/minecraft/client/gui/DrawContext;Lnet/minecraft/client/render/RenderTickCounter;)V to md66d4ed$fabric-rendering-v1$lambda$wrapPlayerList$21$1 in fabric-rendering-v1.mixins.json:GuiMixin from mod fabric-rendering-v1
[14:52:56] [Render thread/DEBUG] (FabricLoader/Mixin) Renaming synthetic method lambda$wrapChat$20(Lcom/llamalad7/mixinextras/injector/wrapoperation/Operation;Lnet/minecraft/client/gui/hud/InGameHud;Lnet/minecraft/client/gui/DrawContext;Lnet/minecraft/client/render/RenderTickCounter;)V to md66d4ed$fabric-rendering-v1$lambda$wrapChat$20$2 in fabric-rendering-v1.mixins.json:GuiMixin from mod fabric-rendering-v1
[14:52:56] [Render thread/DEBUG] (FabricLoader/Mixin) Renaming synthetic method lambda$wrapTitleAndSubtitle$19(Lcom/llamalad7/mixinextras/injector/wrapoperation/Operation;Lnet/minecraft/client/gui/hud/InGameHud;Lnet/minecraft/client/gui/DrawContext;Lnet/minecraft/client/render/RenderTickCounter;)V to md66d4ed$fabric-rendering-v1$lambda$wrapTitleAndSubtitle$19$3 in fabric-rendering-v1.mixins.json:GuiMixin from mod fabric-rendering-v1
[14:52:56] [Render thread/DEBUG] (FabricLoader/Mixin) Renaming synthetic method lambda$wrapOverlayMessage$18(Lcom/llamalad7/mixinextras/injector/wrapoperation/Operation;Lnet/minecraft/client/gui/hud/InGameHud;Lnet/minecraft/client/gui/DrawContext;Lnet/minecraft/client/render/RenderTickCounter;)V to md66d4ed$fabric-rendering-v1$lambda$wrapOverlayMessage$18$4 in fabric-rendering-v1.mixins.json:GuiMixin from mod fabric-rendering-v1
[14:52:56] [Render thread/DEBUG] (FabricLoader/Mixin) Renaming synthetic method lambda$wrapScoreboardSidebar$17(Lcom/llamalad7/mixinextras/injector/wrapoperation/Operation;Lnet/minecraft/client/gui/hud/InGameHud;Lnet/minecraft/client/gui/DrawContext;Lnet/minecraft/client/render/RenderTickCounter;)V to md66d4ed$fabric-rendering-v1$lambda$wrapScoreboardSidebar$17$5 in fabric-rendering-v1.mixins.json:GuiMixin from mod fabric-rendering-v1
[14:52:56] [Render thread/DEBUG] (FabricLoader/Mixin) Renaming synthetic method lambda$wrapDemoTimer$16(Lcom/llamalad7/mixinextras/injector/wrapoperation/Operation;Lnet/minecraft/client/gui/hud/InGameHud;Lnet/minecraft/client/gui/DrawContext;Lnet/minecraft/client/render/RenderTickCounter;)V to md66d4ed$fabric-rendering-v1$lambda$wrapDemoTimer$16$6 in fabric-rendering-v1.mixins.json:GuiMixin from mod fabric-rendering-v1
[14:52:56] [Render thread/DEBUG] (FabricLoader/Mixin) Renaming synthetic method lambda$wrapSleepOverlay$15(Lcom/llamalad7/mixinextras/injector/wrapoperation/Operation;Lnet/minecraft/client/gui/hud/InGameHud;Lnet/minecraft/client/gui/DrawContext;Lnet/minecraft/client/render/RenderTickCounter;)V to md66d4ed$fabric-rendering-v1$lambda$wrapSleepOverlay$15$7 in fabric-rendering-v1.mixins.json:GuiMixin from mod fabric-rendering-v1
[14:52:56] [Render thread/DEBUG] (FabricLoader/Mixin) Renaming synthetic method lambda$wrapBossBarHud$14(Lcom/llamalad7/mixinextras/injector/wrapoperation/Operation;Lnet/minecraft/client/gui/hud/InGameHud;Lnet/minecraft/client/gui/DrawContext;Lnet/minecraft/client/render/RenderTickCounter;)V to md66d4ed$fabric-rendering-v1$lambda$wrapBossBarHud$14$8 in fabric-rendering-v1.mixins.json:GuiMixin from mod fabric-rendering-v1
[14:52:56] [Render thread/DEBUG] (FabricLoader/Mixin) Renaming synthetic method lambda$wrapStatusEffectOverlay$13(Lcom/llamalad7/mixinextras/injector/wrapoperation/Operation;Lnet/minecraft/client/gui/hud/InGameHud;Lnet/minecraft/client/gui/DrawContext;Lnet/minecraft/client/render/RenderTickCounter;)V to md66d4ed$fabric-rendering-v1$lambda$wrapStatusEffectOverlay$13$9 in fabric-rendering-v1.mixins.json:GuiMixin from mod fabric-rendering-v1
[14:52:56] [Render thread/DEBUG] (FabricLoader/Mixin) Renaming synthetic method lambda$wrapRenderSpectatorHud$12(Lcom/llamalad7/mixinextras/injector/wrapoperation/Operation;Lnet/minecraft/client/gui/hud/SpectatorHud;Lnet/minecraft/client/gui/DrawContext;Lnet/minecraft/client/render/RenderTickCounter;)V to md66d4ed$fabric-rendering-v1$lambda$wrapRenderSpectatorHud$12$a in fabric-rendering-v1.mixins.json:GuiMixin from mod fabric-rendering-v1
[14:52:56] [Render thread/DEBUG] (FabricLoader/Mixin) Renaming synthetic method lambda$wrapHeldItemTooltip$11(Lcom/llamalad7/mixinextras/injector/wrapoperation/Operation;Lnet/minecraft/client/gui/hud/InGameHud;Lnet/minecraft/client/gui/DrawContext;Lnet/minecraft/client/render/RenderTickCounter;)V to md66d4ed$fabric-rendering-v1$lambda$wrapHeldItemTooltip$11$b in fabric-rendering-v1.mixins.json:GuiMixin from mod fabric-rendering-v1
[14:52:56] [Render thread/DEBUG] (FabricLoader/Mixin) Renaming synthetic method lambda$wrapExperienceLevel$10(Lcom/llamalad7/mixinextras/injector/wrapoperation/Operation;Lnet/minecraft/client/font/TextRenderer;ILnet/minecraft/client/gui/DrawContext;Lnet/minecraft/client/render/RenderTickCounter;)V to md66d4ed$fabric-rendering-v1$lambda$wrapExperienceLevel$10$c in fabric-rendering-v1.mixins.json:GuiMixin from mod fabric-rendering-v1
[14:52:56] [Render thread/DEBUG] (FabricLoader/Mixin) Renaming synthetic method lambda$wrapRenderBar$9(Lcom/llamalad7/mixinextras/injector/wrapoperation/Operation;Lnet/minecraft/client/gui/hud/bar/Bar;Lnet/minecraft/client/gui/DrawContext;Lnet/minecraft/client/render/RenderTickCounter;)V to md66d4ed$fabric-rendering-v1$lambda$wrapRenderBar$9$d in fabric-rendering-v1.mixins.json:GuiMixin from mod fabric-rendering-v1
[14:52:56] [Render thread/DEBUG] (FabricLoader/Mixin) Renaming synthetic method lambda$wrapMountHealth$8(Lcom/llamalad7/mixinextras/injector/wrapoperation/Operation;Lnet/minecraft/client/gui/hud/InGameHud;Lnet/minecraft/client/gui/DrawContext;Lnet/minecraft/client/render/RenderTickCounter;)V to md66d4ed$fabric-rendering-v1$lambda$wrapMountHealth$8$e in fabric-rendering-v1.mixins.json:GuiMixin from mod fabric-rendering-v1
[14:52:56] [Render thread/DEBUG] (FabricLoader/Mixin) Renaming synthetic method lambda$wrapAirBar$7(Lcom/llamalad7/mixinextras/injector/wrapoperation/Operation;Lnet/minecraft/client/gui/hud/InGameHud;Lnet/minecraft/entity/player/PlayerEntity;IIILnet/minecraft/client/gui/DrawContext;Lnet/minecraft/client/render/RenderTickCounter;)V to md66d4ed$fabric-rendering-v1$lambda$wrapAirBar$7$f in fabric-rendering-v1.mixins.json:GuiMixin from mod fabric-rendering-v1
[14:52:56] [Render thread/DEBUG] (FabricLoader/Mixin) Renaming synthetic method lambda$wrapFoodBar$6(Lcom/llamalad7/mixinextras/injector/wrapoperation/Operation;Lnet/minecraft/client/gui/hud/InGameHud;Lnet/minecraft/entity/player/PlayerEntity;IILnet/minecraft/client/gui/DrawContext;Lnet/minecraft/client/render/RenderTickCounter;)V to md66d4ed$fabric-rendering-v1$lambda$wrapFoodBar$6$10 in fabric-rendering-v1.mixins.json:GuiMixin from mod fabric-rendering-v1
[14:52:56] [Render thread/DEBUG] (FabricLoader/Mixin) Renaming synthetic method lambda$wrapHealthBar$5(Lcom/llamalad7/mixinextras/injector/wrapoperation/Operation;Lnet/minecraft/client/gui/hud/InGameHud;Lnet/minecraft/entity/player/PlayerEntity;IIIIFIIIZLnet/minecraft/client/gui/DrawContext;Lnet/minecraft/client/render/RenderTickCounter;)V to md66d4ed$fabric-rendering-v1$lambda$wrapHealthBar$5$11 in fabric-rendering-v1.mixins.json:GuiMixin from mod fabric-rendering-v1
[14:52:56] [Render thread/DEBUG] (FabricLoader/Mixin) Renaming synthetic method lambda$wrapArmorBar$4(Lcom/llamalad7/mixinextras/injector/wrapoperation/Operation;Lnet/minecraft/entity/player/PlayerEntity;IIIILnet/minecraft/client/gui/DrawContext;Lnet/minecraft/client/render/RenderTickCounter;)V to md66d4ed$fabric-rendering-v1$lambda$wrapArmorBar$4$12 in fabric-rendering-v1.mixins.json:GuiMixin from mod fabric-rendering-v1
[14:52:56] [Render thread/DEBUG] (FabricLoader/Mixin) Renaming synthetic method lambda$wrapHotbar$3(Lcom/llamalad7/mixinextras/injector/wrapoperation/Operation;Lnet/minecraft/client/gui/hud/InGameHud;Lnet/minecraft/client/gui/DrawContext;Lnet/minecraft/client/render/RenderTickCounter;)V to md66d4ed$fabric-rendering-v1$lambda$wrapHotbar$3$13 in fabric-rendering-v1.mixins.json:GuiMixin from mod fabric-rendering-v1
[14:52:56] [Render thread/DEBUG] (FabricLoader/Mixin) Renaming synthetic method lambda$wrapSpectatorMenu$2(Lcom/llamalad7/mixinextras/injector/wrapoperation/Operation;Lnet/minecraft/client/gui/hud/SpectatorHud;Lnet/minecraft/client/gui/DrawContext;Lnet/minecraft/client/render/RenderTickCounter;)V to md66d4ed$fabric-rendering-v1$lambda$wrapSpectatorMenu$2$14 in fabric-rendering-v1.mixins.json:GuiMixin from mod fabric-rendering-v1
[14:52:56] [Render thread/DEBUG] (FabricLoader/Mixin) Renaming synthetic method lambda$wrapCrosshair$1(Lcom/llamalad7/mixinextras/injector/wrapoperation/Operation;Lnet/minecraft/client/gui/hud/InGameHud;Lnet/minecraft/client/gui/DrawContext;Lnet/minecraft/client/render/RenderTickCounter;)V to md66d4ed$fabric-rendering-v1$lambda$wrapCrosshair$1$15 in fabric-rendering-v1.mixins.json:GuiMixin from mod fabric-rendering-v1
[14:52:56] [Render thread/DEBUG] (FabricLoader/Mixin) Renaming synthetic method lambda$wrapMiscOverlays$0(Lcom/llamalad7/mixinextras/injector/wrapoperation/Operation;Lnet/minecraft/client/gui/hud/InGameHud;Lnet/minecraft/client/gui/DrawContext;Lnet/minecraft/client/render/RenderTickCounter;)V to md66d4ed$fabric-rendering-v1$lambda$wrapMiscOverlays$0$16 in fabric-rendering-v1.mixins.json:GuiMixin from mod fabric-rendering-v1
[14:52:56] [Render thread/DEBUG] (FabricLoader/Mixin) fabric-rendering-v1.mixins.json:GuiMixin from mod fabric-rendering-v1->@Inject::render(Lnet/minecraft/client/gui/DrawContext;Lnet/minecraft/client/render/RenderTickCounter;Lorg/spongepowered/asm/mixin/injection/callback/CallbackInfo;)V doesn't use it's CallbackInfo
[14:52:56] [Render thread/DEBUG] (FabricLoader/Mixin) fabric-rendering-v1.mixins.json:GuiMixin from mod fabric-rendering-v1->@Inject::render(Lnet/minecraft/client/gui/DrawContext;Lnet/minecraft/client/render/RenderTickCounter;Lorg/spongepowered/asm/mixin/injection/callback/CallbackInfo;)V has 0 override(s) in child classes
[14:52:56] [Render thread/DEBUG] (FabricLoader/Mixin) fabric-rendering-v1.mixins.json:GuiMixin from mod fabric-rendering-v1->@Inject::render(Lnet/minecraft/client/gui/DrawContext;Lnet/minecraft/client/render/RenderTickCounter;Lorg/spongepowered/asm/mixin/injection/callback/CallbackInfo;)V won't be passed a CallbackInfo as a result
[14:52:56] [Render thread/DEBUG] (FabricLoader/Mixin) Mixing ResourceMixin from fabric-resource-loader-v1.mixins.json into net.minecraft.resource.Resource
[14:52:56] [Render thread/DEBUG] (FabricLoader/Mixin) Mixing ChatListenerMixin from fabric-message-api-v1.client.mixins.json into net.minecraft.client.network.message.MessageHandler
[14:52:56] [Render thread/DEBUG] (FabricLoader/Mixin) fabric-message-api-v1.client.mixins.json:ChatListenerMixin from mod fabric-message-api-v1->@Inject::fabric_onSignedChatMessage(Lnet/minecraft/network/message/MessageType$Parameters;Lnet/minecraft/network/message/SignedMessage;Lnet/minecraft/text/Text;Lcom/mojang/authlib/GameProfile;ZLjava/time/Instant;Lorg/spongepowered/asm/mixin/injection/callback/CallbackInfoReturnable;)V does use it's CallbackInfoReturnable
[14:52:56] [Render thread/DEBUG] (FabricLoader/Mixin) fabric-message-api-v1.client.mixins.json:ChatListenerMixin from mod fabric-message-api-v1->@Inject::fabric_onFilteredSignedChatMessage(Lnet/minecraft/network/message/MessageType$Parameters;Lnet/minecraft/network/message/SignedMessage;Lnet/minecraft/text/Text;Lcom/mojang/authlib/GameProfile;ZLjava/time/Instant;Lorg/spongepowered/asm/mixin/injection/callback/CallbackInfoReturnable;)V does use it's CallbackInfoReturnable
[14:52:56] [Render thread/DEBUG] (FabricLoader/Mixin) fabric-message-api-v1.client.mixins.json:ChatListenerMixin from mod fabric-message-api-v1->@Inject::fabric_onProfilelessChatMessage(Lnet/minecraft/network/message/MessageType$Parameters;Lnet/minecraft/text/Text;Ljava/time/Instant;Lorg/spongepowered/asm/mixin/injection/callback/CallbackInfoReturnable;)V does use it's CallbackInfoReturnable
[14:52:56] [Render thread/DEBUG] (FabricLoader/Mixin) fabric-message-api-v1.client.mixins.json:ChatListenerMixin from mod fabric-message-api-v1->@Inject::fabric_allowGameMessage(Lnet/minecraft/text/Text;ZLorg/spongepowered/asm/mixin/injection/callback/CallbackInfo;)V does use it's CallbackInfo
[14:52:56] [Render thread/INFO] (net.minecraft.resource.ReloadableResourceManagerImpl) Reloading ResourceManager: vanilla, cloth-config, fabric-api, fabric-api-base, fabric-api-lookup-api-v1, fabric-biome-api-v1, fabric-block-api-v1, fabric-block-view-api-v2, fabric-client-gametest-api-v1, fabric-command-api-v2, fabric-content-registries-v0, fabric-convention-tags-v1, fabric-convention-tags-v2, fabric-crash-report-info-v1, fabric-data-attachment-api-v1, fabric-data-generation-api-v1, fabric-dimensions-v1, fabric-entity-events-v1, fabric-events-interaction-v0, fabric-game-rule-api-v1, fabric-gametest-api-v1, fabric-item-api-v1, fabric-item-group-api-v1, fabric-key-binding-api-v1, fabric-lifecycle-events-v1, fabric-loot-api-v2, fabric-loot-api-v3, fabric-message-api-v1, fabric-model-loading-api-v1, fabric-networking-api-v1, fabric-object-builder-api-v1, fabric-particles-v1, fabric-recipe-api-v1, fabric-registry-sync-v0, fabric-renderer-api-v1, fabric-renderer-indigo, fabric-rendering-fluids-v1, fabric-rendering-v1, fabric-resource-conditions-api-v1, fabric-resource-loader-v0, fabric-resource-loader-v1, fabric-screen-api-v1, fabric-screen-handler-api-v1, fabric-serialization-api-v1, fabric-sound-api-v1, fabric-tag-api-v1, fabric-transfer-api-v1, fabric-transitive-access-wideners-v1, fabricloader, modmenu, simplebuilding
[14:52:56] [Render thread/DEBUG] (FabricLoader/Mixin) Mixing SimpleReloadInstanceMixin from fabric-resource-loader-v1.mixins.json into net.minecraft.resource.SimpleResourceReload
[14:52:56] [Render thread/DEBUG] (FabricLoader/Mixin) Mixing client.sprite.SpriteLoaderPreparationsMixin from fabric-renderer-api-v1.mixins.json into net.minecraft.client.texture.SpriteLoader$StitchResult
[14:52:56] [Render thread/DEBUG] (FabricLoader/Mixin) Mixing modification.RegistryAccessImmutableRegistryAccessMixin from fabric-biome-api-v1.mixins.json into net.minecraft.registry.DynamicRegistryManager$ImmutableImpl
[14:52:56] [Render thread/DEBUG] (FabricLoader/Mixin) Mixing DrawAccessor from fabric-rendering-v1.mixins.json into net.minecraft.client.gui.render.GuiRenderer$Draw
[14:52:56] [Render thread/DEBUG] (com.mojang.blaze3d.systems.RenderSystem) Growing IndexBuffer: Old limit 0, new limit 60.
[14:52:56] [Worker-Main-3/DEBUG] (FabricLoader/Mixin) Mixing LayerDefinitionsMixin from fabric-rendering-v1.mixins.json into net.minecraft.client.render.entity.model.EntityModels
[14:52:56] [Worker-Main-3/DEBUG] (FabricLoader/Mixin) fabric-rendering-v1.mixins.json:LayerDefinitionsMixin from mod fabric-rendering-v1->@Inject::registerExtraModelData(Lorg/spongepowered/asm/mixin/injection/callback/CallbackInfoReturnable;)V doesn't use it's CallbackInfoReturnable
[14:52:56] [Worker-Main-10/INFO] (net.minecraft.client.font.UnihexFont) Found unifont_pua-17.0.01.hex, loading
[14:52:56] [Worker-Main-5/INFO] (net.minecraft.client.font.UnihexFont) Found unifont_all_no_pua-17.0.01.hex, loading
[14:52:56] [Worker-Main-12/INFO] (net.minecraft.client.font.UnihexFont) Found unifont_jp_patch-17.0.01.hex, loading
[14:52:56] [Render thread/DEBUG] (FabricLoader/Mixin) Mixing SubmitNodeCollectionMixin from fabric-renderer-indigo.mixins.json into net.minecraft.client.render.command.BatchingRenderCommandQueue
[14:52:56] [Render thread/DEBUG] (FabricLoader/Mixin) Mixing client.block.render.SubmitNodeCollectionMixin from fabric-renderer-api-v1.mixins.json into net.minecraft.client.render.command.BatchingRenderCommandQueue
[14:52:56] [Render thread/DEBUG] (FabricLoader/Mixin) fabric-renderer-indigo.mixins.json:SubmitNodeCollectionMixin from mod fabric-renderer-indigo->@Inject::clear(Lorg/spongepowered/asm/mixin/injection/callback/CallbackInfo;)V doesn't use it's CallbackInfo
[14:52:56] [Render thread/DEBUG] (FabricLoader/Mixin) fabric-renderer-indigo.mixins.json:SubmitNodeCollectionMixin from mod fabric-renderer-indigo->@Inject::clear(Lorg/spongepowered/asm/mixin/injection/callback/CallbackInfo;)V has 0 override(s) in child classes
[14:52:56] [Render thread/DEBUG] (FabricLoader/Mixin) fabric-renderer-indigo.mixins.json:SubmitNodeCollectionMixin from mod fabric-renderer-indigo->@Inject::clear(Lorg/spongepowered/asm/mixin/injection/callback/CallbackInfo;)V won't be passed a CallbackInfo as a result
[14:52:56] [Render thread/DEBUG] (FabricLoader/Mixin) fabric-renderer-api-v1.mixins.json:client.block.render.SubmitNodeCollectionMixin from mod fabric-renderer-api-v1->@Inject::onReturnClear(Lorg/spongepowered/asm/mixin/injection/callback/CallbackInfo;)V doesn't use it's CallbackInfo
[14:52:56] [Render thread/DEBUG] (FabricLoader/Mixin) fabric-renderer-api-v1.mixins.json:client.block.render.SubmitNodeCollectionMixin from mod fabric-renderer-api-v1->@Inject::onReturnClear(Lorg/spongepowered/asm/mixin/injection/callback/CallbackInfo;)V has 0 override(s) in child classes
[14:52:56] [Render thread/DEBUG] (FabricLoader/Mixin) fabric-renderer-api-v1.mixins.json:client.block.render.SubmitNodeCollectionMixin from mod fabric-renderer-api-v1->@Inject::onReturnClear(Lorg/spongepowered/asm/mixin/injection/callback/CallbackInfo;)V won't be passed a CallbackInfo as a result
[14:52:56] [Worker-Main-15/DEBUG] (FabricLoader/Mixin) Mixing BlockModelAccessor from fabric-model-loading-api-v1.mixins.json into net.minecraft.client.render.model.json.JsonUnbakedModel
[14:52:56] [Worker-Main-15/DEBUG] (FabricLoader/Mixin) Mixing BlockModelMixin from fabric-model-loading-api-v1.mixins.json into net.minecraft.client.render.model.json.JsonUnbakedModel
[14:52:57] [Worker-Main-3/DEBUG] (FabricLoader/Mixin) Mixing ModelLayersMixin from fabric-object-builder-v1.client.mixins.json into net.minecraft.client.render.entity.model.EntityModelLayers
[14:52:57] [Worker-Main-3/DEBUG] (FabricLoader/Mixin) Renaming synthetic method lambda$createHangingSign$0(Lnet/minecraft/client/render/block/entity/HangingSignBlockEntityRenderer$AttachmentType;Ljava/lang/String;)Ljava/lang/String; to md66d4ed$fabric-object-builder-api-v1$lambda$createHangingSign$0$0 in fabric-object-builder-v1.client.mixins.json:ModelLayersMixin from mod fabric-object-builder-api-v1
[14:52:57] [Worker-Main-3/DEBUG] (FabricLoader/Mixin) Mixing ModelLayersAccessor from fabric-rendering-v1.mixins.json into net.minecraft.client.render.entity.model.EntityModelLayers
[14:52:57] [Worker-Main-3/DEBUG] (FabricLoader/Mixin) Renaming @Accessor method getLayers()Ljava/util/Set; to getLayers$fabric-rendering-v1_$md$66d4ed$1 in fabric-rendering-v1.mixins.json:ModelLayersAccessor from mod fabric-rendering-v1
[14:52:57] [Worker-Main-3/DEBUG] (FabricLoader/Mixin) fabric-object-builder-v1.client.mixins.json:ModelLayersMixin from mod fabric-object-builder-api-v1->@Inject::createStandingSign(Lnet/minecraft/block/WoodType;Lorg/spongepowered/asm/mixin/injection/callback/CallbackInfoReturnable;)V does use it's CallbackInfoReturnable
[14:52:57] [Worker-Main-3/DEBUG] (FabricLoader/Mixin) fabric-object-builder-v1.client.mixins.json:ModelLayersMixin from mod fabric-object-builder-api-v1->@Inject::createWallSign(Lnet/minecraft/block/WoodType;Lorg/spongepowered/asm/mixin/injection/callback/CallbackInfoReturnable;)V does use it's CallbackInfoReturnable
[14:52:57] [Worker-Main-3/DEBUG] (FabricLoader/Mixin) fabric-object-builder-v1.client.mixins.json:ModelLayersMixin from mod fabric-object-builder-api-v1->@Inject::createHangingSign(Lnet/minecraft/block/WoodType;Lnet/minecraft/client/render/block/entity/HangingSignBlockEntityRenderer$AttachmentType;Lorg/spongepowered/asm/mixin/injection/callback/CallbackInfoReturnable;)V does use it's CallbackInfoReturnable
[14:52:57] [Worker-Main-3/DEBUG] (FabricLoader/Mixin) Mixing ModelPartAccessor from fabric-rendering-v1.mixins.json into net.minecraft.client.model.ModelPart
[14:52:57] [Worker-Main-4/DEBUG] (FabricLoader/Mixin) Mixing client.block.model.MultiPartModelMixin from fabric-renderer-api-v1.mixins.json into net.minecraft.client.render.model.MultipartBlockStateModel
[14:52:57] [Worker-Main-4/DEBUG] (FabricLoader/Mixin) Mixing client.block.model.WeightedVariantsMixin from fabric-renderer-api-v1.mixins.json into net.minecraft.client.render.model.WeightedBlockStateModel
[14:52:57] [Worker-Main-4/DEBUG] (FabricLoader/Mixin) Mixing client.sprite.ModelManager1Mixin from fabric-renderer-api-v1.mixins.json into net.minecraft.client.render.model.BakedModelManager$1
[14:52:57] [Worker-Main-4/DEBUG] (FabricLoader/Mixin) Mixing client.block.model.BlockModelPartMixin from fabric-renderer-api-v1.mixins.json into net.minecraft.client.render.model.BlockModelPart
[14:52:57] [Worker-Main-4/DEBUG] (FabricLoader/Mixin) Mixing client.block.model.SimpleModelWrapperMixin from fabric-renderer-api-v1.mixins.json into net.minecraft.client.render.model.GeometryBakedModel
[14:52:57] [Worker-Main-4/DEBUG] (FabricLoader/Mixin) Renaming synthetic method lambda$emitQuads$1(Lnet/fabricmc/fabric/api/renderer/v1/mesh/MutableQuadView;)Z to md66d4ed$fabric-renderer-api-v1$lambda$emitQuads$1$0 in fabric-renderer-api-v1.mixins.json:client.block.model.SimpleModelWrapperMixin from mod fabric-renderer-api-v1
[14:52:57] [Worker-Main-4/DEBUG] (FabricLoader/Mixin) Renaming synthetic method lambda$validateMeshAtlas$0(Lcom/llamalad7/mixinextras/sugar/ref/LocalRef;Lnet/minecraft/client/render/model/Baker;Lnet/fabricmc/fabric/api/renderer/v1/mesh/QuadView;)V to md66d4ed$fabric-renderer-api-v1$lambda$validateMeshAtlas$0$1 in fabric-renderer-api-v1.mixins.json:client.block.model.SimpleModelWrapperMixin from mod fabric-renderer-api-v1
[14:52:57] [Worker-Main-4/DEBUG] (FabricLoader/Mixin) fabric-renderer-api-v1.mixins.json:client.block.model.SimpleModelWrapperMixin from mod fabric-renderer-api-v1->@Inject::validateMeshAtlas(Lnet/minecraft/client/render/model/Baker;Lnet/minecraft/util/Identifier;Lnet/minecraft/client/render/model/ModelBakeSettings;Lorg/spongepowered/asm/mixin/injection/callback/CallbackInfoReturnable;)V doesn't use it's CallbackInfoReturnable
[14:52:57] [Worker-Main-15/DEBUG] (FabricLoader/Mixin) Mixing client.block.model.MultiPartModelSharedBakedStateAccessor from fabric-renderer-api-v1.mixins.json into net.minecraft.client.render.model.MultipartBlockStateModel$MultipartBakedModel
[14:52:57] [Worker-Main-4/DEBUG] (FabricLoader/Mixin) Mixing ModelBakeryBakingResultMixin from fabric-model-loading-api-v1.mixins.json into net.minecraft.client.render.model.ModelBaker$BakedModels
[14:52:58] [Render thread/INFO] (net.minecraft.client.sound.SoundEngine) OpenAL initialized on device OpenAL Soft on LG ULTRAWIDE (3- NVIDIA High Definition Audio)
[14:52:58] [Render thread/INFO] (net.minecraft.client.sound.SoundSystem) Sound engine started
[14:52:58] [Render thread/INFO] (net.minecraft.client.texture.SpriteAtlasTexture) Created: 512x256x0 minecraft:textures/atlas/particles.png-atlas
[14:52:58] [Render thread/INFO] (net.minecraft.client.texture.SpriteAtlasTexture) Created: 128x128x0 minecraft:textures/atlas/decorated_pot.png-atlas
[14:52:58] [Render thread/INFO] (net.minecraft.client.texture.SpriteAtlasTexture) Created: 2048x1024x0 minecraft:textures/atlas/armor_trims.png-atlas
[14:52:58] [Render thread/INFO] (net.minecraft.client.texture.SpriteAtlasTexture) Created: 512x256x0 minecraft:textures/atlas/paintings.png-atlas
[14:52:58] [Render thread/INFO] (net.minecraft.client.texture.SpriteAtlasTexture) Created: 1024x512x0 minecraft:textures/atlas/shield_patterns.png-atlas
[14:52:58] [Render thread/INFO] (net.minecraft.client.texture.SpriteAtlasTexture) Created: 2048x2048x4 minecraft:textures/atlas/blocks.png-atlas
[14:52:58] [Render thread/INFO] (net.minecraft.client.texture.SpriteAtlasTexture) Created: 512x512x0 minecraft:textures/atlas/chest.png-atlas
[14:52:58] [Render thread/INFO] (net.minecraft.client.texture.SpriteAtlasTexture) Created: 256x128x0 minecraft:textures/atlas/celestials.png-atlas
[14:52:58] [Render thread/INFO] (net.minecraft.client.texture.SpriteAtlasTexture) Created: 1024x512x0 minecraft:textures/atlas/banner_patterns.png-atlas
[14:52:58] [Render thread/INFO] (net.minecraft.client.texture.SpriteAtlasTexture) Created: 512x512x0 minecraft:textures/atlas/beds.png-atlas
[14:52:58] [Render thread/INFO] (net.minecraft.client.texture.SpriteAtlasTexture) Created: 1024x512x0 minecraft:textures/atlas/items.png-atlas
[14:52:58] [Render thread/INFO] (net.minecraft.client.texture.SpriteAtlasTexture) Created: 1024x1024x0 minecraft:textures/atlas/gui.png-atlas
[14:52:58] [Render thread/INFO] (net.minecraft.client.texture.SpriteAtlasTexture) Created: 128x64x0 minecraft:textures/atlas/map_decorations.png-atlas
[14:52:58] [Render thread/INFO] (net.minecraft.client.texture.SpriteAtlasTexture) Created: 512x256x0 minecraft:textures/atlas/signs.png-atlas
[14:52:58] [Render thread/INFO] (net.minecraft.client.texture.SpriteAtlasTexture) Created: 1024x512x0 minecraft:textures/atlas/shulker_boxes.png-atlas
[14:52:58] [Render thread/DEBUG] (FabricLoader/Mixin) Mixing LiquidBlockRendererMixin from fabric-rendering-fluids-v1.mixins.json into net.minecraft.client.render.block.FluidRenderer
[14:52:58] [Render thread/DEBUG] (FabricLoader/Mixin) fabric-rendering-fluids-v1.mixins.json:LiquidBlockRendererMixin from mod fabric-rendering-fluids-v1->@Inject::onResourceReloadReturn(Lorg/spongepowered/asm/mixin/injection/callback/CallbackInfo;)V doesn't use it's CallbackInfo
[14:52:58] [Render thread/DEBUG] (FabricLoader/Mixin) fabric-rendering-fluids-v1.mixins.json:LiquidBlockRendererMixin from mod fabric-rendering-fluids-v1->@Inject::onResourceReloadReturn(Lorg/spongepowered/asm/mixin/injection/callback/CallbackInfo;)V has 0 override(s) in child classes
[14:52:58] [Render thread/DEBUG] (FabricLoader/Mixin) fabric-rendering-fluids-v1.mixins.json:LiquidBlockRendererMixin from mod fabric-rendering-fluids-v1->@Inject::onResourceReloadReturn(Lorg/spongepowered/asm/mixin/injection/callback/CallbackInfo;)V won't be passed a CallbackInfo as a result
[14:52:58] [Render thread/DEBUG] (FabricLoader/Mixin) fabric-rendering-fluids-v1.mixins.json:LiquidBlockRendererMixin from mod fabric-rendering-fluids-v1->@Inject::onHeadRender(Lnet/minecraft/world/BlockRenderView;Lnet/minecraft/util/math/BlockPos;Lnet/minecraft/client/render/VertexConsumer;Lnet/minecraft/block/BlockState;Lnet/minecraft/fluid/FluidState;Lorg/spongepowered/asm/mixin/injection/callback/CallbackInfo;)V does use it's CallbackInfo
[14:52:58] [Render thread/DEBUG] (FabricLoader/Mixin) Mixing EquipmentRendererMixin from simplebuilding.client.mixins.json into net.minecraft.client.render.entity.equipment.EquipmentRenderer
[14:52:58] [Render thread/DEBUG] (FabricLoader/Mixin) Mixing EntityRenderersMixin from fabric-rendering-v1.mixins.json into net.minecraft.client.render.entity.EntityRendererFactories
[14:52:58] [Render thread/DEBUG] (FabricLoader/Mixin) Renaming synthetic method lambda$onRegisterRenderers$0(Lnet/minecraft/entity/EntityType;Lnet/minecraft/client/render/entity/EntityRendererFactory;)V to md66d4ed$fabric-rendering-v1$lambda$onRegisterRenderers$0$0 in fabric-rendering-v1.mixins.json:EntityRenderersMixin from mod fabric-rendering-v1
[14:52:58] [Render thread/DEBUG] (FabricLoader/Mixin) fabric-rendering-v1.mixins.json:EntityRenderersMixin from mod fabric-rendering-v1->@Inject::onRegisterRenderers(Lorg/spongepowered/asm/mixin/injection/callback/CallbackInfo;)V doesn't use it's CallbackInfo
[14:52:58] [Render thread/DEBUG] (FabricLoader/Mixin) Mixing HumanoidMobRendererMixin from fabric-rendering-v1.mixins.json into net.minecraft.client.render.entity.BipedEntityRenderer
[14:52:58] [Render thread/DEBUG] (FabricLoader/Mixin) Mixing HumanoidArmorLayerMixin from fabric-rendering-v1.mixins.json into net.minecraft.client.render.entity.feature.ArmorFeatureRenderer
[14:52:58] [Render thread/DEBUG] (FabricLoader/Mixin) fabric-rendering-v1.mixins.json:HumanoidArmorLayerMixin from mod fabric-rendering-v1->@Inject::render(Lnet/minecraft/client/util/math/MatrixStack;Lnet/minecraft/client/render/command/OrderedRenderCommandQueue;ILnet/minecraft/client/render/entity/state/BipedEntityRenderState;FFLorg/spongepowered/asm/mixin/injection/callback/CallbackInfo;)V doesn't use it's CallbackInfo
[14:52:58] [Render thread/DEBUG] (FabricLoader/Mixin) fabric-rendering-v1.mixins.json:HumanoidArmorLayerMixin from mod fabric-rendering-v1->@Inject::render(Lnet/minecraft/client/util/math/MatrixStack;Lnet/minecraft/client/render/command/OrderedRenderCommandQueue;ILnet/minecraft/client/render/entity/state/BipedEntityRenderState;FFLorg/spongepowered/asm/mixin/injection/callback/CallbackInfo;)V has 0 override(s) in child classes
[14:52:58] [Render thread/DEBUG] (FabricLoader/Mixin) fabric-rendering-v1.mixins.json:HumanoidArmorLayerMixin from mod fabric-rendering-v1->@Inject::render(Lnet/minecraft/client/util/math/MatrixStack;Lnet/minecraft/client/render/command/OrderedRenderCommandQueue;ILnet/minecraft/client/render/entity/state/BipedEntityRenderState;FFLorg/spongepowered/asm/mixin/injection/callback/CallbackInfo;)V won't be passed a CallbackInfo as a result
[14:52:58] [Render thread/DEBUG] (FabricLoader/Mixin) fabric-rendering-v1.mixins.json:HumanoidArmorLayerMixin from mod fabric-rendering-v1->@Inject::renderArmor(Lnet/minecraft/client/util/math/MatrixStack;Lnet/minecraft/client/render/command/OrderedRenderCommandQueue;Lnet/minecraft/item/ItemStack;Lnet/minecraft/entity/EquipmentSlot;ILnet/minecraft/client/render/entity/state/BipedEntityRenderState;Lorg/spongepowered/asm/mixin/injection/callback/CallbackInfo;)V does use it's CallbackInfo
[14:52:58] [Render thread/DEBUG] (FabricLoader/Mixin) Mixing ItemFrameEntityRendererMixin from simplebuilding.client.mixins.json into net.minecraft.client.render.entity.ItemFrameEntityRenderer
[14:52:58] [Render thread/DEBUG] (FabricLoader/Mixin) Mixing client.block.render.ItemFrameRendererMixin from fabric-renderer-api-v1.mixins.json into net.minecraft.client.render.entity.ItemFrameEntityRenderer
[14:52:58] [Render thread/DEBUG] (FabricLoader/Mixin) Renaming synthetic method lambda$renderProxy$0(Lnet/minecraft/client/render/RenderLayer;Lnet/minecraft/client/render/BlockRenderLayer;)Lnet/minecraft/client/render/RenderLayer; to md66d4ed$fabric-renderer-api-v1$lambda$renderProxy$0$0 in fabric-renderer-api-v1.mixins.json:client.block.render.ItemFrameRendererMixin from mod fabric-renderer-api-v1
[14:52:58] [Render thread/DEBUG] (FabricLoader/Mixin) simplebuilding.client.mixins.json:ItemFrameEntityRendererMixin from mod simplebuilding->@Inject::simplebuilding$forceVisibleIfEmpty(Lnet/minecraft/entity/decoration/ItemFrameEntity;Lnet/minecraft/client/render/entity/state/ItemFrameEntityRenderState;FLorg/spongepowered/asm/mixin/injection/callback/CallbackInfo;)V doesn't use it's CallbackInfo
[14:52:58] [Render thread/DEBUG] (FabricLoader/Mixin) simplebuilding.client.mixins.json:ItemFrameEntityRendererMixin from mod simplebuilding->@Inject::simplebuilding$forceVisibleIfEmpty(Lnet/minecraft/entity/decoration/ItemFrameEntity;Lnet/minecraft/client/render/entity/state/ItemFrameEntityRenderState;FLorg/spongepowered/asm/mixin/injection/callback/CallbackInfo;)V has 0 override(s) in child classes
[14:52:58] [Render thread/DEBUG] (FabricLoader/Mixin) simplebuilding.client.mixins.json:ItemFrameEntityRendererMixin from mod simplebuilding->@Inject::simplebuilding$forceVisibleIfEmpty(Lnet/minecraft/entity/decoration/ItemFrameEntity;Lnet/minecraft/client/render/entity/state/ItemFrameEntityRenderState;FLorg/spongepowered/asm/mixin/injection/callback/CallbackInfo;)V won't be passed a CallbackInfo as a result
[14:52:58] [Render thread/DEBUG] (FabricLoader/Mixin) Mixing client.block.render.MushroomCowMushroomLayerMixin from fabric-renderer-api-v1.mixins.json into net.minecraft.client.render.entity.feature.MooshroomMushroomFeatureRenderer
[14:52:58] [Render thread/DEBUG] (FabricLoader/Mixin) Renaming synthetic method lambda$renderProxy$0(Lnet/minecraft/client/render/RenderLayer;Lnet/minecraft/client/render/BlockRenderLayer;)Lnet/minecraft/client/render/RenderLayer; to md66d4ed$fabric-renderer-api-v1$lambda$renderProxy$0$0 in fabric-renderer-api-v1.mixins.json:client.block.render.MushroomCowMushroomLayerMixin from mod fabric-renderer-api-v1
[14:52:58] [Render thread/DEBUG] (FabricLoader/Mixin) Mixing client.block.render.SnowGolemHeadLayerMixin from fabric-renderer-api-v1.mixins.json into net.minecraft.client.render.entity.feature.SnowGolemPumpkinFeatureRenderer
[14:52:58] [Render thread/DEBUG] (FabricLoader/Mixin) Renaming synthetic method lambda$renderProxy$0(Lnet/minecraft/client/render/RenderLayer;Lnet/minecraft/client/render/BlockRenderLayer;)Lnet/minecraft/client/render/RenderLayer; to md66d4ed$fabric-renderer-api-v1$lambda$renderProxy$0$0 in fabric-renderer-api-v1.mixins.json:client.block.render.SnowGolemHeadLayerMixin from mod fabric-renderer-api-v1
[14:52:58] [Render thread/DEBUG] (FabricLoader/Mixin) Mixing CapeLayerMixin from fabric-rendering-v1.mixins.json into net.minecraft.client.render.entity.feature.CapeFeatureRenderer
[14:52:58] [Render thread/DEBUG] (FabricLoader/Mixin) fabric-rendering-v1.mixins.json:CapeLayerMixin from mod fabric-rendering-v1->@Inject::injectCapeRenderCheck(Lnet/minecraft/client/util/math/MatrixStack;Lnet/minecraft/client/render/command/OrderedRenderCommandQueue;ILnet/minecraft/client/render/entity/state/PlayerEntityRenderState;FFLorg/spongepowered/asm/mixin/injection/callback/CallbackInfo;)V does use it's CallbackInfo
[14:52:58] [Render thread/DEBUG] (FabricLoader/Mixin) Mixing BlockEntityRenderersMixin from fabric-rendering-v1.mixins.json into net.minecraft.client.render.block.entity.BlockEntityRendererFactories
[14:52:58] [Render thread/DEBUG] (FabricLoader/Mixin) Renaming synthetic method lambda$init$0(Lnet/minecraft/block/entity/BlockEntityType;Lnet/minecraft/client/render/block/entity/BlockEntityRendererFactory;)V to md66d4ed$fabric-rendering-v1$lambda$init$0$0 in fabric-rendering-v1.mixins.json:BlockEntityRenderersMixin from mod fabric-rendering-v1
[14:52:58] [Render thread/DEBUG] (FabricLoader/Mixin) fabric-rendering-v1.mixins.json:BlockEntityRenderersMixin from mod fabric-rendering-v1->@Inject::init(Lorg/spongepowered/asm/mixin/injection/callback/CallbackInfo;)V doesn't use it's CallbackInfo
[14:52:59] [Render thread/DEBUG] (com.mojang.blaze3d.systems.RenderSystem) Growing IndexBuffer: Old limit 60, new limit 192.
[14:52:59] [Download-2/INFO] (net.minecraft.client.realms.RealmsClient) Could not authorize you against Realms server: java.lang.RuntimeException: Failed to parse into SignedJWT: FabricMC
[14:52:59] [Download-2/ERROR] (net.minecraft.client.realms.RealmsClient) Failed to fetch Realms feature flags
net.minecraft.client.realms.exception.RealmsServiceException: Realms authentication error with message 'java.lang.RuntimeException: Failed to parse into SignedJWT: FabricMC'
	at knot//net.minecraft.client.realms.RealmsClient.execute(RealmsClient.java:526)
	at knot//net.minecraft.client.realms.RealmsClient.fetchFeatureFlags(RealmsClient.java:186)
	at java.base/java.util.concurrent.CompletableFuture$AsyncSupply.run(CompletableFuture.java:1768)
	at java.base/java.util.concurrent.ThreadPoolExecutor.runWorker(ThreadPoolExecutor.java:1144)
	at java.base/java.util.concurrent.ThreadPoolExecutor$Worker.run(ThreadPoolExecutor.java:642)
	at java.base/java.lang.Thread.run(Thread.java:1583)
[14:52:59] [IO-Worker-1/INFO] (net.minecraft.client.realms.RealmsClient) Could not authorize you against Realms server: java.lang.RuntimeException: Failed to parse into SignedJWT: FabricMC
[14:52:59] [IO-Worker-1/ERROR] (net.minecraft.client.realms.RealmsAvailability) Couldn't connect to realms
net.minecraft.client.realms.exception.RealmsServiceException: Realms authentication error with message 'java.lang.RuntimeException: Failed to parse into SignedJWT: FabricMC'
	at knot//net.minecraft.client.realms.RealmsClient.execute(RealmsClient.java:526)
	at knot//net.minecraft.client.realms.RealmsClient.clientCompatible(RealmsClient.java:307)
	at knot//net.minecraft.client.realms.RealmsAvailability.method_52627(RealmsAvailability.java:48)
	at java.base/java.util.concurrent.CompletableFuture$AsyncSupply.run(CompletableFuture.java:1768)
	at java.base/java.util.concurrent.ThreadPoolExecutor.runWorker(ThreadPoolExecutor.java:1144)
	at java.base/java.util.concurrent.ThreadPoolExecutor$Worker.run(ThreadPoolExecutor.java:642)
	at java.base/java.lang.Thread.run(Thread.java:1583)
[14:53:00] [Render thread/DEBUG] (com.mojang.blaze3d.systems.RenderSystem) Growing IndexBuffer: Old limit 192, new limit 1704.
[14:53:03] [Render thread/DEBUG] (FabricLoader/Mixin) Mixing AccessorGridWidget from mixins.modmenu.json into net.minecraft.client.gui.widget.GridWidget
[14:53:03] [Render thread/DEBUG] (FabricLoader/Mixin) Mixing CreateWorldScreenMixin from fabric-resource-loader-v1.client.mixins.json into net.minecraft.client.gui.screen.world.CreateWorldScreen
[14:53:03] [Render thread/DEBUG] (FabricLoader/Mixin) fabric-resource-loader-v1.client.mixins.json:CreateWorldScreenMixin from mod fabric-resource-loader-v1->@Inject::onScanPacks(Lorg/spongepowered/asm/mixin/injection/callback/CallbackInfoReturnable;)V doesn't use it's CallbackInfoReturnable
[14:53:03] [Render thread/DEBUG] (FabricLoader/Mixin) fabric-resource-loader-v1.client.mixins.json:CreateWorldScreenMixin from mod fabric-resource-loader-v1->@Inject::onScanPacks(Lorg/spongepowered/asm/mixin/injection/callback/CallbackInfoReturnable;)V has 0 override(s) in child classes
[14:53:03] [Render thread/DEBUG] (FabricLoader/Mixin) fabric-resource-loader-v1.client.mixins.json:CreateWorldScreenMixin from mod fabric-resource-loader-v1->@Inject::onScanPacks(Lorg/spongepowered/asm/mixin/injection/callback/CallbackInfoReturnable;)V won't be passed a CallbackInfoReturnable as a result
[14:53:03] [Render thread/DEBUG] (FabricLoader/Mixin) Mixing ReloadableServerResourcesMixin from fabric-tag-api-v1.mixins.json into net.minecraft.server.DataPackContents
[14:53:03] [Render thread/DEBUG] (FabricLoader/Mixin) Mixing ReloadableServerResourcesMixin from fabric-resource-loader-v1.mixins.json into net.minecraft.server.DataPackContents
[14:53:03] [Render thread/DEBUG] (FabricLoader/Mixin) Mixing ReloadableServerResourcesMixin from fabric-lifecycle-events-v1.mixins.json into net.minecraft.server.DataPackContents
[14:53:03] [Render thread/DEBUG] (FabricLoader/Mixin) Mixing ReloadableServerResourcesMixin from fabric-resource-conditions-api-v1.mixins.json into net.minecraft.server.DataPackContents
[14:53:03] [Render thread/DEBUG] (FabricLoader/Mixin) fabric-tag-api-v1.mixins.json:ReloadableServerResourcesMixin from mod fabric-tag-api-v1->@Inject::storeDynamicRegistries(Lnet/minecraft/registry/CombinedDynamicRegistries;Lnet/minecraft/registry/RegistryWrapper$WrapperLookup;Lnet/minecraft/resource/featuretoggle/FeatureSet;Lnet/minecraft/server/command/CommandManager$RegistrationEnvironment;Ljava/util/List;Lnet/minecraft/command/permission/PermissionPredicate;Lorg/spongepowered/asm/mixin/injection/callback/CallbackInfo;)V doesn't use it's CallbackInfo
[14:53:03] [Render thread/DEBUG] (FabricLoader/Mixin) fabric-tag-api-v1.mixins.json:ReloadableServerResourcesMixin from mod fabric-tag-api-v1->@Inject::storeDynamicRegistries(Lnet/minecraft/registry/CombinedDynamicRegistries;Lnet/minecraft/registry/RegistryWrapper$WrapperLookup;Lnet/minecraft/resource/featuretoggle/FeatureSet;Lnet/minecraft/server/command/CommandManager$RegistrationEnvironment;Ljava/util/List;Lnet/minecraft/command/permission/PermissionPredicate;Lorg/spongepowered/asm/mixin/injection/callback/CallbackInfo;)V has 0 override(s) in child classes
[14:53:03] [Render thread/DEBUG] (FabricLoader/Mixin) fabric-tag-api-v1.mixins.json:ReloadableServerResourcesMixin from mod fabric-tag-api-v1->@Inject::storeDynamicRegistries(Lnet/minecraft/registry/CombinedDynamicRegistries;Lnet/minecraft/registry/RegistryWrapper$WrapperLookup;Lnet/minecraft/resource/featuretoggle/FeatureSet;Lnet/minecraft/server/command/CommandManager$RegistrationEnvironment;Ljava/util/List;Lnet/minecraft/command/permission/PermissionPredicate;Lorg/spongepowered/asm/mixin/injection/callback/CallbackInfo;)V won't be passed a CallbackInfo as a result
[14:53:03] [Render thread/DEBUG] (FabricLoader/Mixin) fabric-tag-api-v1.mixins.json:ReloadableServerResourcesMixin from mod fabric-tag-api-v1->@Inject::applyDynamicTagAliases(Lorg/spongepowered/asm/mixin/injection/callback/CallbackInfo;)V doesn't use it's CallbackInfo
[14:53:03] [Render thread/DEBUG] (FabricLoader/Mixin) fabric-tag-api-v1.mixins.json:ReloadableServerResourcesMixin from mod fabric-tag-api-v1->@Inject::applyDynamicTagAliases(Lorg/spongepowered/asm/mixin/injection/callback/CallbackInfo;)V has 0 override(s) in child classes
[14:53:03] [Render thread/DEBUG] (FabricLoader/Mixin) fabric-tag-api-v1.mixins.json:ReloadableServerResourcesMixin from mod fabric-tag-api-v1->@Inject::applyDynamicTagAliases(Lorg/spongepowered/asm/mixin/injection/callback/CallbackInfo;)V won't be passed a CallbackInfo as a result
[14:53:03] [Render thread/DEBUG] (FabricLoader/Mixin) fabric-lifecycle-events-v1.mixins.json:ReloadableServerResourcesMixin from mod fabric-lifecycle-events-v1->@Inject::init(Lnet/minecraft/registry/CombinedDynamicRegistries;Lnet/minecraft/registry/RegistryWrapper$WrapperLookup;Lnet/minecraft/resource/featuretoggle/FeatureSet;Lnet/minecraft/server/command/CommandManager$RegistrationEnvironment;Ljava/util/List;Lnet/minecraft/command/permission/PermissionPredicate;Lorg/spongepowered/asm/mixin/injection/callback/CallbackInfo;)V doesn't use it's CallbackInfo
[14:53:03] [Render thread/DEBUG] (FabricLoader/Mixin) fabric-lifecycle-events-v1.mixins.json:ReloadableServerResourcesMixin from mod fabric-lifecycle-events-v1->@Inject::init(Lnet/minecraft/registry/CombinedDynamicRegistries;Lnet/minecraft/registry/RegistryWrapper$WrapperLookup;Lnet/minecraft/resource/featuretoggle/FeatureSet;Lnet/minecraft/server/command/CommandManager$RegistrationEnvironment;Ljava/util/List;Lnet/minecraft/command/permission/PermissionPredicate;Lorg/spongepowered/asm/mixin/injection/callback/CallbackInfo;)V has 0 override(s) in child classes
[14:53:03] [Render thread/DEBUG] (FabricLoader/Mixin) fabric-lifecycle-events-v1.mixins.json:ReloadableServerResourcesMixin from mod fabric-lifecycle-events-v1->@Inject::init(Lnet/minecraft/registry/CombinedDynamicRegistries;Lnet/minecraft/registry/RegistryWrapper$WrapperLookup;Lnet/minecraft/resource/featuretoggle/FeatureSet;Lnet/minecraft/server/command/CommandManager$RegistrationEnvironment;Ljava/util/List;Lnet/minecraft/command/permission/PermissionPredicate;Lorg/spongepowered/asm/mixin/injection/callback/CallbackInfo;)V won't be passed a CallbackInfo as a result
[14:53:03] [Render thread/DEBUG] (FabricLoader/Mixin) fabric-lifecycle-events-v1.mixins.json:ReloadableServerResourcesMixin from mod fabric-lifecycle-events-v1->@Inject::hookRefresh(Lorg/spongepowered/asm/mixin/injection/callback/CallbackInfo;)V doesn't use it's CallbackInfo
[14:53:03] [Render thread/DEBUG] (FabricLoader/Mixin) fabric-lifecycle-events-v1.mixins.json:ReloadableServerResourcesMixin from mod fabric-lifecycle-events-v1->@Inject::hookRefresh(Lorg/spongepowered/asm/mixin/injection/callback/CallbackInfo;)V has 0 override(s) in child classes
[14:53:03] [Render thread/DEBUG] (FabricLoader/Mixin) fabric-lifecycle-events-v1.mixins.json:ReloadableServerResourcesMixin from mod fabric-lifecycle-events-v1->@Inject::hookRefresh(Lorg/spongepowered/asm/mixin/injection/callback/CallbackInfo;)V won't be passed a CallbackInfo as a result
[14:53:03] [Render thread/DEBUG] (FabricLoader/Mixin) fabric-resource-conditions-api-v1.mixins.json:ReloadableServerResourcesMixin from mod fabric-resource-conditions-api-v1->@Inject::hookReload(Lnet/minecraft/resource/ResourceManager;Lnet/minecraft/registry/CombinedDynamicRegistries;Ljava/util/List;Lnet/minecraft/resource/featuretoggle/FeatureSet;Lnet/minecraft/server/command/CommandManager$RegistrationEnvironment;Lnet/minecraft/command/permission/PermissionPredicate;Ljava/util/concurrent/Executor;Ljava/util/concurrent/Executor;Lorg/spongepowered/asm/mixin/injection/callback/CallbackInfoReturnable;)V doesn't use it's CallbackInfoReturnable
[14:53:03] [Render thread/DEBUG] (FabricLoader/Mixin) Mixing WorldLoaderMixin from fabric-registry-sync-v0.mixins.json into net.minecraft.server.SaveLoading
[14:53:03] [Render thread/DEBUG] (FabricLoader/Mixin) Mixing ServerPlayerGameModeMixin from fabric-events-interaction-v0.mixins.json into net.minecraft.server.network.ServerPlayerInteractionManager
[14:53:03] [Render thread/DEBUG] (FabricLoader/Mixin) fabric-events-interaction-v0.mixins.json:ServerPlayerGameModeMixin from mod fabric-events-interaction-v0->@Inject::startBlockBreak(Lnet/minecraft/util/math/BlockPos;Lnet/minecraft/network/packet/c2s/play/PlayerActionC2SPacket$Action;Lnet/minecraft/util/math/Direction;IILorg/spongepowered/asm/mixin/injection/callback/CallbackInfo;)V does use it's CallbackInfo
[14:53:03] [Render thread/DEBUG] (FabricLoader/Mixin) fabric-events-interaction-v0.mixins.json:ServerPlayerGameModeMixin from mod fabric-events-interaction-v0->@Inject::interactBlock(Lnet/minecraft/server/network/ServerPlayerEntity;Lnet/minecraft/world/World;Lnet/minecraft/item/ItemStack;Lnet/minecraft/util/Hand;Lnet/minecraft/util/hit/BlockHitResult;Lorg/spongepowered/asm/mixin/injection/callback/CallbackInfoReturnable;)V does use it's CallbackInfoReturnable
[14:53:03] [Render thread/DEBUG] (FabricLoader/Mixin) fabric-events-interaction-v0.mixins.json:ServerPlayerGameModeMixin from mod fabric-events-interaction-v0->@Inject::interactItem(Lnet/minecraft/server/network/ServerPlayerEntity;Lnet/minecraft/world/World;Lnet/minecraft/item/ItemStack;Lnet/minecraft/util/Hand;Lorg/spongepowered/asm/mixin/injection/callback/CallbackInfoReturnable;)V does use it's CallbackInfoReturnable
[14:53:03] [Render thread/DEBUG] (FabricLoader/Mixin) fabric-events-interaction-v0.mixins.json:ServerPlayerGameModeMixin from mod fabric-events-interaction-v0->@Inject::breakBlock(Lnet/minecraft/util/math/BlockPos;Lorg/spongepowered/asm/mixin/injection/callback/CallbackInfoReturnable;)V does use it's CallbackInfoReturnable
[14:53:03] [Render thread/DEBUG] (FabricLoader/Mixin) fabric-events-interaction-v0.mixins.json:ServerPlayerGameModeMixin from mod fabric-events-interaction-v0->@Inject::onBlockBroken(Lnet/minecraft/util/math/BlockPos;Lorg/spongepowered/asm/mixin/injection/callback/CallbackInfoReturnable;)V doesn't use it's CallbackInfoReturnable
[14:53:03] [Render thread/DEBUG] (FabricLoader/Mixin) fabric-events-interaction-v0.mixins.json:ServerPlayerGameModeMixin from mod fabric-events-interaction-v0->@Inject::onBlockBroken(Lnet/minecraft/util/math/BlockPos;Lorg/spongepowered/asm/mixin/injection/callback/CallbackInfoReturnable;)V has 0 override(s) in child classes
[14:53:03] [Render thread/DEBUG] (FabricLoader/Mixin) fabric-events-interaction-v0.mixins.json:ServerPlayerGameModeMixin from mod fabric-events-interaction-v0->@Inject::onBlockBroken(Lnet/minecraft/util/math/BlockPos;Lorg/spongepowered/asm/mixin/injection/callback/CallbackInfoReturnable;)V won't be passed a CallbackInfoReturnable as a result
[14:53:03] [Render thread/DEBUG] (net.fabricmc.fabric.impl.resource.pack.ModPackResourcesUtil) [Fabric] Starting internal pack sorting with: [fabric-convention-tags-v2, fabric-gametest-api-v1, simplebuilding]
[14:53:03] [Render thread/DEBUG] (net.fabricmc.fabric.impl.resource.pack.ModPackResourcesUtil) [Fabric] Removed all internal packs, result: []
[14:53:03] [Render thread/DEBUG] (net.fabricmc.fabric.impl.resource.pack.ModPackResourcesUtil) [Fabric] Final sorting result: []
[14:53:03] [Render thread/DEBUG] (net.fabricmc.fabric.impl.resource.pack.ModPackResourcesUtil) [Fabric] Starting internal pack sorting with: [vanilla, fabric-convention-tags-v2, fabric-gametest-api-v1, simplebuilding]
[14:53:03] [Render thread/DEBUG] (net.fabricmc.fabric.impl.resource.pack.ModPackResourcesUtil) [Fabric] Removed all internal packs, result: [vanilla]
[14:53:03] [Render thread/DEBUG] (net.fabricmc.fabric.impl.resource.pack.ModPackResourcesUtil) [Fabric] cur @ vanilla, auto-enabled fabric-convention-tags-v2, currently enabled: [vanilla, fabric-convention-tags-v2]
[14:53:03] [Render thread/DEBUG] (net.fabricmc.fabric.impl.resource.pack.ModPackResourcesUtil) [Fabric] cur @ vanilla, auto-enabled fabric-gametest-api-v1, currently enabled: [vanilla, fabric-convention-tags-v2, fabric-gametest-api-v1]
[14:53:03] [Render thread/DEBUG] (net.fabricmc.fabric.impl.resource.pack.ModPackResourcesUtil) [Fabric] cur @ vanilla, auto-enabled simplebuilding, currently enabled: [vanilla, fabric-convention-tags-v2, fabric-gametest-api-v1, simplebuilding]
[14:53:03] [Render thread/DEBUG] (net.fabricmc.fabric.impl.resource.pack.ModPackResourcesUtil) [Fabric] Final sorting result: [vanilla, fabric-convention-tags-v2, fabric-gametest-api-v1, simplebuilding]
[14:53:03] [Render thread/DEBUG] (FabricLoader/Mixin) Mixing SimpleRegistry2Mixin from fabric-tag-api-v1.mixins.json into net.minecraft.registry.SimpleRegistry$2
[14:53:03] [Render thread/DEBUG] (FabricLoader/Mixin) Mixing SimpleRegistry3Mixin from fabric-tag-api-v1.mixins.json into net.minecraft.registry.SimpleRegistry$3
[14:53:03] [Render thread/DEBUG] (FabricLoader/Mixin) fabric-tag-api-v1.mixins.json:SimpleRegistry3Mixin from mod fabric-tag-api-v1->@Inject::applyTagAliases(Lorg/spongepowered/asm/mixin/injection/callback/CallbackInfo;)V doesn't use it's CallbackInfo
[14:53:03] [Render thread/DEBUG] (FabricLoader/Mixin) fabric-tag-api-v1.mixins.json:SimpleRegistry3Mixin from mod fabric-tag-api-v1->@Inject::applyTagAliases(Lorg/spongepowered/asm/mixin/injection/callback/CallbackInfo;)V has 0 override(s) in child classes
[14:53:03] [Render thread/DEBUG] (FabricLoader/Mixin) fabric-tag-api-v1.mixins.json:SimpleRegistry3Mixin from mod fabric-tag-api-v1->@Inject::applyTagAliases(Lorg/spongepowered/asm/mixin/injection/callback/CallbackInfo;)V won't be passed a CallbackInfo as a result
[14:53:03] [Render thread/DEBUG] (FabricLoader/Mixin) Mixing RegistryDataLoaderMixin from fabric-gametest-api-v1.mixins.json into net.minecraft.registry.RegistryLoader
[14:53:03] [Render thread/DEBUG] (FabricLoader/Mixin) Renaming synthetic method lambda$loadFromResources$0(Lnet/minecraft/registry/RegistryLoader$Entry;)Z to md66d4ed$fabric-gametest-api-v1$lambda$loadFromResources$0$0 in fabric-gametest-api-v1.mixins.json:RegistryDataLoaderMixin from mod fabric-gametest-api-v1
[14:53:03] [Render thread/DEBUG] (FabricLoader/Mixin) Mixing RegistryDataLoaderMixin from fabric-item-api-v1.mixins.json into net.minecraft.registry.RegistryLoader
[14:53:03] [Render thread/DEBUG] (FabricLoader/Mixin) Mixing RegistryDataLoaderMixin from fabric-registry-sync-v0.mixins.json into net.minecraft.registry.RegistryLoader
[14:53:03] [Render thread/DEBUG] (FabricLoader/Mixin) Renaming synthetic method lambda$static$0()Ljava/lang/Boolean; to md66d4ed$fabric-registry-sync-v0$lambda$static$0$1 in fabric-registry-sync-v0.mixins.json:RegistryDataLoaderMixin from mod fabric-registry-sync-v0
[14:53:03] [Render thread/DEBUG] (FabricLoader/Mixin) Mixing RegistryDataLoaderMixin from fabric-resource-conditions-api-v1.mixins.json into net.minecraft.registry.RegistryLoader
[14:53:03] [Render thread/DEBUG] (FabricLoader/Mixin) fabric-gametest-api-v1.mixins.json:RegistryDataLoaderMixin from mod fabric-gametest-api-v1->@Inject::loadFromResources(Lnet/minecraft/resource/ResourceManager;Ljava/util/List;Ljava/util/List;Lorg/spongepowered/asm/mixin/injection/callback/CallbackInfoReturnable;)V doesn't use it's CallbackInfoReturnable
[14:53:03] [Render thread/DEBUG] (FabricLoader/Mixin) fabric-gametest-api-v1.mixins.json:RegistryDataLoaderMixin from mod fabric-gametest-api-v1->@Inject::beforeFreeze(Ljava/lang/Object;Ljava/util/List;Ljava/util/List;Lorg/spongepowered/asm/mixin/injection/callback/CallbackInfoReturnable;)V doesn't use it's CallbackInfoReturnable
[14:53:03] [Render thread/DEBUG] (FabricLoader/Mixin) fabric-registry-sync-v0.mixins.json:RegistryDataLoaderMixin from mod fabric-registry-sync-v0->@Inject::beforeLoad(Ljava/lang/Object;Ljava/util/List;Ljava/util/List;Lorg/spongepowered/asm/mixin/injection/callback/CallbackInfoReturnable;)V doesn't use it's CallbackInfoReturnable
[14:53:03] [Render thread/DEBUG] (FabricLoader/Mixin) fabric-resource-conditions-api-v1.mixins.json:RegistryDataLoaderMixin from mod fabric-resource-conditions-api-v1->@Inject::captureRegistries(Lnet/minecraft/resource/ResourceManager;Lnet/minecraft/registry/RegistryOps$RegistryInfoGetter;Lnet/minecraft/registry/MutableRegistry;Lcom/mojang/serialization/Decoder;Ljava/util/Map;Lorg/spongepowered/asm/mixin/injection/callback/CallbackInfo;)V doesn't use it's CallbackInfo
[14:53:03] [Render thread/DEBUG] (FabricLoader/Mixin) fabric-resource-conditions-api-v1.mixins.json:RegistryDataLoaderMixin from mod fabric-resource-conditions-api-v1->@Inject::releaseRegistries(Lnet/minecraft/resource/ResourceManager;Lnet/minecraft/registry/RegistryOps$RegistryInfoGetter;Lnet/minecraft/registry/MutableRegistry;Lcom/mojang/serialization/Decoder;Ljava/util/Map;Lorg/spongepowered/asm/mixin/injection/callback/CallbackInfo;)V doesn't use it's CallbackInfo
[14:53:03] [Render thread/DEBUG] (FabricLoader/Mixin) fabric-resource-conditions-api-v1.mixins.json:RegistryDataLoaderMixin from mod fabric-resource-conditions-api-v1->@Inject::checkResourceCondition(Lnet/minecraft/registry/MutableRegistry;Lcom/mojang/serialization/Decoder;Lnet/minecraft/registry/RegistryOps;Lnet/minecraft/registry/RegistryKey;Lnet/minecraft/resource/Resource;Lnet/minecraft/registry/entry/RegistryEntryInfo;Lorg/spongepowered/asm/mixin/injection/callback/CallbackInfo;)V does use it's CallbackInfo
[14:53:04] [Render thread/DEBUG] (FabricLoader/Mixin) Mixing EnchantmentBuilderAccessor from fabric-item-api-v1.mixins.json into net.minecraft.enchantment.Enchantment$Builder
[14:53:04] [Render thread/DEBUG] (FabricLoader/Mixin) Mixing EnchantmentBuilderMixin from fabric-item-api-v1.mixins.json into net.minecraft.enchantment.Enchantment$Builder
[14:53:04] [Render thread/DEBUG] (FabricLoader/Mixin) fabric-item-api-v1.mixins.json:EnchantmentBuilderMixin from mod fabric-item-api-v1->@Inject::markModified(Lorg/spongepowered/asm/mixin/injection/callback/CallbackInfoReturnable;)V does use it's CallbackInfo
[14:53:04] [Render thread/DEBUG] (FabricLoader/Mixin) fabric-item-api-v1.mixins.json:EnchantmentBuilderMixin from mod fabric-item-api-v1->@Inject::markModified(Lorg/spongepowered/asm/mixin/injection/callback/CallbackInfoReturnable;)V does use it's CallbackInfoReturnable
[14:53:04] [Render thread/DEBUG] (FabricLoader/Mixin) fabric-item-api-v1.mixins.json:EnchantmentBuilderMixin from mod fabric-item-api-v1->@Inject::markModified(Lorg/spongepowered/asm/mixin/injection/callback/CallbackInfoReturnable;)V does use it's CallbackInfoReturnable
[14:53:04] [Render thread/DEBUG] (FabricLoader/Mixin) fabric-item-api-v1.mixins.json:EnchantmentBuilderMixin from mod fabric-item-api-v1->@Inject::markModified(Lorg/spongepowered/asm/mixin/injection/callback/CallbackInfoReturnable;)V does use it's CallbackInfoReturnable
[14:53:04] [Render thread/DEBUG] (FabricLoader/Mixin) fabric-item-api-v1.mixins.json:EnchantmentBuilderMixin from mod fabric-item-api-v1->@Inject::markModified(Lorg/spongepowered/asm/mixin/injection/callback/CallbackInfoReturnable;)V does use it's CallbackInfoReturnable
[14:53:04] [Render thread/DEBUG] (FabricLoader/Mixin) fabric-item-api-v1.mixins.json:EnchantmentBuilderMixin from mod fabric-item-api-v1->@Inject::markModified(Lorg/spongepowered/asm/mixin/injection/callback/CallbackInfoReturnable;)V does use it's CallbackInfoReturnable
[14:53:04] [Render thread/DEBUG] (FabricLoader/Mixin) fabric-item-api-v1.mixins.json:EnchantmentBuilderMixin from mod fabric-item-api-v1->@Inject::markModified(Lorg/spongepowered/asm/mixin/injection/callback/CallbackInfoReturnable;)V does use it's CallbackInfoReturnable
[14:53:04] [Render thread/DEBUG] (FabricLoader/Mixin) fabric-item-api-v1.mixins.json:EnchantmentBuilderMixin from mod fabric-item-api-v1->@Inject::markModified(Lorg/spongepowered/asm/mixin/injection/callback/CallbackInfoReturnable;)V does use it's CallbackInfoReturnable
[14:53:04] [Render thread/DEBUG] (FabricLoader/Mixin) fabric-item-api-v1.mixins.json:EnchantmentBuilderMixin from mod fabric-item-api-v1->@Inject::markModified(Lorg/spongepowered/asm/mixin/injection/callback/CallbackInfoReturnable;)V does use it's CallbackInfoReturnable
[14:53:04] [Render thread/DEBUG] (FabricLoader/Mixin) fabric-item-api-v1.mixins.json:EnchantmentBuilderMixin from mod fabric-item-api-v1->@Inject::markModified(Lorg/spongepowered/asm/mixin/injection/callback/CallbackInfoReturnable;)V does use it's CallbackInfoReturnable
[14:53:04] [Render thread/DEBUG] (FabricLoader/Mixin) fabric-item-api-v1.mixins.json:EnchantmentBuilderMixin from mod fabric-item-api-v1->@Inject::markModified(Lorg/spongepowered/asm/mixin/injection/callback/CallbackInfoReturnable;)V does use it's CallbackInfoReturnable
[14:53:04] [Render thread/DEBUG] (FabricLoader/Mixin) fabric-item-api-v1.mixins.json:EnchantmentBuilderMixin from mod fabric-item-api-v1->@Inject::markModified(Lorg/spongepowered/asm/mixin/injection/callback/CallbackInfoReturnable;)V does use it's CallbackInfoReturnable
[14:53:04] [Render thread/DEBUG] (FabricLoader/Mixin) Mixing WorldDimensionsMixin from fabric-dimensions-v1.mixins.json into net.minecraft.world.dimension.DimensionOptionsRegistryHolder
[14:53:04] [Render thread/DEBUG] (FabricLoader/Mixin) Mixing ReloadableServerRegistriesMixin from fabric-loot-api-v3.mixins.json into net.minecraft.registry.ReloadableRegistries
[14:53:04] [Render thread/DEBUG] (FabricLoader/Mixin) Renaming synthetic method lambda$onLootTablesLoaded$2(Lnet/minecraft/registry/entry/RegistryEntry$Reference;)V to md66d4ed$fabric-loot-api-v3$lambda$onLootTablesLoaded$2$0 in fabric-loot-api-v3.mixins.json:ReloadableServerRegistriesMixin from mod fabric-loot-api-v3
[14:53:04] [Render thread/DEBUG] (FabricLoader/Mixin) Renaming synthetic method lambda$modifyLootTable$1(Lnet/minecraft/registry/RegistryOps;Lnet/minecraft/util/Identifier;Ljava/lang/Object;)Ljava/lang/Object; to md66d4ed$fabric-loot-api-v3$lambda$modifyLootTable$1$1 in fabric-loot-api-v3.mixins.json:ReloadableServerRegistriesMixin from mod fabric-loot-api-v3
[14:53:04] [Render thread/DEBUG] (FabricLoader/Mixin) Renaming synthetic method lambda$removeOps$0(Lnet/minecraft/registry/RegistryOps;Ljava/util/List;)Ljava/util/List; to md66d4ed$fabric-loot-api-v3$lambda$removeOps$0$2 in fabric-loot-api-v3.mixins.json:ReloadableServerRegistriesMixin from mod fabric-loot-api-v3
[14:53:04] [Render thread/DEBUG] (FabricLoader/Mixin) fabric-loot-api-v3.mixins.json:ReloadableServerRegistriesMixin from mod fabric-loot-api-v3->@Inject::modifyLootTable(Lnet/minecraft/loot/LootDataType;Lnet/minecraft/resource/ResourceManager;Lnet/minecraft/registry/RegistryOps;Lorg/spongepowered/asm/mixin/injection/callback/CallbackInfoReturnable;)V doesn't use it's CallbackInfoReturnable
[14:53:04] [Render thread/DEBUG] (FabricLoader/Mixin) fabric-loot-api-v3.mixins.json:ReloadableServerRegistriesMixin from mod fabric-loot-api-v3->@Inject::onLootTablesLoaded(Lnet/minecraft/loot/LootDataType;Lnet/minecraft/resource/ResourceManager;Lnet/minecraft/registry/RegistryOps;Lorg/spongepowered/asm/mixin/injection/callback/CallbackInfoReturnable;)V does use it's CallbackInfoReturnable
[14:53:04] [Worker-Main-2/DEBUG] (FabricLoader/Mixin) Mixing LootPoolAccessor from fabric-loot-api-v3.mixins.json into net.minecraft.loot.LootPool
[14:53:04] [Worker-Main-2/DEBUG] (FabricLoader/Mixin) Mixing LootPoolBuilderMixin from fabric-loot-api-v2.mixins.json into net.minecraft.loot.LootPool$Builder
[14:53:04] [Worker-Main-2/DEBUG] (FabricLoader/Mixin) Mixing LootPoolBuilderMixin from fabric-loot-api-v3.mixins.json into net.minecraft.loot.LootPool$Builder
[14:53:04] [Worker-Main-2/DEBUG] (FabricLoader/Mixin) Mixing RecipeManagerMixin from fabric-recipe-api-v1.mixins.json into net.minecraft.recipe.ServerRecipeManager
[14:53:04] [Worker-Main-2/DEBUG] (FabricLoader/Mixin) Mixing sync.RecipeManagerAccessor from fabric-recipe-api-v1.mixins.json into net.minecraft.recipe.ServerRecipeManager
[14:53:04] [Worker-Main-2/DEBUG] (FabricLoader/Mixin) Mixing KeyedResourceReloaderMixin from fabric-resource-loader-v1.mixins.json into net.minecraft.recipe.ServerRecipeManager
[14:53:04] [Worker-Main-2/DEBUG] (FabricLoader/Mixin) fabric-recipe-api-v1.mixins.json:RecipeManagerMixin from mod fabric-recipe-api-v1->@Inject::updateSynchronizedRecipes(Lnet/minecraft/recipe/PreparedRecipes;Lnet/minecraft/resource/ResourceManager;Lnet/minecraft/util/profiler/Profiler;Lorg/spongepowered/asm/mixin/injection/callback/CallbackInfo;)V doesn't use it's CallbackInfo
[14:53:04] [Worker-Main-2/DEBUG] (FabricLoader/Mixin) fabric-recipe-api-v1.mixins.json:RecipeManagerMixin from mod fabric-recipe-api-v1->@Inject::updateSynchronizedRecipes(Lnet/minecraft/recipe/PreparedRecipes;Lnet/minecraft/resource/ResourceManager;Lnet/minecraft/util/profiler/Profiler;Lorg/spongepowered/asm/mixin/injection/callback/CallbackInfo;)V has 0 override(s) in child classes
[14:53:04] [Worker-Main-2/DEBUG] (FabricLoader/Mixin) fabric-recipe-api-v1.mixins.json:RecipeManagerMixin from mod fabric-recipe-api-v1->@Inject::updateSynchronizedRecipes(Lnet/minecraft/recipe/PreparedRecipes;Lnet/minecraft/resource/ResourceManager;Lnet/minecraft/util/profiler/Profiler;Lorg/spongepowered/asm/mixin/injection/callback/CallbackInfo;)V won't be passed a CallbackInfo as a result
[14:53:04] [Worker-Main-2/DEBUG] (FabricLoader/Mixin) Mixing RecipeAccessMixin from fabric-recipe-api-v1.mixins.json into net.minecraft.recipe.RecipeManager
[14:53:04] [Worker-Main-2/DEBUG] (FabricLoader/Mixin) Mixing sync.RecipeMapMixin from fabric-recipe-api-v1.mixins.json into net.minecraft.recipe.PreparedRecipes
[14:53:04] [Worker-Main-2/DEBUG] (FabricLoader/Mixin) fabric-recipe-api-v1.mixins.json:sync.RecipeMapMixin from mod fabric-recipe-api-v1->@Inject::provideSerializerMap(Ljava/lang/Iterable;Lorg/spongepowered/asm/mixin/injection/callback/CallbackInfoReturnable;)V doesn't use it's CallbackInfoReturnable
[14:53:04] [Worker-Main-2/DEBUG] (FabricLoader/Mixin) fabric-recipe-api-v1.mixins.json:sync.RecipeMapMixin from mod fabric-recipe-api-v1->@Inject::fillSerializerMap(Ljava/lang/Iterable;Lorg/spongepowered/asm/mixin/injection/callback/CallbackInfoReturnable;)V doesn't use it's CallbackInfoReturnable
[14:53:04] [Worker-Main-2/DEBUG] (FabricLoader/Mixin) Mixing CommandsMixin from fabric-command-api-v2.mixins.json into net.minecraft.server.command.CommandManager
[14:53:04] [Worker-Main-2/DEBUG] (FabricLoader/Mixin) Mixing CommandsMixin from fabric-networking-api-v1.mixins.json into net.minecraft.server.command.CommandManager
[14:53:04] [Worker-Main-2/DEBUG] (FabricLoader/Mixin) fabric-command-api-v2.mixins.json:CommandsMixin from mod fabric-command-api-v2->@Inject::fabric_addCommands(Lnet/minecraft/server/command/CommandManager$RegistrationEnvironment;Lnet/minecraft/command/CommandRegistryAccess;Lorg/spongepowered/asm/mixin/injection/callback/CallbackInfo;)V doesn't use it's CallbackInfo
[14:53:04] [Worker-Main-2/DEBUG] (FabricLoader/Mixin) fabric-command-api-v2.mixins.json:CommandsMixin from mod fabric-command-api-v2->@Inject::fabric_addCommands(Lnet/minecraft/server/command/CommandManager$RegistrationEnvironment;Lnet/minecraft/command/CommandRegistryAccess;Lorg/spongepowered/asm/mixin/injection/callback/CallbackInfo;)V has 0 override(s) in child classes
[14:53:04] [Worker-Main-2/DEBUG] (FabricLoader/Mixin) fabric-command-api-v2.mixins.json:CommandsMixin from mod fabric-command-api-v2->@Inject::fabric_addCommands(Lnet/minecraft/server/command/CommandManager$RegistrationEnvironment;Lnet/minecraft/command/CommandRegistryAccess;Lorg/spongepowered/asm/mixin/injection/callback/CallbackInfo;)V won't be passed a CallbackInfo as a result
[14:53:04] [Worker-Main-2/DEBUG] (FabricLoader/Mixin) fabric-networking-api-v1.mixins.json:CommandsMixin from mod fabric-networking-api-v1->@Inject::init(Lnet/minecraft/server/command/CommandManager$RegistrationEnvironment;Lnet/minecraft/command/CommandRegistryAccess;Lorg/spongepowered/asm/mixin/injection/callback/CallbackInfo;)V doesn't use it's CallbackInfo
[14:53:04] [Worker-Main-2/DEBUG] (FabricLoader/Mixin) fabric-networking-api-v1.mixins.json:CommandsMixin from mod fabric-networking-api-v1->@Inject::init(Lnet/minecraft/server/command/CommandManager$RegistrationEnvironment;Lnet/minecraft/command/CommandRegistryAccess;Lorg/spongepowered/asm/mixin/injection/callback/CallbackInfo;)V has 0 override(s) in child classes
[14:53:04] [Worker-Main-2/DEBUG] (FabricLoader/Mixin) fabric-networking-api-v1.mixins.json:CommandsMixin from mod fabric-networking-api-v1->@Inject::init(Lnet/minecraft/server/command/CommandManager$RegistrationEnvironment;Lnet/minecraft/command/CommandRegistryAccess;Lorg/spongepowered/asm/mixin/injection/callback/CallbackInfo;)V won't be passed a CallbackInfo as a result
[14:53:04] [Worker-Main-2/DEBUG] (FabricLoader/Mixin) Mixing DataPackCommandMixin from fabric-resource-loader-v1.mixins.json into net.minecraft.server.command.DatapackCommand
[14:53:04] [Worker-Main-2/DEBUG] (FabricLoader/Mixin) Renaming synthetic method lambda$filterDisabledPackSuggestions$2(Lnet/minecraft/resource/ResourcePackProfile;)Z to md66d4ed$fabric-resource-loader-v1$lambda$filterDisabledPackSuggestions$2$0 in fabric-resource-loader-v1.mixins.json:DataPackCommandMixin from mod fabric-resource-loader-v1
[14:53:04] [Worker-Main-2/DEBUG] (FabricLoader/Mixin) Renaming synthetic method lambda$filterEnabledPackSuggestions$1(Lnet/minecraft/resource/ResourcePackProfile;)Z to md66d4ed$fabric-resource-loader-v1$lambda$filterEnabledPackSuggestions$1$1 in fabric-resource-loader-v1.mixins.json:DataPackCommandMixin from mod fabric-resource-loader-v1
[14:53:04] [Worker-Main-2/DEBUG] (FabricLoader/Mixin) Renaming synthetic method lambda$static$0(Ljava/lang/Object;)Lcom/mojang/brigadier/Message; to md66d4ed$fabric-resource-loader-v1$lambda$static$0$2 in fabric-resource-loader-v1.mixins.json:DataPackCommandMixin from mod fabric-resource-loader-v1
[14:53:04] [Worker-Main-2/DEBUG] (FabricLoader/Mixin) fabric-resource-loader-v1.mixins.json:DataPackCommandMixin from mod fabric-resource-loader-v1->@Inject::errorOnInternalPack(Lcom/mojang/brigadier/context/CommandContext;Ljava/lang/String;ZLorg/spongepowered/asm/mixin/injection/callback/CallbackInfoReturnable;)V doesn't use it's CallbackInfoReturnable
[14:53:04] [Worker-Main-2/DEBUG] (FabricLoader/Mixin) Mixing EnchantCommandMixin from fabric-item-api-v1.mixins.json into net.minecraft.server.command.EnchantCommand
[14:53:04] [Worker-Main-2/DEBUG] (FabricLoader/Mixin) Mixing GameRuleCommandAccessor from fabric-game-rule-api-v1.mixins.json into net.minecraft.server.command.GameRuleCommand
[14:53:04] [Worker-Main-2/DEBUG] (FabricLoader/Mixin) Renaming @Invoker method invokeExecuteQuery(Lnet/minecraft/server/command/ServerCommandSource;Lnet/minecraft/world/rule/GameRule;)I to invokeExecuteQuery$fabric-game-rule-api-v1_$md$66d4ed$0 in fabric-game-rule-api-v1.mixins.json:GameRuleCommandAccessor from mod fabric-game-rule-api-v1
[14:53:04] [Worker-Main-2/DEBUG] (FabricLoader/Mixin) Mixing GameRuleCommandVisitorMixin from fabric-game-rule-api-v1.mixins.json into net.minecraft.server.command.GameRuleCommand$1
[14:53:04] [Worker-Main-2/DEBUG] (FabricLoader/Mixin) fabric-game-rule-api-v1.mixins.json:GameRuleCommandVisitorMixin from mod fabric-game-rule-api-v1->@Inject::onRegisterCommand(Lnet/minecraft/world/rule/GameRule;Lorg/spongepowered/asm/mixin/injection/callback/CallbackInfo;)V does use it's CallbackInfo
[14:53:04] [Worker-Main-2/DEBUG] (FabricLoader/Mixin) Mixing HelpCommandAccessor from fabric-command-api-v2.mixins.json into net.minecraft.server.command.HelpCommand
[14:53:04] [Worker-Main-2/DEBUG] (FabricLoader/Mixin) Renaming @Accessor method getFailedException()Lcom/mojang/brigadier/exceptions/SimpleCommandExceptionType; to getFailedException$fabric-command-api-v2_$md$66d4ed$0 in fabric-command-api-v2.mixins.json:HelpCommandAccessor from mod fabric-command-api-v2
[14:53:04] [Worker-Main-2/DEBUG] (FabricLoader/Mixin) Mixing KeyedResourceReloaderMixin from fabric-resource-loader-v1.mixins.json into net.minecraft.server.ServerAdvancementLoader
[14:53:04] [Worker-Main-2/DEBUG] (FabricLoader/Mixin) Mixing KeyedResourceReloaderMixin from fabric-resource-loader-v1.mixins.json into net.minecraft.server.function.FunctionLoader
[14:53:05] [Render thread/INFO] (net.minecraft.recipe.ServerRecipeManager) Loaded 1604 recipes
[14:53:05] [Render thread/INFO] (net.minecraft.advancement.AdvancementManager) Loaded 1718 advancements
[14:53:05] [Render thread/DEBUG] (FabricLoader/Mixin) Mixing EditGameRulesScreenAccessor from fabric-game-rule-api-v1.client.mixins.json into net.minecraft.client.gui.screen.world.EditGameRulesScreen
[14:53:54] [Render thread/DEBUG] (com.mojang.blaze3d.systems.RenderSystem) Growing IndexBuffer: Old limit 1704, new limit 5640.
[14:53:57] [Render thread/INFO] (net.minecraft.client.MinecraftClient) Stopping!
